Table_Title,Page,ARV_Drug,Other_Drug,Interaction_Effect,Recommendations,Additional_Details
Table 30: Inhaled and Injected Corticosteroids,1,Inhaled and Injected Corticosteroids,,,,"Updates, Authorship, and Related Resources: Date of current publication | None_2: October 7, 2025"
Table 30: Inhaled and Injected Corticosteroids,1,Inhaled and Injected Corticosteroids,,,,"Updates, Authorship, and Related Resources: Highlights of changes, | None_2: • Identifying Drug-Drug Interactions > Risks of Concomitant Drug Use section: Updated"
Table 30: Inhaled and Injected Corticosteroids,1,Inhaled and Injected Corticosteroids,,,,"Updates, Authorship, and Related Resources: additions, and updates in | None_2: discussion of potent inducers"
Table 30: Inhaled and Injected Corticosteroids,1,Inhaled and Injected Corticosteroids,,,,"Updates, Authorship, and Related Resources: the October 7, 2025 | None_2: discussion of potent inducers"
Table 30: Inhaled and Injected Corticosteroids,1,Inhaled and Injected Corticosteroids,,,,"Updates, Authorship, and Related Resources: the October 7, 2025 | None_2: • Drug-Drug Interactions by Antiviral Medication Class section: Updated information on"
Table 30: Inhaled and Injected Corticosteroids,1,Inhaled and Injected Corticosteroids,,,,"Updates, Authorship, and Related Resources: edition | None_2: • Drug-Drug Interactions by Antiviral Medication Class section: Updated information on"
Table 30: Inhaled and Injected Corticosteroids,1,Inhaled and Injected Corticosteroids,,,,"Updates, Authorship, and Related Resources: edition | None_2: lenacapavir (LEN) interactions to specify when used for HIV treatment (see Table 19A) and"
Table 30: Inhaled and Injected Corticosteroids,1,Inhaled and Injected Corticosteroids,,,,"Updates, Authorship, and Related Resources: edition | None_2: when used for HIV prevention (see Table 19B)"
Table 30: Inhaled and Injected Corticosteroids,1,Inhaled and Injected Corticosteroids,,,,"Updates, Authorship, and Related Resources: edition | None_2: • Drug-Drug Interactions by Common Medication Class section: Updated the following"
Table 30: Inhaled and Injected Corticosteroids,1,Inhaled and Injected Corticosteroids,,,,"Updates, Authorship, and Related Resources: edition | None_2: tables with information on LEN interactions when used for HIV prevention:"
Table 30: Inhaled and Injected Corticosteroids,1,Inhaled and Injected Corticosteroids,,,,"Updates, Authorship, and Related Resources: edition | None_2: ‒ Table 30: Inhaled and Injected Corticosteroids"
Table 30: Inhaled and Injected Corticosteroids,1,Inhaled and Injected Corticosteroids,,,,"Updates, Authorship, and Related Resources: edition | None_2: ‒ Table 35: Anticonvulsants"
Table 30: Inhaled and Injected Corticosteroids,1,Inhaled and Injected Corticosteroids,,,,"Updates, Authorship, and Related Resources: edition | None_2: ‒ Table 45: Rifamycins and Other Antituberculosis Medications"
Table 30: Inhaled and Injected Corticosteroids,1,Inhaled and Injected Corticosteroids,,,,"Updates, Authorship, and Related Resources: edition | None_2: Clinicians who prescribe and manage antiretroviral therapy for the prevention and"
Table 30: Inhaled and Injected Corticosteroids,1,Inhaled and Injected Corticosteroids,,,,"Updates, Authorship, and Related Resources: edition | None_2: treatment of HIV"
Table 30: Inhaled and Injected Corticosteroids,1,Inhaled and Injected Corticosteroids,,,,"Updates, Authorship, and Related Resources: Lead author | None_2: John J. Faragon, PharmD, BCPS, AAHIVP"
Table 30: Inhaled and Injected Corticosteroids,1,Inhaled and Injected Corticosteroids,,,,"Updates, Authorship, and Related Resources: Writing group | None_2: Rona M. Vail, MD, AAHIVS; Sanjiv S. Shah, MD, MPH, AAHIVS; Steven M. Fine, MD, PhD;"
Table 30: Inhaled and Injected Corticosteroids,1,Inhaled and Injected Corticosteroids,,,,"Updates, Authorship, and Related Resources: Writing group | None_2: Joseph P. McGowan, MD, FACP, FIDSA, AAHIVS; Samuel T. Merrick, MD, FIDSA; Asa E. Radix,"
Table 30: Inhaled and Injected Corticosteroids,1,Inhaled and Injected Corticosteroids,,,,"Updates, Authorship, and Related Resources: Writing group | None_2: MD, MPH, PhD, FACP, AAHIVS; Jessica Rodrigues, MPH, MS; Christopher J. Hoffmann, MD,"
Table 30: Inhaled and Injected Corticosteroids,1,Inhaled and Injected Corticosteroids,,,,"Updates, Authorship, and Related Resources: Writing group | None_2: MPH, MSc, FACP; Brianna L. Norton, DO, MPH; Charles J. Gonzalez, MD"
Table 30: Inhaled and Injected Corticosteroids,1,Inhaled and Injected Corticosteroids,,,,"Updates, Authorship, and Related Resources: Author and writing group | None_1: There are no author or writing group conflict of interest disclosures. | None_2: There are no author or writing group conflict of interest disclosures."
Table 30: Inhaled and Injected Corticosteroids,1,Inhaled and Injected Corticosteroids,,,,"Updates, Authorship, and Related Resources: conflict of interest | None_1: There are no author or writing group conflict of interest disclosures. | None_2: There are no author or writing group conflict of interest disclosures."
Table 30: Inhaled and Injected Corticosteroids,1,Inhaled and Injected Corticosteroids,,,,"Updates, Authorship, and Related Resources: disclosures | None_1: There are no author or writing group conflict of interest disclosures. | None_2: There are no author or writing group conflict of interest disclosures."
Table 30: Inhaled and Injected Corticosteroids,1,Inhaled and Injected Corticosteroids,,,,"Updates, Authorship, and Related Resources: Date of original publication | None_2: April 25, 2019"
Table 30: Inhaled and Injected Corticosteroids,1,Inhaled and Injected Corticosteroids,,,,"Updates, Authorship, and Related Resources: Committee | None_2: Medical Care Criteria Committee"
Table 30: Inhaled and Injected Corticosteroids,1,Inhaled and Injected Corticosteroids,,,,"Updates, Authorship, and Related Resources: Developer and funder | None_2: New York State Department of Health AIDS Institute (NYSDOH AI)"
Table 30: Inhaled and Injected Corticosteroids,1,Inhaled and Injected Corticosteroids,,,,"Updates, Authorship, and Related Resources: Development process | None_2: See Supplement: Guideline Development and Recommendation Ratings"
Table 30: Inhaled and Injected Corticosteroids,1,Inhaled and Injected Corticosteroids,,,,"Updates, Authorship, and Related Resources: Related NYSDOH AI | None_2: Guideline"
Table 30: Inhaled and Injected Corticosteroids,1,Inhaled and Injected Corticosteroids,,,,"Updates, Authorship, and Related Resources: resources | None_2: Guideline"
Table 30: Inhaled and Injected Corticosteroids,1,Inhaled and Injected Corticosteroids,,,,"Updates, Authorship, and Related Resources: resources | None_2: • Rapid ART Initiation"
Table 30: Inhaled and Injected Corticosteroids,1,Inhaled and Injected Corticosteroids,,,,"Updates, Authorship, and Related Resources: resources | None_2: Podcast"
Table 30: Inhaled and Injected Corticosteroids,1,Inhaled and Injected Corticosteroids,,,,"Updates, Authorship, and Related Resources: resources | None_2: • Viremic—Cases in HIV"
Untitled Table,4,Not Specified,,,,
Untitled Table,5,Not Specified,,,,
Untitled Table,6,Not Specified,,,,
Untitled Table,7,Not Specified,,,,
Untitled Table,8,Not Specified,,,,
"Table 1: Mechanisms of Antiretroviral (ARV) Drug-Drug Interactions, below, shows the influence of specific ARVs on liver",9,Mechanisms of Antiretroviral (ARV) Drug-Drug,,,,"None: For patients:
• Drug Interaction Checker
(WebMD)
• HIV Drug Guide
(Positively Aware)
• HIV Treatment:
Everything You Need to
Know
(The Body)"
Table 1: Mechanisms of Antiretroviral (ARV) Drug-Drug Interactions,10,Cited references are listed at bottom of table; also see prescribing information.,,Cited references are listed at bottom of table; also see prescribing information.,,
Table 1: Mechanisms of Antiretroviral (ARV) Drug-Drug Interactions,10,Cited references are listed at bottom of table; also see prescribing information.,,Cited references are listed at bottom of table; also see prescribing information.,,None: CYP Substrate | None_1: CYP Inhibitor | None_2: CYP Inducer | None_3: UGT1A1 | None_4: Drug Transport Protein | None_5: Other
Table 1: Mechanisms of Antiretroviral (ARV) Drug-Drug Interactions,10,Integrase Strand Inhibitors (INSTIs),,Integrase Strand Inhibitors (INSTIs),,None: CYP Substrate | None_1: CYP Inhibitor | None_2: CYP Inducer | None_3: UGT1A1 | None_4: Drug Transport Protein | None_5: Other
Table 1: Mechanisms of Antiretroviral (ARV) Drug-Drug Interactions,10,Integrase Strand Inhibitors (INSTIs),,Integrase Strand Inhibitors (INSTIs),,"None: 3A4 (minor) | None_1: — | None_2: — | None_3: Substrate | None_4: Inhibitor of MATE1, OCT2 | None_5: Chelation"
Table 1: Mechanisms of Antiretroviral (ARV) Drug-Drug Interactions,10,Integrase Strand Inhibitors (INSTIs),,Integrase Strand Inhibitors (INSTIs),,"None: — | None_1: — | None_2: — | None_3: Substrate | None_4: P-gP substrate; OATP1
inhibitor | None_5: —"
Table 1: Mechanisms of Antiretroviral (ARV) Drug-Drug Interactions,10,Integrase Strand Inhibitors (INSTIs),,Integrase Strand Inhibitors (INSTIs),,"None: 3A4 (minor) | None_1: — | None_2: — | None_3: Substrate | None_4: P-gP substrate; Inhibitor
of MATE2, OCT2 | None_5: Chelation"
Table 1: Mechanisms of Antiretroviral (ARV) Drug-Drug Interactions,10,Integrase Strand Inhibitors (INSTIs),,Integrase Strand Inhibitors (INSTIs),,None: 3A4 | None_1: — | None_2: 2C9 | None_3: Substrate | None_4: — | None_5: Chelation
Table 1: Mechanisms of Antiretroviral (ARV) Drug-Drug Interactions,10,Integrase Strand Inhibitors (INSTIs),,Integrase Strand Inhibitors (INSTIs),,None: — | None_1: — | None_2: — | None_3: Substrate | None_4: — | None_5: Chelation
Table 1: Mechanisms of Antiretroviral (ARV) Drug-Drug Interactions,10,Pharmacokinetic Boosters,,Pharmacokinetic Boosters,,None: — | None_1: — | None_2: — | None_3: Substrate | None_4: — | None_5: Chelation
Table 1: Mechanisms of Antiretroviral (ARV) Drug-Drug Interactions,10,Pharmacokinetic Boosters,,Pharmacokinetic Boosters,,"None: 3A4, 2D6 (minor) | None_1: 3A4, 2D6 (minor) | None_2: — | None_3: — | None_4: Inhibitor of P-gP, BCRP,
OATP, OCT, MATE1 | None_5: —"
Table 1: Mechanisms of Antiretroviral (ARV) Drug-Drug Interactions,10,Pharmacokinetic Boosters,,Pharmacokinetic Boosters,,"None: 3A4, 2D6 (minor) | None_1: 3A4, 2C8, 2C9, 2C19, 2D6 | None_2: 1A2, 2B6, 2C9, 2C19 | None_3: Inducer | None_4: Inhibitor of P-gP, BCRP,
OATP, OCT, MATE1 | None_5: —"
Table 1: Mechanisms of Antiretroviral (ARV) Drug-Drug Interactions,10,Protease Inhibitors (PIs),,Protease Inhibitors (PIs),,"None: 3A4, 2D6 (minor) | None_1: 3A4, 2C8, 2C9, 2C19, 2D6 | None_2: 1A2, 2B6, 2C9, 2C19 | None_3: Inducer | None_4: Inhibitor of P-gP, BCRP,
OATP, OCT, MATE1 | None_5: —"
Table 1: Mechanisms of Antiretroviral (ARV) Drug-Drug Interactions,10,Protease Inhibitors (PIs),,Protease Inhibitors (PIs),,"None: 3A4 | None_1: 3A4, 2C8 (minor) | None_2: — | None_3: Inhibitor | None_4: P-gP substrate, inhibitor,
inducer; OATP inhibitor | None_5: GI absorption (pH-
dependent)"
Table 1: Mechanisms of Antiretroviral (ARV) Drug-Drug Interactions,10,Protease Inhibitors (PIs),,Protease Inhibitors (PIs),,"None: 3A4 | None_1: 3A4 | None_2: 2C9 | None_3: — | None_4: P-gP substrate; OATP
inhibitor | None_5: —"
Table 1: Mechanisms of Antiretroviral (ARV) Drug-Drug Interactions,10,Non-Nucleoside Reverse Transcriptase Inhibitors (NNRTIs),,Non-Nucleoside Reverse Transcriptase Inhibitors (NNRTIs),,"None: 3A4 | None_1: 3A4 | None_2: 2C9 | None_3: — | None_4: P-gP substrate; OATP
inhibitor | None_5: —"
Table 1: Mechanisms of Antiretroviral (ARV) Drug-Drug Interactions,10,Non-Nucleoside Reverse Transcriptase Inhibitors (NNRTIs),,Non-Nucleoside Reverse Transcriptase Inhibitors (NNRTIs),,"None: 3A4, 3A5 | None_1: — | None_2: — | None_3: — | None_4: — | None_5: —"
Table 1: Mechanisms of Antiretroviral (ARV) Drug-Drug Interactions,10,Non-Nucleoside Reverse Transcriptase Inhibitors (NNRTIs),,Non-Nucleoside Reverse Transcriptase Inhibitors (NNRTIs),,"None: 2B6 (primary), 2A6, 3A4 | None_1: 3A4 | None_2: 3A4, 2B6 | None_3: — | None_4: — | None_5: —"
Table 1: Mechanisms of Antiretroviral (ARV) Drug-Drug Interactions,10,Non-Nucleoside Reverse Transcriptase Inhibitors (NNRTIs),,Non-Nucleoside Reverse Transcriptase Inhibitors (NNRTIs),,"None: 3A4, 2C9, 2C19 | None_1: 2C9, 2C19 | None_2: 3A4 | None_3: — | None_4: P-gP inducer | None_5: —"
Table 1: Mechanisms of Antiretroviral (ARV) Drug-Drug Interactions,10,Non-Nucleoside Reverse Transcriptase Inhibitors (NNRTIs),,Non-Nucleoside Reverse Transcriptase Inhibitors (NNRTIs),,"None: 3A4 | None_1: — | None_2: — | None_3: — | None_4: — | None_5: GI absorption (pH-
dependent)"
Table 1: Mechanisms of Antiretroviral (ARV) Drug-Drug Interactions,10,Nucleoside Reverse Transcriptase Inhibitors (NRTIs),,Nucleoside Reverse Transcriptase Inhibitors (NRTIs),,"None: 3A4 | None_1: — | None_2: — | None_3: — | None_4: — | None_5: GI absorption (pH-
dependent)"
Table 1: Mechanisms of Antiretroviral (ARV) Drug-Drug Interactions,10,Nucleoside Reverse Transcriptase Inhibitors (NRTIs),,Nucleoside Reverse Transcriptase Inhibitors (NRTIs),,"None: — | None_1: — | None_2: — | None_3: Substrate | None_4: — | None_5: Alcohol dehydrogenase
substrate"
Table 1: Mechanisms of Antiretroviral (ARV) Drug-Drug Interactions,10,Nucleoside Reverse Transcriptase Inhibitors (NRTIs),,Nucleoside Reverse Transcriptase Inhibitors (NRTIs),,None: — | None_1: — | None_2: — | None_3: — | None_4: MATE1 substrate | None_5: —
Table 1: Mechanisms of Antiretroviral (ARV) Drug-Drug Interactions,10,Nucleoside Reverse Transcriptase Inhibitors (NRTIs),,Nucleoside Reverse Transcriptase Inhibitors (NRTIs),,"None: — | None_1: — | None_2: — | None_3: — | None_4: Substrate of MATE1/2,
OCT2 | None_5: —"
Table 1: Mechanisms of Antiretroviral (ARV) Drug-Drug Interactions,10,Nucleoside Reverse Transcriptase Inhibitors (NRTIs),,Nucleoside Reverse Transcriptase Inhibitors (NRTIs),,"None: 3A4 (minor) | None_1: — | None_2: — | None_3: — | None_4: Substrate of P-gP, BCRP,
OATP | None_5: —"
Table 1: Mechanisms of Antiretroviral (ARV) Drug-Drug Interactions,11,Cited references are listed at bottom of table; also see prescribing information.,,Cited references are listed at bottom of table; also see prescribing information.,,
Table 1: Mechanisms of Antiretroviral (ARV) Drug-Drug Interactions,11,Cited references are listed at bottom of table; also see prescribing information.,,Cited references are listed at bottom of table; also see prescribing information.,,None: CYP Substrate | None_1: CYP Inhibitor | None_2: CYP Inducer | None_3: UGT1A1 | None_4: Drug Transport Protein | None_5: Other
Table 1: Mechanisms of Antiretroviral (ARV) Drug-Drug Interactions,11,Cited references are listed at bottom of table; also see prescribing information.,,Cited references are listed at bottom of table; also see prescribing information.,,"None: — | None_1: — | None_2: — | None_3: — | None_4: Substrate of P-gP, OATP,
MRP | None_5: —"
Table 1: Mechanisms of Antiretroviral (ARV) Drug-Drug Interactions,11,Entry Inhibitors (EIs),,Entry Inhibitors (EIs),,"None: — | None_1: — | None_2: — | None_3: — | None_4: Substrate of P-gP, OATP,
MRP | None_5: —"
Table 1: Mechanisms of Antiretroviral (ARV) Drug-Drug Interactions,11,Entry Inhibitors (EIs),,Entry Inhibitors (EIs),,"None: 3A4 | None_1: — | None_2: — | None_3: — | None_4: Substrate of P-gP, BCRP;
Inhibitor of OATP, BCRP | None_5: —"
Table 1: Mechanisms of Antiretroviral (ARV) Drug-Drug Interactions,11,Entry Inhibitors (EIs),,Entry Inhibitors (EIs),,None: — | None_1: — | None_2: — | None_3: — | None_4: — | None_5: —
Table 1: Mechanisms of Antiretroviral (ARV) Drug-Drug Interactions,11,Entry Inhibitors (EIs),,Entry Inhibitors (EIs),,None: 3A4 | None_1: — | None_2: — | None_3: — | None_4: P-gP substrate | None_5: —
Table 1: Mechanisms of Antiretroviral (ARV) Drug-Drug Interactions,11,Capsid Inhibitor,,Capsid Inhibitor,,None: 3A4 | None_1: — | None_2: — | None_3: — | None_4: P-gP substrate | None_5: —
Table 1: Mechanisms of Antiretroviral (ARV) Drug-Drug Interactions,11,Capsid Inhibitor,,Capsid Inhibitor,,None: 3A4 (minor) | None_1: 3A4 (moderate) | None_2: — | None_3: Substrate (minor) | None_4: P-gP substrate | None_5: —
Table 1: Mechanisms of Antiretroviral (ARV) Drug-Drug Interactions,11,Capsid Inhibitor,,Capsid Inhibitor,,None: 3A4 (minor) | None_1: 3A4 (moderate) | None_2: — | None_3: Substrate (minor) | None_4: P-gP substrate | None_5: —
Table 2: Induction Potential of Ritonavir [a] and Cobicistat Used as Boosters,12,Induction Potential of Ritonavir [a] and Cobicistat Used as Boosters,,,,None: Ritonavir | None_1: Cobicistat
Table 2: Induction Potential of Ritonavir [a] and Cobicistat Used as Boosters,12,Induction Potential of Ritonavir [a] and Cobicistat Used as Boosters,,Cytochrome,,None: Ritonavir | None_1: Cobicistat
Table 2: Induction Potential of Ritonavir [a] and Cobicistat Used as Boosters,12,Induction Potential of Ritonavir [a] and Cobicistat Used as Boosters,,Cytochrome,,None: Moderate inducer | None_1: Clinically negligible effect
Table 2: Induction Potential of Ritonavir [a] and Cobicistat Used as Boosters,12,Induction Potential of Ritonavir [a] and Cobicistat Used as Boosters,,Cytochrome,,None: Moderate inducer | None_1: Clinically negligible effect
Table 2: Induction Potential of Ritonavir [a] and Cobicistat Used as Boosters,12,Induction Potential of Ritonavir [a] and Cobicistat Used as Boosters,,Cytochrome,,None: Moderate inhibitor | None_1: Clinically negligible effect
Table 2: Induction Potential of Ritonavir [a] and Cobicistat Used as Boosters,12,Induction Potential of Ritonavir [a] and Cobicistat Used as Boosters,,Cytochrome,,None: Moderate inducer | None_1: Clinically negligible effect
Table 2: Induction Potential of Ritonavir [a] and Cobicistat Used as Boosters,12,Induction Potential of Ritonavir [a] and Cobicistat Used as Boosters,,Cytochrome,,None: Strong inducer | None_1: Clinically negligible effect
Table 2: Induction Potential of Ritonavir [a] and Cobicistat Used as Boosters,12,Induction Potential of Ritonavir [a] and Cobicistat Used as Boosters,,Cytochrome,,None: Moderate inhibitor | None_1: Mild inhibitor
Table 2: Induction Potential of Ritonavir [a] and Cobicistat Used as Boosters,12,Induction Potential of Ritonavir [a] and Cobicistat Used as Boosters,,Cytochrome,,None: Strong inhibitor | None_1: Strong inhibitor
Table 2: Induction Potential of Ritonavir [a] and Cobicistat Used as Boosters,12,Induction Potential of Ritonavir [a] and Cobicistat Used as Boosters,,Transporter,,None: Strong inhibitor | None_1: Strong inhibitor
Table 2: Induction Potential of Ritonavir [a] and Cobicistat Used as Boosters,12,Induction Potential of Ritonavir [a] and Cobicistat Used as Boosters,,Transporter,,None: Moderate inhibitor | None_1: Moderate inhibitor
Table 2: Induction Potential of Ritonavir [a] and Cobicistat Used as Boosters,12,Induction Potential of Ritonavir [a] and Cobicistat Used as Boosters,,Transporter,,None: Moderate inducer | None_1: Clinically negligible effect
Table 2: Induction Potential of Ritonavir [a] and Cobicistat Used as Boosters,12,Induction Potential of Ritonavir [a] and Cobicistat Used as Boosters,,Transporter,,None: Moderate inhibitor | None_1: Moderate inhibitor
Table 2: Induction Potential of Ritonavir [a] and Cobicistat Used as Boosters,12,Induction Potential of Ritonavir [a] and Cobicistat Used as Boosters,,Transporter,,None: Moderate inhibitor | None_1: Moderate inhibitor
Table 2: Induction Potential of Ritonavir [a] and Cobicistat Used as Boosters,12,Induction Potential of Ritonavir [a] and Cobicistat Used as Boosters,,Transporter,,None: Moderate inhibitor | None_1: Moderate inhibitor
Table 2: Induction Potential of Ritonavir [a] and Cobicistat Used as Boosters,12,Induction Potential of Ritonavir [a] and Cobicistat Used as Boosters,,Transporter,,None: Moderate inhibitor | None_1: Moderate inhibitor
Table 2: Induction Potential of Ritonavir [a] and Cobicistat Used as Boosters,12,Induction Potential of Ritonavir [a] and Cobicistat Used as Boosters,,Transporter,,None: Clinically negligible effect | None_1: Clinically negligible effect
Table 2: Induction Potential of Ritonavir [a] and Cobicistat Used as Boosters,12,Induction Potential of Ritonavir [a] and Cobicistat Used as Boosters,,Transporter,,None: Clinically negligible effect | None_1: Clinically negligible effect
Table 2: Induction Potential of Ritonavir [a] and Cobicistat Used as Boosters,12,Induction Potential of Ritonavir [a] and Cobicistat Used as Boosters,,Transporter,,None: Weak inducer | None_1: Clinically negligible effect
Table 2: Induction Potential of Ritonavir [a] and Cobicistat Used as Boosters,12,Induction Potential of Ritonavir [a] and Cobicistat Used as Boosters,,Transporter,,None: Clinically negligible effect | None_1: Clinically negligible effect
Table 2: Induction Potential of Ritonavir [a] and Cobicistat Used as Boosters,12,Induction Potential of Ritonavir [a] and Cobicistat Used as Boosters,,Transporter,,None: Clinically negligible effect | None_1: Clinically negligible effect
Untitled Table,14,Not Specified,,,• Clinicians should consult an experienced HIV care provider for assistance in managing drug-drug interactions between,
Untitled Table,14,Not Specified,,,antiretroviral (ARV) agents and less common medications. (A3),
Table 3: Boosted Atazanavir (ATV) Interactions (also see prescribing information),15,Boosted Atazanavir (ATV),,,,None: Mechanism of Action | None_1: Clinical Comments
Table 3: Boosted Atazanavir (ATV) Interactions (also see prescribing information),15,Boosted Atazanavir (ATV),,,,"None: • ATV requires acidic gastric pH for absorption, and acid-
reducing agents interfere with ATV absorption.
• PPIs may markedly reduce ATV concentration and AUC. | None_1: • Unboosted ATV: Do not coadminister with PPIs if it is possible
to use an alternative acid-reducing agent, alternative PI, or
boosted ATV.
• Timing: Administer ≥12 hours before RTV- or COBI-boosted
ATV.
• ART-naive: Do not exceed omeprazole 20 mg per day or
equivalent (pantoprazole 40 mg; lansoprazole 30 mg;
esomeprazole 20 mg).
• ART-experienced: Not recommended; consultation with
experienced HIV care provider or GI specialist is recommended
before prescribing PPI. Treatment-experienced patients have
taken ART and, in most cases, have experienced treatment
failure. Heavily ART-experienced patients are more likely to
experience resistance mutations, which increase the risk of
virologic failure, and achlorhydria in the stomach, which
reduces gastric acid and thus gastric pH."
Table 3: Boosted Atazanavir (ATV) Interactions (also see prescribing information),15,Boosted Atazanavir (ATV),,,,"None: • ATV requires acidic gastric pH for absorption, and acid-
reducing agents interfere with ATV absorption.
• H2RAs reduce ATV absorption. | None_1: • ART-naive: Administer ATV 300 mg + RTV 100 mg
simultaneously with or ≥10 hours after H2RA.
‒ If patient is not taking TFV: Do not exceed famotidine 20 mg
twice per day (40 mg daily) or equivalent, e.g., nizatidine
150 mg twice per day (300 mg daily).
‒ If patient is taking TFV: Do not exceed famotidine 40 mg
twice per day (80 mg daily) or equivalent, e.g., nizatidine
300 mg twice per day (600 mg daily).
• ART-experienced: Administer ATV 300 mg + COBI 150 mg or
RTV 100 mg simultaneously with or ≥10 hours after H2RA.
• Pregnancy: In trimesters 2 and 3, increase dose of ATV to 400
mg per day with RTV 100 mg per day. (Volume of distribution
increases as duration of pregnancy increases, which can reduce
ATV levels, especially during second and third trimesters of
pregnancy.)
‒ H2RA use is contraindicated if pregnant patient takes TFV +
boosted ATV during pregnancy.
‒ If patient is pregnant and is taking TFV, ATV is dosed at 400
mg per day with RTV 100 mg per day; unboosted ATV is not
recommended."
Table 3: Boosted Atazanavir (ATV) Interactions (also see prescribing information),15,Boosted Atazanavir (ATV),,,,"None: ATV requires acidic gastric pH for absorption; acid-reducing
agents interfere with ATV absorption. | None_1: Antacids and all buffered medications: Administer ATV at least 2
hours before or 1 to 2 hours after."
Table 3: Boosted Atazanavir (ATV) Interactions (also see prescribing information),16,Boosted Atazanavir (ATV),,,,None: Mechanism of Action | None_1: Clinical Comments
Table 3: Boosted Atazanavir (ATV) Interactions (also see prescribing information),16,Boosted Atazanavir (ATV),,,,"None: Boosted or unboosted ATV (i.e., with or without COBI or RTV)
inhibits CYP3A4 and other transporters. | None_1: • Alfuzosin, silodosin Concomitant use is contraindicated.
• Doxazosin, terazosin: PIs may be used concurrently; potential
increases in doxazosin and terazosin levels are possible. Dose
reduction may be necessary.
• Tamsulosin: Avoid unless benefits outweigh risk. If used
together, monitor for tamsulosin-associated adverse effects,
such as hypotension."
Table 3: Boosted Atazanavir (ATV) Interactions (also see prescribing information),16,Boosted Atazanavir (ATV),,,,"None: • Simvastatin and lovastatin are substrates for CYP3A4, CYP2D6,
OATP1B1, and drug transporter P-gP; boosted ATV greatly
increases concentrations.
• COBI inhibits CYP3A4, CYP2D6, OATP1B1, and P-gP. | None_1: Concomitant use is contraindicated due to potential for
myopathy, including rhabdomyolysis. Consider using low doses of
alternative statins less likely to be affected by boosted ATV use."
Table 3: Boosted Atazanavir (ATV) Interactions (also see prescribing information),16,Boosted Atazanavir (ATV),,,,"None: • Pravastatin is a substrate for OATP1B1.
• ATV inhibits OATP1B1.
• Although moderate increases are possible, low doses are
considered safe when used with boosted PIs. | None_1: Use with lowest effective doses of pravastatin and pitavastatin,
and monitor for adverse effects, including myopathy and
rhabdomyolysis."
Table 3: Boosted Atazanavir (ATV) Interactions (also see prescribing information),16,Boosted Atazanavir (ATV),,,,"None: • Atorvastatin is a substrate for CYP3A4 and OATP1B1.
• Boosted ATV inhibits both CYP3A4 and OATP1B1.
• Boosted ATV may moderately increase concentrations. | None_1: • Use with lowest effective doses; monitor closely for safety and
efficacy before increasing statin dose.
• Do not coadminister with COBI-boosted ATV due to increased
risk of rhabdomyolysis and myopathy."
Table 3: Boosted Atazanavir (ATV) Interactions (also see prescribing information),16,Boosted Atazanavir (ATV),,,,"None: • Rosuvastatin is a substrate of OATP1B1/1B3.
• ATV inhibits OATP1B1.
• Boosted ATV may moderately increase concentrations. | None_1: • Use with lowest effective doses; monitor closely for safety and
efficacy before increasing statin dose.
• If use is necessary, do not exceed 10 mg per day."
Table 3: Boosted Atazanavir (ATV) Interactions (also see prescribing information),16,Boosted Atazanavir (ATV),,,,"None: Interaction has not been studied, but potential for moderate
increase is possible. | None_1: Do not coadminister. If use is required, use lowest effective dose;
monitor closely for safety and efficacy before increasing statin
dose."
Table 3: Boosted Atazanavir (ATV) Interactions (also see prescribing information),16,Boosted Atazanavir (ATV),,,,"None: • Boosted PIs inhibit most factor Xa inhibitors (not dabigatran)
via CYP3A or P-gP.
• ATV is a minor inhibitor of CYP2C8.
• RTV and COBI inhibit P-gP.
• Apixaban is a substrate of 2C8.
• Dabigatran is a substrate of P-gP.
• Warfarin: Metabolism of warfarin could potentially decrease
(or more rarely) increase.
• Rivaroxaban, dabigatran, apixaban: Concentrations may
increase, increasing bleeding risk. | None_1: • Avoid concomitant use or use lowest effective dose of factor
Xa inhibitor to avoid increased bleeding risk.
• Apixaban: Reduce apixaban dose to 2.5 mg twice per day; if
patient is already taking 2.5 mg twice per day, avoid
concomitant use.
• Dabigatran:
‒ Separate doses of dabigatran and boosted PIs by at least 2
hours.
‒ RTV boosting of PIs may be safer than COBI boosting with
concomitant dabigatran [Kakadiya, et al. 2018].
‒ Avoid dabigatran in patients with renal impairment (CrCl
<50 mL/min) who are taking boosted PIs."
Table 3: Boosted Atazanavir (ATV) Interactions (also see prescribing information),17,Boosted Atazanavir (ATV),,,,None: Mechanism of Action | None_1: Clinical Comments
Table 3: Boosted Atazanavir (ATV) Interactions (also see prescribing information),17,Boosted Atazanavir (ATV),,,,"None_1: • Edoxaban:
‒ For stroke prevention in patients with nonvalvular atrial
fibrillation: No dose adjustments are necessary.
‒ For patients with DVT and PE: Administer edoxaban 30 mg
once daily.
• Rivaroxaban: Do not coadminister.
• Warfarin: Use cautiously with warfarin; if use is necessary,
increase INR monitoring.
‒ If INR increases, decrease warfarin dose.
‒ If INR decreases, increase warfarin dose slowly."
Table 3: Boosted Atazanavir (ATV) Interactions (also see prescribing information),17,Boosted Atazanavir (ATV),,,,"None: • Ticagrelor: Strong CYP3A4 inhibitors may increase ticagrelor
exposure.
• Clopidogrel: Boosted ATV may decrease production of
clopidogrel’s active metabolite.
• Prasugrel: Boosted ATV may decrease production of
prasugrel’s active metabolite; however, adequate antiplatelet
activity is maintained.
• Vorapaxar: Increased vorapaxar levels are expected. | None_1: • Ticagrelor: To avoid increased bleeding risk, do not use
ticagrelor with strong CYP3A inhibitors, particularly COBI and
RTV.
• Clopidogrel, vorapaxar: Do not coadminister.
• Prasugrel: No dose adjustments are necessary."
Table 3: Boosted Atazanavir (ATV) Interactions (also see prescribing information),17,Boosted Atazanavir (ATV),,,,"None: Boosted PIs inhibit P-gP, which may decrease aliskiren
elimination, increasing risk of adverse effects. | None_1: Do not coadminister."
Table 3: Boosted Atazanavir (ATV) Interactions (also see prescribing information),17,Boosted Atazanavir (ATV),,,,"None: • COBI-boosted PIs may increase atenolol concentrations via
inhibition of MATE1 elimination.
• Similar interaction is not seen with RTV-boosted PIs. | None_1: • Start at lowest possible dose and titrate slowly to achieve
clinical effect while monitoring for adverse effects.
• If a patient is already using atenolol but starting a COBI-
boosted PI, monitor for atenolol-related adverse effects and
reduce atenolol dose as needed.
• RTV is the preferred PK booster when a patient is also using
atenolol."
Table 3: Boosted Atazanavir (ATV) Interactions (also see prescribing information),17,Boosted Atazanavir (ATV),,,,"None: Boosted PIs may increase CCB concentrations by as much as 50%. | None_1: When using with boosted PIs, decrease original CCB dose by as
much as 50%, and titrate slowly to achieve clinical effect."
Table 3: Boosted Atazanavir (ATV) Interactions (also see prescribing information),17,Boosted Atazanavir (ATV),,,,"None: Boosted PIs inhibit antiarrhythmic medication metabolism via
CYP3A and CYP2D6. | None_1: Avoid concomitant use to avoid increased risk of QT prolongation
and other adverse effects of antiarrhythmic medications."
Table 3: Boosted Atazanavir (ATV) Interactions (also see prescribing information),17,Boosted Atazanavir (ATV),,,,"None: ATV inhibits hepatic CYP3A4 isoenzyme and can increase serum
concentrations of eplerenone. | None_1: Avoid concomitant use due to increased risk of hyperkalemia and
hypotension."
Table 3: Boosted Atazanavir (ATV) Interactions (also see prescribing information),17,Boosted Atazanavir (ATV),,,,"None: CYP3A inhibition increases plasma concentrations of these
agents. | None_1: • Concomitant use is contraindicated unless benefits outweigh
risks; consider alternative ARV.
• If coadministration is necessary, monitor frequently for QT
prolongation, palpitations, and sinus tachycardia.
• Boosted PIs may also increase QT prolongation."
Table 3: Boosted Atazanavir (ATV) Interactions (also see prescribing information),18,Boosted Atazanavir (ATV),,,,None: Mechanism of Action | None_1: Clinical Comments
Table 3: Boosted Atazanavir (ATV) Interactions (also see prescribing information),18,Boosted Atazanavir (ATV),,,,"None: • Boosted PIs are strong inhibitors of CYP3A, and many
corticosteroids are substrates of these enzymes.
• Risk of Cushing’s syndrome occurs when boosted ATV is
coadministered with the following corticosteroids:
‒ Intranasal or inhaled: Fluticasone, mometasone, ciclesonide,
budesonide, triamcinolone
‒ Systemic: Betamethasone, budesonide, dexamethasone
‒ Injectable: Betamethasone, triamcinolone | None_1: • Use beclomethasone if possible. Because this agent is less
likely to be affected by boosted PIs, it is less likely to cause
symptoms of Cushing’s syndrome and other systemic
corticosteroid adverse effects.
• Fluticasone, mometasone, ciclesonide, budesonide,
triamcinolone (intranasal or inhaled): Do not coadminister
unless potential benefits outweigh risk; consider alternative
corticosteroid (e.g., beclomethasone).
• Betamethasone, budesonide (systemic): Do not coadminister
unless potential benefits outweigh risk.
• Prednisolone, prednisone (systemic): Concomitant use is
contraindicated unless potential benefits outweigh risk; if use
cannot be avoided, use for shortest effective duration.
• Betamethasone, triamcinolone (injectable): Concomitant use
is contraindicated unless potential benefits outweigh risk.
• Dexamethasone (systemic): Concomitant use is
contraindicated unless potential benefits outweigh risk;
consider alternative corticosteroid."
Table 3: Boosted Atazanavir (ATV) Interactions (also see prescribing information),18,Boosted Atazanavir (ATV),,,,"None: • Prednisone is a CYP3A4 and P-gP substrate.
• Boosted PIs are strong inhibitors of CYP3A4 and P-gP. | None_1: • Short-term use is not contraindicated.
• For chronic use of prednisone, monitor carefully for potential
Cushing’s syndrome."
Table 3: Boosted Atazanavir (ATV) Interactions (also see prescribing information),18,Boosted Atazanavir (ATV),,,,"None: • Benzodiazepines are substrates of CYP3A and may be
increased in presence of strong inhibitors of this enzyme.
• Alprazolam: Boosted ARVs may increase alprazolam
concentrations via CYP3A4 inhibition.
• Diazepam: CYP3A4 inhibition may reduce metabolism of
diazepam. | None_1: • Consider alternative benzodiazepine (e.g., lorazepam,
oxazepam, temazepam). If used, administer lowest effective
dose; monitor closely for adverse effects.
• Diazepam: Monitor for excess sedation."
Table 3: Boosted Atazanavir (ATV) Interactions (also see prescribing information),18,Boosted Atazanavir (ATV),,,,"None: • Haloperidol: Boosted PIs may moderately increase haloperidol
concentrations.
• Aripiprazole, brexpiprazole: RTV-boosted PIs may increase
aripiprazole and brexpiprazole levels.
• Risperidone: Boosted PIs may moderately increase risperidone
levels.
• Clozapine: Interaction has not been studied but boosted ATV
may theoretically increase clozapine concentrations, increasing
risk of adverse effects.
• Iloperidone, lumateperone, lurasidone, cariprazine: Levels are
likely to be increased by all PIs, whether boosted or not. | None_1: • Quetiapine dosing:
‒ Patients on stabilized quetiapine: Reduce dose to 1/6 if
initiating ART; monitor for QT prolongation.
‒ Patients stabilized on boosted PI: Use lowest dose and
titrate slowly to achieve clinical effect; monitor for QT
prolongation.
• Lurasidone: No data available. Avoid coadministration;
consider alternative antipsychotic or ARV.
• Haloperidol: Monitor for QT prolongation.
• Iloperidone: Decrease iloperidone dose by 50%.
• Aripiprazole: Initiate at 25% of standard starting dose and
titrate slowly to achieve clinical effect; monitor carefully for
efficacy and adjust dose as necessary."
Table 3: Boosted Atazanavir (ATV) Interactions (also see prescribing information),19,Boosted Atazanavir (ATV),,,,None: Mechanism of Action | None_1: Clinical Comments
Table 3: Boosted Atazanavir (ATV) Interactions (also see prescribing information),19,Boosted Atazanavir (ATV),,,,"None_1: • Brexpiprazole: Administer at 50% of brexpiprazole dose and
adjust dose as necessary.
• Lumateperone: Do not coadminister.
• Pimozide: Concomitant use is contraindicated.
• Risperidone: Initiate at low dose and titrate slowly to achieve
clinical effect; monitor for adverse effects.
• Ziprasidone: Monitor for adverse effects, including QTc
prolongation.
• Cariprazine: Consult DHHS guideline for full dosing
recommendations and clinical comments [DHHS(c) 2024].
• Clozapine: Monitor carefully for clozapine-related adverse
effects."
Table 3: Boosted Atazanavir (ATV) Interactions (also see prescribing information),19,Boosted Atazanavir (ATV),,,,"None: CYP3A4 and OATP1B1 inhibition by ATV may increase plasma
concentrations of other PIs. | None_1: Avoid concomitant use to avoid adverse effects of NS3/4A PIs."
Table 3: Boosted Atazanavir (ATV) Interactions (also see prescribing information),19,Boosted Atazanavir (ATV),,,,None: Boosted PIs inhibit daclatasvir metabolism via CYP3A4. | None_1: Decrease daclatasvir dose to 30 mg per day.
Table 3: Boosted Atazanavir (ATV) Interactions (also see prescribing information),19,Boosted Atazanavir (ATV),,,,"None: • ETR is a substrate and inducer of CYP3A4.
• COBI and ATV are substrates and inhibitors of CYP3A4. | None_1: • Administration with RTV-boosted ATV results in decreases in
ATV exposure, but decrease is not considered relevant; no
dose adjustments are necessary.
• Due to potential for decreased ARV efficacy, avoid use of ETR
with COBI. When these medications are given together, COBI
concentrations are decreased.
• When possible, avoid concomitant use of ETR and unboosted
ATV. ETR with unboosted ATV results in significant decreases in
ATV exposure."
Table 3: Boosted Atazanavir (ATV) Interactions (also see prescribing information),19,Boosted Atazanavir (ATV),,,,None: CYP3A4 and P-gP inhibition potentially increases LEN levels. | None_1: Do not coadminister.
Table 3: Boosted Atazanavir (ATV) Interactions (also see prescribing information),19,Boosted Atazanavir (ATV),,,,"None: • COBI inhibits CYP3A.
• Suvorexant is a substrate of CYP3A.
• Zolpidem, suvorexant: Boosted PIs may increase zolpidem and
suvorexant concentrations.
• Ramelteon: RTV-boosted PIs may reduce ramelteon efficacy. | None_1: • Zolpidem: Administer lowest effective dose; monitor for
adverse effects, including excess sedation.
• Eszopiclone: Start with 1 mg per day and titrate slowly to
achieve clinical effect; monitor for adverse effects, including
excess sedation.
• Suvorexant: Coadministration is not recommended (may
increase somnolence, dizziness, and risk of sleep hangover);
use alternative sleep medication or ARV.
• Ramelteon: Monitor for efficacy in cigarette smokers."
Table 3: Boosted Atazanavir (ATV) Interactions (also see prescribing information),20,Boosted Atazanavir (ATV),,,,None: Mechanism of Action | None_1: Clinical Comments
Table 3: Boosted Atazanavir (ATV) Interactions (also see prescribing information),20,Boosted Atazanavir (ATV),,,,"None: • Eletriptan: Metabolism inhibited by boosted PIs.
• TCAs: PIs and TCAs can both cause QT prolongation. | None_1: • Eletriptan: Do not coadminister; use alternative triptan
medication.
• TCAs: With concomitant use of high-dose TCAs and PIs,
consider monitoring for QT prolongation and other cardiac
adverse effects or consider alternative medications."
Table 3: Boosted Atazanavir (ATV) Interactions (also see prescribing information),20,Boosted Atazanavir (ATV),,,,"None: • Cilostazol is metabolized by CYP3A; thus, boosted PIs will
increase concentrations of this drug.
• Dipyridamole: RTV-boosted PIs may induce UGT enzymes,
which are responsible for metabolism of dipyridamole (not
seen with COBI). | None_1: • Cilostazol: Monitor for antiplatelet effect; may be necessary to
use alternative antiplatelet medication or alternative ARV.
• Dipyridamole: Monitor for antiplatelet effect; use alternative
ARV or boost with COBI if necessary."
Table 3: Boosted Atazanavir (ATV) Interactions (also see prescribing information),20,Boosted Atazanavir (ATV),,,,"None: • Metformin: COBI is known to inhibit MATE1, which is involved
in metformin elimination, thus increasing metformin
concentrations.
• Glyburide is mainly metabolized by CYP3A; thus,
concentrations are increased by inhibitors of this enzyme.
• Saxagliptin is a substrate of CYP3A; levels may be increased by
CYP3A4 inhibitors.
• Canagliflozin, bexagliflozin: RTV induces UGT and may
decrease concentrations; no significant interactions are
expected with COBI. | None_1: • Metformin: Monitor for metformin-related adverse effects;
reduce dose as needed.
• Glyburide or alternative sulfonylureas: Use lowest effective
doses with boosted PIs; monitor for signs of hypoglycemia.
• Saxagliptin: Limit dose to 2.5 mg once per day.
• Canagliflozin: If patient already tolerates canagliflozin 100 mg
daily, increase dose to 200 mg daily. If patient already tolerates
canagliflozin 200 mg daily and requires additional glycemic
control, the management strategy should be based on renal
function.
‒ In patients with eGFR ≥60 mL/min/1.73 m2, canagliflozin
dose may be increased to 300 mg daily.
‒ In patients with eGFR <60 mL/min/1.73 m2, consider adding
another antihyperglycemic agent.
• Bexagliflozin: No dosage recommendation available at this
time for concurrent use; consider alternative therapies."
Table 3: Boosted Atazanavir (ATV) Interactions (also see prescribing information),20,Boosted Atazanavir (ATV),,,,None: Boosted ATV may increase trazodone concentrations. | None_1: Monitor for antidepressant and/or sedative effects.
Table 3: Boosted Atazanavir (ATV) Interactions (also see prescribing information),20,Boosted Atazanavir (ATV),,,,"None: • Carbamazepine, oxcarbazepine, phenobarbital, phenytoin:
Coadministration may significantly reduce concentrations of
ARVs through induction of CYP450 system.
• Zonisamide: CYP3A4 inhibition may increase zonisamide
concentrations. | None_1: • Carbamazepine, oxcarbazepine, phenobarbital, phenytoin:
‒ Coadministration is not recommended; use alternative
anticonvulsant.
‒ If benefit of use outweighs risk, monitor carefully for
efficacy and toxicity.
‒ Perform TDM.
• Zonisamide: Monitor for efficacy and adverse effects; adjust
dose as needed."
Table 3: Boosted Atazanavir (ATV) Interactions (also see prescribing information),21,Boosted Atazanavir (ATV),,,,None: Mechanism of Action | None_1: Clinical Comments
Table 3: Boosted Atazanavir (ATV) Interactions (also see prescribing information),21,Boosted Atazanavir (ATV),,,,"None: Complex mechanisms of metabolism and formation of both active
and inactive metabolites create interactions of unclear
significance between these drugs and boosted PIs. | None_1: Monitor for signs of opiate toxicity and analgesic effect; dose
these analgesics accordingly."
Table 3: Boosted Atazanavir (ATV) Interactions (also see prescribing information),21,Boosted Atazanavir (ATV),,,,"None: Tramadol exposure is increased with CYP3A inhibition, but this
reduces conversion to more potent active metabolite seen when
tramadol is metabolized by CYP2D6. | None_1: When tramadol is given with COBI or RTV, monitoring for
tramadol-related adverse effects and analgesic effect may be
required as clinically indicated; adjust tramadol dosage if needed."
Table 3: Boosted Atazanavir (ATV) Interactions (also see prescribing information),21,Boosted Atazanavir (ATV),,,,"None: • Complex drug interaction potential has been described.
• Drospirenone: Concomitant use may cause hyperkalemia. | None_1: • Etonogestrel: No data available. Consider alternative or
additional contraceptive methods or alternative ARV.
• Ethinyl estradiol; norgestimate and metabolites: Dose with at
least 35 mcg (no data available on other progestins).
• Drospirenone: Do not coadminister."
Table 3: Boosted Atazanavir (ATV) Interactions (also see prescribing information),21,Boosted Atazanavir (ATV),,,,"None: • PDE5 inhibitors: Increased PDE5 inhibitor concentrations are
expected.
• Flibanserin: Increased flibanserin concentrations are expected. | None_1: • Sildenafil: Start with 25 mg every 48 hours; monitor for
adverse effects.
• Tadalafil: Start with 5 mg and do not exceed 10 mg every 72
hours; monitor for adverse effects.
• Vardenafil: Administer 2.5 mg every 72 hours; monitor for
adverse effects.
• Avanafil, flibanserin: Do not coadminister."
Table 3: Boosted Atazanavir (ATV) Interactions (also see prescribing information),21,Boosted Atazanavir (ATV),,,,"None: • BUP: RTV-boosted PIs may greatly increase BUP
concentrations, but clinical significance of this is unknown
because BUP dosing is based on Clinical Opiate Withdrawal
Scale.
• BUP/NLX: COBI-boosted PIs may increase BUP concentrations
while decreasing NLX concentrations when given with
sublingual BUP/NLX.
• Methadone: COBI does not appear to have any significant
effect on methadone concentration. | None_1: • BUP: When administering with RTV-boosted PIs, monitor for
signs of increased opioid toxicity, including sedation, impaired
cognition, and respiratory distress.
• BUP, BUP/NLX: When administering with COBI-boosted PIs,
titrate carefully to achieve clinical effect.
• Methadone: Based on efficacy and safety, initiate at lowest
possible dose and titrate to achieve clinical effect; monitor for
signs and symptoms of opiate withdrawal."
Table 3: Boosted Atazanavir (ATV) Interactions (also see prescribing information),21,Boosted Atazanavir (ATV),,,,"None: Everolimus, sirolimus, cyclosporine, tacrolimus: Metabolism
decreased by boosted PIs. | None_1: • Everolimus, sirolimus: Do not use with boosted PIs.
• Cyclosporine, tacrolimus: Dose based on TDM; monitor closely
for adverse effects."
Table 3: Boosted Atazanavir (ATV) Interactions (also see prescribing information),21,Boosted Atazanavir (ATV),,,,"None: • Rifabutin does not affect boosted PI levels, but when used
concomitantly, bioavailability of rifabutin and its active
metabolite is increased.
• Rifampin, rifapentine: CYP3A induction reduces bioavailability
of all PIs. | None_1: • Rifabutin:
‒ RTV-boosted PIs: When used concomitantly, reduce
rifabutin to 150 mg 3 times per week.
‒ COBI-boosted PIs: Do not coadminister.
• Rifampin, rifapentine: Concomitant use of PIs and rifampin or
rifapentine is contraindicated."
Table 3: Boosted Atazanavir (ATV) Interactions (also see prescribing information),22,Boosted Atazanavir (ATV),,,,None: Mechanism of Action | None_1: Clinical Comments
Table 3: Boosted Atazanavir (ATV) Interactions (also see prescribing information),22,Boosted Atazanavir (ATV),,,,"None: • Molnupiravir and monoclonal antibodies do not affect
CYP450, P-gP, or other drug metabolism transporters.
• Nirmatrelvir/RTV: Inhibition of CYP3A4, P-gP, and other
transporters may increase plasma concentrations of other PIs. | None_1: • Molnupiravir, monoclonal antibodies: Drug interactions are
unlikely.
• Nirmatrelvir/RTV: Patients on RTV- or COBI-containing
regimens should continue treatment for COVID-19 and HIV as
indicated without adjustment. Monitor for increased PI-related
adverse effects."
Table 3: Boosted Atazanavir (ATV) Interactions (also see prescribing information),22,Boosted Atazanavir (ATV),,,,"None: • Brincidofovir is a substrate for OATP1B1 and OATP1B3.
• Tecovirimat is a weak inducer of CYP3A and weak inhibitor of
CYP2C8 and CYP2C19. | None_1: • Brincidofovir: Coadministration with PIs will likely increase
brincidofovir levels. Consider avoiding concurrent PIs if
possible. If unable to change PI, monitor for brincidofovir-
related adverse effects, e.g., LFT elevations,
hyperbilirubinemia, diarrhea, or other GI adverse effects.
Postpone PI dosing for at least 3 hours after brincidofovir
administration.
• Tecovirimat may reduce PI levels, though effects are not likely
to be clinically relevant. No dose adjustment in either drug is
necessary."
Table 3: Boosted Atazanavir (ATV) Interactions (also see prescribing information),22,Boosted Atazanavir (ATV),,,,"None: • Methylphenidate, amphetamine, dextroamphetamine:
CYP2D6 inhibition may increase drug concentrations with
concurrent RTV use.
• Modafinil: CYP3A4 induction may reduce PI levels. | None_1: • Methylphenidate, amphetamine, dextroamphetamine may
increase risk of serotonin syndrome when used concurrently
with RTV and other serotonergic medications; interaction may
be less significant with COBI. Consider using lower initial dose
and monitor for serotonin syndrome.
• Modafinil: Avoid concurrent use due to potential loss of
virologic response."
Table 3: Boosted Atazanavir (ATV) Interactions (also see prescribing information),22,Boosted Atazanavir (ATV),,,,"None: • Methylphenidate, amphetamine, dextroamphetamine:
CYP2D6 inhibition may increase drug concentrations with
concurrent RTV use.
• Modafinil: CYP3A4 induction may reduce PI levels. | None_1: • Methylphenidate, amphetamine, dextroamphetamine may
increase risk of serotonin syndrome when used concurrently
with RTV and other serotonergic medications; interaction may
be less significant with COBI. Consider using lower initial dose
and monitor for serotonin syndrome.
• Modafinil: Avoid concurrent use due to potential loss of
virologic response."
Table 4: Boosted Darunavir (DRV) Interactions (also see prescribing information),23,Boosted Darunavir (DRV),,,,None: Mechanism of Action | None_1: Clinical Comments
Table 4: Boosted Darunavir (DRV) Interactions (also see prescribing information),23,Boosted Darunavir (DRV),,,,"None: • Simvastatin and lovastatin are substrates for CYP3A4, CYP2D6,
OATP1B1, and drug transporter P-gP; boosted DRV greatly
increases concentrations.
• COBI inhibits CYP3A4, CYP2D6, OATP1B1, and P-gP. | None_1: • Concomitant use is contraindicated due to potential for
myopathy, including rhabdomyolysis.
• Consider using low doses of alternative statins less likely to be
affected by boosted DRV."
Table 4: Boosted Darunavir (DRV) Interactions (also see prescribing information),23,Boosted Darunavir (DRV),,,,"None: • When combined with DRV, pravastatin levels are significantly
increased.
• Pravastatin is an OATP1B1 substrate.
• COBI and RTV may modestly inhibit OATP1B1.
• Although moderate increases are possible, low doses are
considered safe when used with boosted PIs. | None_1: If use is necessary, use lowest effective dose and monitor for
signs of toxicity."
Table 4: Boosted Darunavir (DRV) Interactions (also see prescribing information),23,Boosted Darunavir (DRV),,,,"None: • Atorvastatin is a substrate for CYP3A4.
• Boosted DRV inhibits CYP3A4.
• Boosted DRV may moderately increase concentrations. | None_1: • When administered with RTV-boosted DRV, use lowest
effective dose; do not exceed 20 mg daily.
• If concomitant use is necessary, monitor closely for signs of
myopathy and rhabdomyolysis."
Table 4: Boosted Darunavir (DRV) Interactions (also see prescribing information),23,Boosted Darunavir (DRV),,,,"None: • Boosted DRV is less likely to interact compared to other statins.
• When administered with RTV-boosted DRV, pitavastatin AUC is
decreased by 26%. | None_1: No dose adjustments are necessary."
Table 4: Boosted Darunavir (DRV) Interactions (also see prescribing information),23,Boosted Darunavir (DRV),,,,"None: • Rosuvastatin is a substrate of OATP1B1 and OATP1B3.
• COBI inhibits OATP.
• Boosted DRV may moderately increase concentrations. | None_1: • When possible, avoid concomitant use.
• If use is necessary, start with 10 mg per day; dose should not
exceed 20 mg per day."
Table 4: Boosted Darunavir (DRV) Interactions (also see prescribing information),23,Boosted Darunavir (DRV),,,,"None: Interaction has not been studied, but potential for moderate
increase is possible. | None_1: Do not coadminister. If use is required, use lowest effective dose;
monitor closely for safety and efficacy before increasing statin
dose."
Table 4: Boosted Darunavir (DRV) Interactions (also see prescribing information),23,Boosted Darunavir (DRV),,,,"None: • Boosted PIs inhibit most factor Xa inhibitors (except
dabigatran) via CYP3A or P-gP.
• ATV is a minor inhibitor of CYP2C8.
• RTV and COBI inhibit P-gP.
• Apixaban is a substrate of CYP2C8.
• Dabigatran is a substrate of P-gP.
• Warfarin: Metabolism of warfarin could potentially decrease
(or more rarely) increase.
• Rivaroxaban, dabigatran, apixaban: Concentrations may
increase, increasing bleeding risk. | None_1: • Avoid concomitant use or use lowest effective dose of factor
Xa inhibitor to avoid increased bleeding risk.
• Apixaban: Reduce apixaban dose to 2.5 mg twice per day; if
patient is already taking 2.5 mg twice per day, avoid
concomitant use.
• Dabigatran:
‒ Separate doses of dabigatran and boosted PIs by at least 2
hours.
‒ RTV boosting of PIs may be safer than COBI boosting with
concomitant dabigatran [Kakadiya, et al. 2018].
‒ Avoid dabigatran in patients with renal impairment (CrCl
<50 mL/min) who are taking boosted PIs."
Table 4: Boosted Darunavir (DRV) Interactions (also see prescribing information),24,Boosted Darunavir (DRV),,,,None: Mechanism of Action | None_1: Clinical Comments
Table 4: Boosted Darunavir (DRV) Interactions (also see prescribing information),24,Boosted Darunavir (DRV),,,,"None_1: • Edoxaban:
‒ For stroke prevention in patients with nonvalvular atrial
fibrillation: No dose adjustments are necessary.
‒ For patients with DVT and PE: Administer edoxaban 30 mg
once daily.
• Rivaroxaban: Do not coadminister.
• Warfarin: Use cautiously with warfarin; if use is necessary,
increase INR monitoring.
‒ If INR increases, decrease warfarin dose.
‒ If INR decreases, increase warfarin dose slowly."
Table 4: Boosted Darunavir (DRV) Interactions (also see prescribing information),24,Boosted Darunavir (DRV),,,,"None: • Cilostazol is metabolized by CYP3A; thus, boosted PIs will
increase concentrations of this drug.
• Dipyridamole: RTV-boosted PIs may induce UGT enzymes,
which are responsible for metabolism of dipyridamole (not
seen with COBI).
• Ticagrelor: Strong CYP3A4 inhibitors may increase ticagrelor
exposure.
• Clopidogrel: Boosted DRV may decrease production of
clopidogrel’s active metabolite.
• Prasugrel: Boosted DRV may decrease prasugrel’s active
metabolite; however, adequate antiplatelet activity is
maintained.
• Vorapaxar: Increased vorapaxar levels are expected. | None_1: • Cilostazol: Monitor for antiplatelet effect; may be necessary to
use alternative antiplatelet medication or alternative ARV.
• Dipyridamole: Monitor for antiplatelet effect; use alternative
ARV or boost with COBI if necessary.
• Ticagrelor: To avoid increased bleeding risk, do not use
ticagrelor with strong CYP3A inhibitors, particularly COBI and
RTV.
• Clopidogrel, vorapaxar: Do not coadminister.
• Prasugrel: No dose adjustments are necessary."
Table 4: Boosted Darunavir (DRV) Interactions (also see prescribing information),24,Boosted Darunavir (DRV),,,,"None: DRV boosted with COBI or RTV inhibits CYP3A4 and other
transporters. | None_1: • Alfuzosin, silodosin: Concomitant use is contraindicated.
• Doxazosin, terazosin: PIs may be used concurrently; potential
increases in doxazosin and terazosin levels are possible. Dose
reduction may be necessary.
• Tamsulosin: Avoid unless benefits outweigh risk. If used
together, monitor for tamsulosin-associated adverse effects,
such as hypotension."
Table 4: Boosted Darunavir (DRV) Interactions (also see prescribing information),24,Boosted Darunavir (DRV),,,,"None: Boosted PIs inhibit P-gP, which may decrease aliskiren
elimination, increasing risk of adverse effects. | None_1: Do not coadminister."
Table 4: Boosted Darunavir (DRV) Interactions (also see prescribing information),24,Boosted Darunavir (DRV),,,,"None: • COBI-boosted PIs may increase atenolol via inhibition of
MATE1 elimination.
• Similar interaction is not seen with RTV-boosted PIs. | None_1: • Start at lowest possible dose and titrate slowly to achieve
clinical effect while monitoring for adverse effects.
• If patient is already using atenolol but starting COBI-boosted
PI, monitor for atenolol-related adverse effects and reduce
atenolol dose as needed.
• RTV is the preferred PK booster when patient is also using
atenolol."
Table 4: Boosted Darunavir (DRV) Interactions (also see prescribing information),25,Boosted Darunavir (DRV),,,,None: Mechanism of Action | None_1: Clinical Comments
Table 4: Boosted Darunavir (DRV) Interactions (also see prescribing information),25,Boosted Darunavir (DRV),,,,"None: Boosted PIs may increase CCB concentrations by as much as 50%. | None_1: When using with boosted PIs, decrease original CCB dose by as
much as 50% and titrate slowly to achieve clinical effect."
Table 4: Boosted Darunavir (DRV) Interactions (also see prescribing information),25,Boosted Darunavir (DRV),,,,"None: DRV inhibits hepatic CYP3A4 isoenzyme and can increase serum
concentrations of eplerenone. | None_1: Avoid concomitant use to avoid increased risk of hyperkalemia
and hypotension."
Table 4: Boosted Darunavir (DRV) Interactions (also see prescribing information),25,Boosted Darunavir (DRV),,,,"None: • Metformin: COBI is known to inhibit MATE1, which is involved
in metformin elimination, thus increasing metformin
concentrations.
• Glyburide is mainly metabolized by CYP3A; thus,
concentrations are increased by inhibitors of this enzyme.
• Saxagliptin is a substrate of CYP3A; levels may be increased by
CYP3A4 inhibitors.
• Canagliflozin, bexagliflozin: RTV induces UGT and may
decrease concentrations; no significant interactions are
expected with COBI. | None_1: • Metformin: Monitor for metformin-related adverse effects;
reduce dose as needed.
• Glyburide or alternative sulfonylureas: Use lowest effective
doses with boosted PIs; monitor for signs of hypoglycemia.
• Saxagliptin: Limit dose to 2.5 mg once per day.
• Canagliflozin: If the patient already tolerates canagliflozin
100 mg daily, increase dose to 200 mg daily. If the patient
already tolerates canagliflozin 200 mg daily and requires
additional glycemic control, the management strategy should
be based on renal function.
‒ In patients with eGFR ≥60 mL/min/1.73 m2, canagliflozin
dose may be increased to 300 mg daily.
‒ In patients with eGFR <60 mL/min/1.73 m2, consider adding
another antihyperglycemic agent.
• Bexagliflozin: No dosage recommendation available at this
time for concurrent use; consider alternative therapies."
Table 4: Boosted Darunavir (DRV) Interactions (also see prescribing information),25,Boosted Darunavir (DRV),,,,"None: CYP3A inhibition increases plasma concentrations of these
agents. | None_1: • Concomitant use is contraindicated unless benefits outweigh
risks; consider alternative ARV.
• If coadministration is necessary, monitor frequently for QT
prolongation, palpitations, and sinus tachycardia.
• Boosted PIs may also increase QT prolongation."
Table 4: Boosted Darunavir (DRV) Interactions (also see prescribing information),25,Boosted Darunavir (DRV),,,,"None: • Boosted PIs are strong inhibitors of CYP3A and many
corticosteroids are substrates of these enzymes.
• Risk of Cushing’s syndrome occurs when boosted DRV is
coadministered with following corticosteroids:
‒ Intranasal or inhaled: Fluticasone, mometasone, ciclesonide,
budesonide, triamcinolone
‒ Systemic: Betamethasone, budesonide, dexamethasone
‒ Injectable: Betamethasone, triamcinolone | None_1: • Use beclomethasone if possible. Because this agent is less
likely to be affected by boosted PIs, it is less likely to cause
symptoms of Cushing’s syndrome and other systemic
corticosteroid adverse effects.
• Fluticasone, mometasone, ciclesonide, budesonide,
triamcinolone (intranasal or inhaled): Do not coadminister
unless potential benefits outweigh risk; consider alternative
corticosteroid (e.g., beclomethasone).
• Betamethasone, budesonide (systemic): Do not coadminister
unless potential benefits outweigh risk."
Table 4: Boosted Darunavir (DRV) Interactions (also see prescribing information),26,Boosted Darunavir (DRV),,,,None: Mechanism of Action | None_1: Clinical Comments
Table 4: Boosted Darunavir (DRV) Interactions (also see prescribing information),26,Boosted Darunavir (DRV),,,,"None_1: • Prednisolone, prednisone (systemic): Concomitant use is
contraindicated unless potential benefits outweigh risk; if use
cannot be avoided, use for shortest effective duration.
• Betamethasone, triamcinolone (injectable): Concomitant use
is contraindicated unless benefits outweigh risk.
• Dexamethasone (systemic): Concomitant use is
contraindicated unless potential benefits outweigh risk;
consider alternative corticosteroid."
Table 4: Boosted Darunavir (DRV) Interactions (also see prescribing information),26,Boosted Darunavir (DRV),,,,"None: • Prednisone is a CYP3A4 and P-gP substrate.
• Boosted PIs are strong inhibitors of CYP3A4 and P-gP. | None_1: Avoid concomitant use unless risk outweighs benefits because of
increased risk of corticosteroid-related adverse effects."
Table 4: Boosted Darunavir (DRV) Interactions (also see prescribing information),26,Boosted Darunavir (DRV),,,,"None: The following benzodiazepines are substrates of CYP3A and may
be increased in presence of strong inhibitors of this enzyme:
• Alprazolam: Boosted ARVs may increase alprazolam
concentrations via CYP3A4 inhibition.
• Diazepam: CYP3A4 inhibition may reduce metabolism of
diazepam. | None_1: • Consider alternative benzodiazepine (e.g., lorazepam,
oxazepam, temazepam). If used, administer lowest effective
dose; monitor closely for adverse effects.
• Diazepam: Monitor for excess sedation."
Table 4: Boosted Darunavir (DRV) Interactions (also see prescribing information),26,Boosted Darunavir (DRV),,,,"None: • Haloperidol: Boosted PIs may moderately increase haloperidol
concentrations.
• Aripiprazole, brexpiprazole: RTV-boosted PIs may increase
aripiprazole and brexpiprazole levels.
• Risperidone: Boosted PIs may moderately increase risperidone
levels.
• Clozapine: Interaction has not been studied but boosted DRV
may theoretically increase clozapine concentrations, increasing
risk of adverse effects.
• Iloperidone, lumateperone, lurasidone, cariprazine: Levels are
likely to be increased by all PIs, whether boosted or not. | None_1: • Quetiapine:
‒ Patients on stabilized quetiapine: Reduce dose to 1/6 if
initiating ART; monitor for QT prolongation.
‒ Patients stabilized on boosted PI: Use lowest dose and
titrate slowly to achieve clinical effect; monitor for QT
prolongation.
• Lurasidone: No data available. Avoid coadministration;
consider alternative antipsychotic or ARV.
• Haloperidol: Monitor for QT prolongation.
• Iloperidone: Decrease iloperidone dose by 50%.
• Aripiprazole: Initiate at 25% of standard starting dose and
titrate slowly to achieve clinical effect; monitor carefully for
efficacy and adjust dose as necessary.
• Brexpiprazole: Administer at 50% of brexpiprazole dose and
adjust dose as necessary.
• Lumateperone: Do not coadminister.
• Pimozide: Concomitant use is contraindicated.
• Risperidone: Initiate at low dose and titrate slowly to achieve
clinical effect; monitor for adverse effects.
• Ziprasidone: Monitor for adverse effects, including QTc
prolongation."
Table 4: Boosted Darunavir (DRV) Interactions (also see prescribing information),27,Boosted Darunavir (DRV),,,,None: Mechanism of Action | None_1: Clinical Comments
Table 4: Boosted Darunavir (DRV) Interactions (also see prescribing information),27,Boosted Darunavir (DRV),,,,"None_1: • Cariprazine: Consult DHHS guideline for full dosing
recommendations and clinical comments [DHHS(c) 2024].
• Clozapine: Monitor carefully for clozapine-related adverse
effects."
Table 4: Boosted Darunavir (DRV) Interactions (also see prescribing information),27,Boosted Darunavir (DRV),,,,"None: Inhibition of CYP3A4, P-gP, and OATP1B1 by boosted PIs may
increase plasma concentrations of other PIs. | None_1: Avoid concomitant use to avoid adverse effects of NS3/4A PIs."
Table 4: Boosted Darunavir (DRV) Interactions (also see prescribing information),27,Boosted Darunavir (DRV),,,,None: Boosted PIs inhibit daclatasvir metabolism via CYP3A4. | None_1: Decrease daclatasvir dose to 30 mg per day.
Table 4: Boosted Darunavir (DRV) Interactions (also see prescribing information),27,Boosted Darunavir (DRV),,,,"None: • COBI inhibits CYP3A.
• Suvorexant is a substrate of CYP3A.
• Zolpidem, suvorexant: Boosted PIs may increase zolpidem and
suvorexant concentrations.
• Ramelteon: RTV-boosted PIs may reduce ramelteon efficacy. | None_1: • Zolpidem: Administer lowest effective dose; monitor for
adverse effects, including excess sedation.
• Eszopiclone: Start with 1 mg per day and titrate slowly to
achieve clinical effect; monitor for adverse effects, including
excess sedation.
• Suvorexant: Coadministration is not recommended (may
increase somnolence, dizziness, and risk of sleep hangover);
use alternative sleep medication or ARV.
• Ramelteon: Monitor for efficacy in cigarette smokers."
Table 4: Boosted Darunavir (DRV) Interactions (also see prescribing information),27,Boosted Darunavir (DRV),,,,"None: • Eletriptan: Metabolism inhibited by boosted PIs.
• TCAs: PIs and TCAs can both cause QT prolongation. | None_1: • Eletriptan: Do not coadminister; use alternative triptan
medication.
• TCAs: With concomitant use of high-dose TCAs and PIs,
consider monitoring for QT prolongation and other cardiac
adverse effects or consider alternative medications."
Table 4: Boosted Darunavir (DRV) Interactions (also see prescribing information),27,Boosted Darunavir (DRV),,,,None: No clinically significant interactions reported. | None_1: Do not exceed omeprazole 40 mg per day.
Table 4: Boosted Darunavir (DRV) Interactions (also see prescribing information),27,Boosted Darunavir (DRV),,,,None: Boosted DRV may increase trazodone concentrations. | None_1: Monitor for antidepressant and/or sedative effects.
Table 4: Boosted Darunavir (DRV) Interactions (also see prescribing information),27,Boosted Darunavir (DRV),,,,"None: • Carbamazepine, oxcarbazepine, phenobarbital, phenytoin:
Coadministration may significantly reduce concentrations of
ARVs through induction of CYP450 system.
• Zonisamide: CYP3A4 inhibition may increase zonisamide
concentrations. | None_1: • Carbamazepine, oxcarbazepine, phenobarbital, phenytoin:
‒ Coadministration is not recommended; use alternative
anticonvulsant.
‒ If benefit of use outweighs risk, monitor carefully for
efficacy and toxicity.
‒ Perform TDM.
• Zonisamide: Monitor for efficacy and adverse effects; adjust
dose as needed."
Table 4: Boosted Darunavir (DRV) Interactions (also see prescribing information),27,Boosted Darunavir (DRV),,,,"None: Complex mechanisms of metabolism and formation of both active
and inactive metabolites create interactions of unclear
significance between these drugs and boosted PIs. | None_1: Monitor for signs of opiate toxicity and analgesic effect; dose
these analgesics accordingly."
Table 4: Boosted Darunavir (DRV) Interactions (also see prescribing information),28,Boosted Darunavir (DRV),,,,None: Mechanism of Action | None_1: Clinical Comments
Table 4: Boosted Darunavir (DRV) Interactions (also see prescribing information),28,Boosted Darunavir (DRV),,,,"None: Tramadol exposure is increased with CYP3A inhibition, but this
reduces conversion to more potent active metabolite seen when
tramadol is metabolized by CYP2D6. | None_1: When tramadol is given with COBI or RTV, monitoring for
tramadol-related adverse effects and analgesic effect may be
required as clinically indicated; adjust tramadol dose if indicated."
Table 4: Boosted Darunavir (DRV) Interactions (also see prescribing information),28,Boosted Darunavir (DRV),,,,"None: • RTV-boosted DRV: Combination appears to decrease oral
norethindrone concentrations.
• COBI-boosted DRV: Combination has not been studied, but
since COBI does not induce glucuronidation, it is expected to
increase norethindrone concentration. | None_1: • Norethindrone: Consider alternative or additional
contraceptive methods or alternative ARV.
• Etonogestrel: No data available. Consider alternative or
additional contraceptive methods or alternative ARV."
Table 4: Boosted Darunavir (DRV) Interactions (also see prescribing information),28,Boosted Darunavir (DRV),,,,"None: • PDE5 inhibitors: Increased PDE5 inhibitor concentrations are
expected.
• Flibanserin: Increased flibanserin concentrations are expected | None_1: • Sildenafil: Start with 25 mg every 48 hours; monitor for
adverse effects.
• Tadalafil: Start with 5 mg and do not exceed 10 mg every 72
hours; monitor for adverse effects.
• Vardenafil: Administer 2.5 mg every 72 hours; monitor for
adverse effects.
• Avanafil, flibanserin: Do not coadminister."
Table 4: Boosted Darunavir (DRV) Interactions (also see prescribing information),28,Boosted Darunavir (DRV),,,,"None: • BUP: RTV-boosted PIs may greatly increase BUP
concentrations, but clinical significance of this effect is
unknown because BUP dosing is based on Clinical Opiate
Withdrawal Scale.
• BUP/NLX: COBI-boosted DRV may increase BUP concentrations
while decreasing NLX concentrations when given with
sublingual BUP/NLX.
• Methadone:
‒ COBI does not appear to have any significant effect on
methadone concentration.
‒ RTV-boosted DRV taken twice per day may reduce
methadone concentrations. | None_1: • BUP: When administering with RTV-boosted DRV, monitor for
signs of increased opioid toxicity, including sedation, impaired
cognition, and respiratory distress.
• BUP, BUP/NLX: When administering with COBI-boosted DRV,
titrate carefully to achieve clinical effect.
• Methadone:
‒ Based on efficacy and safety, initiate at lowest possible dose
and titrate to achieve clinical effect; monitor for signs and
symptoms of opiate withdrawal.
‒ When administering with RTV-boosted DRV taken twice per
day, monitor for signs of opiate withdrawal and increase
methadone dose if necessary."
Table 4: Boosted Darunavir (DRV) Interactions (also see prescribing information),28,Boosted Darunavir (DRV),,,,"None: Everolimus, sirolimus, cyclosporine, tacrolimus: Metabolism
decreased by boosted PIs. | None_1: • Everolimus, sirolimus: Do not use with boosted DRV.
• Cyclosporine, tacrolimus: Dose based on TDM; monitor closely
for adverse effects."
Table 4: Boosted Darunavir (DRV) Interactions (also see prescribing information),28,Boosted Darunavir (DRV),,,,"None: • Rifabutin does not affect boosted PI levels, but when used
concomitantly, bioavailability of rifabutin and its active
metabolite is increased.
• Rifampin, rifapentine: CYP3A induction reduces bioavailability
of all PIs. | None_1: • Rifabutin:
‒ RTV-boosted PIs: When used concomitantly, reduce
rifabutin to 150 mg 3 times per week.
‒ COBI-boosted PIs: Do not coadminister.
• Rifampin, rifapentine: Concomitant use of PIs and rifampin or
rifapentine is contraindicated."
Table 4: Boosted Darunavir (DRV) Interactions (also see prescribing information),29,Boosted Darunavir (DRV),,,,None: Mechanism of Action | None_1: Clinical Comments
Table 4: Boosted Darunavir (DRV) Interactions (also see prescribing information),29,Boosted Darunavir (DRV),,,,"None: • Molnupiravir and monoclonal antibodies do not affect
CYP450, P-gP, or other drug metabolism transporters.
• Nirmatrelvir/RTV: Inhibition of CYP3A4, P-gP, and other
transporters may increase plasma concentrations of other PIs. | None_1: • Molnupiravir, monoclonal antibodies: Drug interactions are
unlikely.
• Nirmatrelvir/RTV: Patients on RTV- or COBI-containing
regimens should continue treatment for COVID-19 and HIV as
indicated without adjustment. Monitor for increased PI-related
adverse effects."
Table 4: Boosted Darunavir (DRV) Interactions (also see prescribing information),29,Boosted Darunavir (DRV),,,,"None: • Brincidofovir is a substrate for OATP1B1 and OATP1B3.
• Tecovirimat is a weak inducer of CYP3A and weak inhibitor of
CYP2C8 and CYP2C19. | None_1: • Brincidofovir: Coadministration with PIs will likely increase
brincidofovir levels. Consider avoiding concurrent PIs if
possible. If unable to change PI, monitor for brincidofovir-
related adverse effects, e.g., LFT elevations,
hyperbilirubinemia, diarrhea, or other GI adverse effects.
Postpone PI dosing for at least 3 hours after brincidofovir
administration.
• Tecovirimat may reduce PI levels, though effects are not likely
to be clinically relevant. No dose adjustment in either drug is
necessary."
Table 4: Boosted Darunavir (DRV) Interactions (also see prescribing information),29,Boosted Darunavir (DRV),,,,"None: • Methylphenidate, amphetamine, dextroamphetamine:
CYP2D6 inhibition may increase drug concentrations with
concurrent RTV use.
• Modafinil: CYP3A4 induction may reduce PI levels. | None_1: • Methylphenidate, amphetamine, dextroamphetamine may
increase risk of serotonin syndrome when used concurrently
with RTV and other serotonergic medications; interaction may
be less significant with COBI. Consider using lower initial dose
and monitor for serotonin syndrome.
• Modafinil: Avoid concurrent use due to potential loss of
virologic response."
Table 4: Boosted Darunavir (DRV) Interactions (also see prescribing information),29,Boosted Darunavir (DRV),,,,"None: • Methylphenidate, amphetamine, dextroamphetamine:
CYP2D6 inhibition may increase drug concentrations with
concurrent RTV use.
• Modafinil: CYP3A4 induction may reduce PI levels. | None_1: • Methylphenidate, amphetamine, dextroamphetamine may
increase risk of serotonin syndrome when used concurrently
with RTV and other serotonergic medications; interaction may
be less significant with COBI. Consider using lower initial dose
and monitor for serotonin syndrome.
• Modafinil: Avoid concurrent use due to potential loss of
virologic response."
Table 5: Bictegravir (BIC) Interactions (also see prescribing information),30,Bictegravir (BIC),,,,None: Mechanism of Action | None_1: Clinical Comments
Table 5: Bictegravir (BIC) Interactions (also see prescribing information),30,Bictegravir (BIC),,,,"None: BIC chelates with cations, forming insoluble compounds that
inactivate both drugs. | None_1: • Aluminum/magnesium-containing antacids: Administer
antacids at least 6 hours before or 2 hours after BIC.
• Calcium-containing antacids:
‒ Administer BIC and antacids together with food.
‒ Do not coadminister BIC simultaneously with antacids on
empty stomach."
Table 5: Bictegravir (BIC) Interactions (also see prescribing information),30,Bictegravir (BIC),,,,"None: BIC can chelate with cations, reducing absorption of both drugs. | None_1: Calcium- or iron-containing supplements:
• If taken with food, BIC can be taken at same time.
• If not taken with food, these supplements should be
administered as with antacids."
Table 5: Bictegravir (BIC) Interactions (also see prescribing information),30,Bictegravir (BIC),,,,"None: BIC inhibits renal OCT2 and MATE1, and these transporters
eliminate dofetilide. | None_1: Avoid concomitant use (may cause QT prolongation or torsades
de pointes)."
Table 5: Bictegravir (BIC) Interactions (also see prescribing information),30,Bictegravir (BIC),,,,"None: BIC inhibits renal OCT2 and MATE1, which are involved in
metformin elimination. | None_1: • Drug interaction studies suggest that prospective dose
adjustment of metformin is not required when using BIC.
• Administer at lowest dose possible to achieve glycemic control;
monitor for adverse effects."
Table 5: Bictegravir (BIC) Interactions (also see prescribing information),30,Bictegravir (BIC),,,,"None: Atenolol is eliminated via OCT2 and MATE1, which are inhibited
by BIC. Coadministration may increase atenolol levels. | None_1: • Start at lower atenolol dose and titrate slowly to achieve
clinical effect.
• If patient is already using atenolol but starting BIC, monitor for
atenolol-related adverse effects.
• Reduce atenolol dose if necessary or switch to another ARV."
Table 5: Bictegravir (BIC) Interactions (also see prescribing information),30,Bictegravir (BIC),,,,"None: Cyclosporine may increase BIC concentrations to modest degree
via P-gP inhibition. | None_1: Monitor for BIC-related adverse effects."
Table 5: Bictegravir (BIC) Interactions (also see prescribing information),30,Bictegravir (BIC),,,,"None: • Rifabutin: CYP3A and P-gP induction decrease BIC levels.
• Rifampin, rifapentine: CYP3A induction reduces bioavailability. | None_1: • Rifampin: Concomitant use is contraindicated [a].
• Rifabutin, rifapentine: Concomitant use is not recommended
[FDA(a) 2025]."
Table 5: Bictegravir (BIC) Interactions (also see prescribing information),30,Bictegravir (BIC),,,,"None: • Molnupiravir and monoclonal antibodies do not affect
CYP450, P-gP, or other drug metabolism transporters.
• Nirmatrelvir/RTV: Inhibition of CYP3A4, P-gP, and other
transporters may increase plasma concentrations of other
medications. | None_1: • Molnupiravir, monoclonal antibodies: Drug interactions are
unlikely.
• Nirmatrelvir/RTV: Drug interactions are unlikely; BIC levels
may increase."
Table 5: Bictegravir (BIC) Interactions (also see prescribing information),30,Bictegravir (BIC),,,,"None: • Molnupiravir and monoclonal antibodies do not affect
CYP450, P-gP, or other drug metabolism transporters.
• Nirmatrelvir/RTV: Inhibition of CYP3A4, P-gP, and other
transporters may increase plasma concentrations of other
medications. | None_1: • Molnupiravir, monoclonal antibodies: Drug interactions are
unlikely.
• Nirmatrelvir/RTV: Drug interactions are unlikely; BIC levels
may increase."
Table 5: Bictegravir (BIC) Interactions (also see prescribing information),31,Bictegravir (BIC),,,,None: Mechanism of Action | None_1: Clinical Comments
Table 5: Bictegravir (BIC) Interactions (also see prescribing information),31,Bictegravir (BIC),,,,None: Mechanism of Action | None_1: Clinical Comments
Table 5: Bictegravir (BIC) Interactions (also see prescribing information),31,Bictegravir (BIC),,The combination CAB/RPV antiretroviral therapy regimen can be used during an oral medication lead-in period and then as monthly long-acting injections; also see Table 11: Rilpivirine,,
Table 5: Bictegravir (BIC) Interactions (also see prescribing information),31,Bictegravir (BIC),,(RPV) Interactions.,,
Table 5: Bictegravir (BIC) Interactions (also see prescribing information),31,Bictegravir (BIC),,(RPV) Interactions.,,None: Mechanism of Action | None_1: Clinical Comments
Table 5: Bictegravir (BIC) Interactions (also see prescribing information),31,Bictegravir (BIC),,(RPV) Interactions.,,"None: Coadministration may significantly reduce CAB concentrations
through induction of CYP450, UGT1A, and/or P-gP system. | None_1: Concomitant use is contraindicated."
Table 5: Bictegravir (BIC) Interactions (also see prescribing information),31,Bictegravir (BIC),,(RPV) Interactions.,,"None: Coadministration may significantly reduce CAB concentrations
through induction of CYP450, UGT1A, and/or P-gP system. | None_1: • Rifampin, rifapentine: Concomitant use is contraindicated with
oral CAB.
• Rifabutin: May be used with oral CAB without dosage
adjustment.
• Rifabutin, rifampin, rifapentine: Concomitant use is
contraindicated with injectable CAB [FDA(b) 2025]."
Table 5: Bictegravir (BIC) Interactions (also see prescribing information),31,Bictegravir (BIC),,(RPV) Interactions.,,"None: Antacids increase gastric pH, and CAB requires acidic
environment for optimal absorption. Concomitant use may
decrease CAB absorption. | None_1: • Administer antacid products at least 2 hours before or 4 hours
after oral CAB.
• No effect of antacid use is expected on injectable CAB."
Table 5: Bictegravir (BIC) Interactions (also see prescribing information),31,Bictegravir (BIC),,(RPV) Interactions.,,"None: Antacids increase gastric pH, and CAB requires acidic
environment for optimal absorption. Concomitant use may
decrease CAB absorption. | None_1: • Administer antacid products at least 2 hours before or 4 hours
after oral CAB.
• No effect of antacid use is expected on injectable CAB."
Table 7: Dolutegravir (DTG) Interactions (also see prescribing information),32,Dolutegravir (DTG),,,,None: Mechanism of Action | None_1: Clinical Comments
Table 7: Dolutegravir (DTG) Interactions (also see prescribing information),32,Dolutegravir (DTG),,,,"None: DTG inhibits renal OCT2 and MATE1, and these transporters
eliminate dofetilide. | None_1: Avoid concomitant use (may cause QT prolongation or torsades
de pointes)."
Table 7: Dolutegravir (DTG) Interactions (also see prescribing information),32,Dolutegravir (DTG),,,,"None: DTG inhibits renal OCT2, MATE1, and MATE2, which are involved
in metformin elimination. | None_1: • Administer at lowest dose possible to achieve glycemic control;
monitor for adverse effects.
• Titrate to achieve clinical effect but do not exceed 1,000 mg
daily; monitor for adverse effects, including lactic acidosis."
Table 7: Dolutegravir (DTG) Interactions (also see prescribing information),32,Dolutegravir (DTG),,,,"None: DTG chelates with cations forming insoluble compounds that
inactivate both drugs. | None_1: • Administer DTG 2 hours before or 6 hours after.
• Calcium- and iron-containing supplements: DTG and
supplement may be used concomitantly if taken with food."
Table 7: Dolutegravir (DTG) Interactions (also see prescribing information),32,Dolutegravir (DTG),,,,"None: DTG chelates with cations, forming insoluble compounds that
inactivate both drugs. | None_1: • Administer DTG 2 hours before or 6 hours after.
• DTG and iron salts may be used concomitantly if taken with
food."
Table 7: Dolutegravir (DTG) Interactions (also see prescribing information),32,Dolutegravir (DTG),,,,"None: Atenolol is eliminated via OCT2 and MATE1, which are inhibited
by DTG. Coadministration may increase atenolol levels. | None_1: • Start at lower atenolol dose and titrate slowly to achieve
clinical effect.
• If patient is already using atenolol but starting DTG, monitor
for atenolol-related adverse effects.
• Reduce atenolol dose if necessary or switch to another ARV."
Table 7: Dolutegravir (DTG) Interactions (also see prescribing information),32,Dolutegravir (DTG),,,,"None: • ETR induces UGT1A1 and CYP3A enzymes.
• DTG is a substrate of UGT1A1 and CYP3A enzymes. | None_1: ETR reduces DTG concentrations. Do not use concomitantly
unless boosted PI is also part of treatment regimen."
Table 7: Dolutegravir (DTG) Interactions (also see prescribing information),32,Dolutegravir (DTG),,,,"None: • Rifabutin: No clinically significant interactions are expected.
• Rifampin: CYP3A induction reduces DTG bioavailability.
• Rifapentine: Reduced rifapentine levels are expected. | None_1: • Rifabutin: No dose adjustments are necessary.
• Rifampin: When used concomitantly, administer DTG at 50 mg
twice per day instead of 50 mg once per day in patients
without suspected or documented INSTI-associated resistance
mutations. Consider rifabutin in patients with INSTI resistance.
• Rifapentine, once weekly:
‒ If using concomitant DTG 50 mg once daily, monitor for
virologic efficacy.
‒ Do not coadminister with DTG 50 mg twice daily.
• Rifapentine, once daily: Do not coadminister DTG."
Table 7: Dolutegravir (DTG) Interactions (also see prescribing information),32,Dolutegravir (DTG),,,,"None: • Rifabutin: No clinically significant interactions are expected.
• Rifampin: CYP3A induction reduces DTG bioavailability.
• Rifapentine: Reduced rifapentine levels are expected. | None_1: • Rifabutin: No dose adjustments are necessary.
• Rifampin: When used concomitantly, administer DTG at 50 mg
twice per day instead of 50 mg once per day in patients
without suspected or documented INSTI-associated resistance
mutations. Consider rifabutin in patients with INSTI resistance.
• Rifapentine, once weekly:
‒ If using concomitant DTG 50 mg once daily, monitor for
virologic efficacy.
‒ Do not coadminister with DTG 50 mg twice daily.
• Rifapentine, once daily: Do not coadminister DTG."
Table 7: Dolutegravir (DTG) Interactions (also see prescribing information),33,Dolutegravir (DTG),,,,None: Mechanism of Action | None_1: Clinical Comments
Table 7: Dolutegravir (DTG) Interactions (also see prescribing information),33,Dolutegravir (DTG),,,,None: Mechanism of Action | None_1: Clinical Comments
Table 7: Dolutegravir (DTG) Interactions (also see prescribing information),33,Dolutegravir (DTG),,,,None: Mechanism of Action | None_1: Clinical Comments
Table 7: Dolutegravir (DTG) Interactions (also see prescribing information),33,Dolutegravir (DTG),,,,"None: EVG chelates with polyvalent cations, which may reduce
absorption of both agents. | None_1: Aluminum-, magnesium-, and/or calcium-containing antacids:
When taken with EVG, separate doses by at least 2 hours."
Table 7: Dolutegravir (DTG) Interactions (also see prescribing information),33,Dolutegravir (DTG),,,,"None: COBI-boosted EVG inhibits CYP3A4 and other transporters and is
likely to increase levels of select drugs in this class. | None_1: • Alfuzosin, silodosin: Concomitant use is contraindicated.
• Doxazosin, terazosin: May be used; increased levels are
possible.
• Tamsulosin: Avoid unless benefits outweigh risk. If used
together, monitor for tamsulosin-associated adverse effects,
such as hypotension."
Table 7: Dolutegravir (DTG) Interactions (also see prescribing information),33,Dolutegravir (DTG),,,,"None: • Factor Xa inhibitors are substrates of P-gP and CYP3A.
• COBI inhibits P-gP and CYP3A.
• Concentrations may increase, increasing bleeding risk. | None_1: • Rivaroxaban: Do not coadminister.
• Apixaban: Reduce apixaban dose to 2.5 mg twice per day; if
patient is already taking 2.5 mg twice per day, avoid
concomitant use.
• Dabigatran:
‒ In patients with good renal function, no dose adjustments
are necessary.
‒ In patients with moderate to severe renal dysfunction, do
not use this combination.
‒ Consider switching to another ARV regimen without booster
to avoid interaction.
• Edoxaban:
‒ For stroke prevention in patients with nonvalvular atrial
fibrillation: No dose adjustments are necessary.
‒ For patients with DVT and PE: Administer edoxaban 30 mg
once daily."
Table 7: Dolutegravir (DTG) Interactions (also see prescribing information),33,Dolutegravir (DTG),,,,"None: Metabolism of warfarin could potentially decrease (or more
rarely) increase. | None_1: • Use cautiously with warfarin. If use is necessary, increase INR
monitoring.
• If INR increases, decrease warfarin dose.
• If INR decreases, increase warfarin dose slowly."
Table 8: Boosted Elvitegravir (EVG) Interactions (also see prescribing information),34,Boosted Elvitegravir (EVG),,,,None: Mechanism of Action | None_1: Clinical Comments
Table 8: Boosted Elvitegravir (EVG) Interactions (also see prescribing information),34,Boosted Elvitegravir (EVG),,,,"None: • Cilostazol may be metabolized by CYP3A; COBI-boosted EVG
can increase concentrations of this drug.
• Ticagrelor: Strong CYP3A4 inhibitors may increase ticagrelor
exposure.
• Clopidogrel: Boosted EVG significantly decreases production of
clopidogrel’s active metabolite.
• Prasugrel: Boosted EVG decreases prasugrel’s active
metabolite; however, adequate antiplatelet activity is
maintained.
• Vorapaxar: Increased vorapaxar levels are expected. | None_1: • Cilostazol: Monitor for antiplatelet effect. May be necessary to
use alternative antiplatelet or alternative ARV.
• Ticagrelor: To avoid increased bleeding risk, do not use
ticagrelor with strong CYP3A inhibitors, particularly COBI and
RTV.
• Clopidogrel, vorapaxar: Do not coadminister.
• Prasugrel: No dose adjustments are necessary."
Table 8: Boosted Elvitegravir (EVG) Interactions (also see prescribing information),34,Boosted Elvitegravir (EVG),,,,"None: P-gP inhibitors, including boosted EVG, decrease aliskiren
elimination, increasing adverse effects of medication. | None_1: Do not coadminister."
Table 8: Boosted Elvitegravir (EVG) Interactions (also see prescribing information),34,Boosted Elvitegravir (EVG),,,,"None: EVG chelates with polyvalent cations, which may reduce
absorption of both agents. | None_1: Administer at least 2 hours before or 6 hours after EVG."
Table 8: Boosted Elvitegravir (EVG) Interactions (also see prescribing information),34,Boosted Elvitegravir (EVG),,,,"None: COBI-boosted EVG may increase atenolol concentrations via
inhibition of MATE-1 elimination. | None_1: • Start at lowest possible dose and titrate slowly to achieve
clinical effect while monitoring for adverse effects.
• If patient is already using atenolol but starting COBI-boosted
EVG, monitor for atenolol-related adverse effects. Reduce
atenolol dose as needed."
Table 8: Boosted Elvitegravir (EVG) Interactions (also see prescribing information),34,Boosted Elvitegravir (EVG),,,,"None: COBI-boosted EVG may increase CCB concentrations by as much
as 50%. | None_1: When using with boosted EVG, decrease original CCB dose by as
much as 50% and titrate slowly to achieve clinical effect."
Table 8: Boosted Elvitegravir (EVG) Interactions (also see prescribing information),34,Boosted Elvitegravir (EVG),,,,"None: • Eplerenone is metabolized by CYP3A.
• COBI inhibits CYP3A. | None_1: • Avoid concomitant use (increased risk of hyperkalemia and
hypertension).
• If concomitant use is required, use lowest possible effective
eplerenone dose."
Table 8: Boosted Elvitegravir (EVG) Interactions (also see prescribing information),34,Boosted Elvitegravir (EVG),,,,"None: • COBI inhibits CYP3A.
• Simvastatin and lovastatin are CYP3A substrates. Boosted EVG
greatly increases concentrations. | None_1: Concomitant use is contraindicated; may increase muscle aches
and risk of rhabdomyolysis; choose alternative statin."
Table 8: Boosted Elvitegravir (EVG) Interactions (also see prescribing information),34,Boosted Elvitegravir (EVG),,,,"None: • Pitavastatin and pravastatin are OATP1B1 substrates.
• COBI inhibits OATP1B1.
• Although moderate increases are possible, low doses are
considered safe when used with boosted EVG. | None_1: Use lowest effective doses of pitavastatin and pravastatin;
monitor for signs of toxicity, including myopathy."
Table 8: Boosted Elvitegravir (EVG) Interactions (also see prescribing information),34,Boosted Elvitegravir (EVG),,,,"None: • Atorvastatin is a substrate of CYP3A4 and OATP1B1.
• Boosted EVG inhibits both CYP3A and OATP1B1.
• Boosted EVG may moderately increase concentrations. | None_1: • Avoid concomitant use of COBI and atorvastatin.
• If atorvastatin use is necessary, do not exceed 20 mg per day."
Table 8: Boosted Elvitegravir (EVG) Interactions (also see prescribing information),35,Boosted Elvitegravir (EVG),,,,None: Mechanism of Action | None_1: Clinical Comments
Table 8: Boosted Elvitegravir (EVG) Interactions (also see prescribing information),35,Boosted Elvitegravir (EVG),,,,"None: • Rosuvastatin is a substrate of OATP1B1, OATP1B3, and CYP2C9.
• COBI inhibits OATP.
• EVG induces CYP2C9.
• Boosted EVG may moderately increase concentrations. | None_1: Use lowest effective dose of rosuvastatin and titrate carefully to
achieve clinical effect; monitor for adverse effects."
Table 8: Boosted Elvitegravir (EVG) Interactions (also see prescribing information),35,Boosted Elvitegravir (EVG),,,,"None: Interaction has not been studied, but potential for moderate
increase is possible. | None_1: Do not coadminister. If use is required, use lowest effective dose;
monitor closely for safety and efficacy before increasing statin
dose."
Table 8: Boosted Elvitegravir (EVG) Interactions (also see prescribing information),35,Boosted Elvitegravir (EVG),,,,"None: • Metformin: COBI is known to inhibit MATE1, which is involved
in metformin elimination, thus increasing metformin
concentrations.
• Glyburide is mainly metabolized by CYP3A; concentrations are
increased by inhibitors of this enzyme.
• Saxagliptin levels may be increased via CYP3A inhibition. | None_1: • Metformin: Monitor for metformin-related adverse effects;
reduce dose as needed.
• Glyburide or alternative sulfonylureas: Use lowest effective
doses with boosted EVG; monitor for signs of hypoglycemia.
• Saxagliptin: Limit dose to 2.5 mg once per day."
Table 8: Boosted Elvitegravir (EVG) Interactions (also see prescribing information),35,Boosted Elvitegravir (EVG),,,,"None: CYP3A inhibition increases plasma concentrations of these
agents. | None_1: • Concomitant use is contraindicated unless benefits outweigh
risks; consider alternative ARV.
• If coadministration is necessary, monitor frequently for QT
prolongation, palpitations, and sinus tachycardia.
• Salmeterol: Monitor for increased risk of cardiovascular-
related adverse events."
Table 8: Boosted Elvitegravir (EVG) Interactions (also see prescribing information),35,Boosted Elvitegravir (EVG),,,,"None: Risk of Cushing’s syndrome occurs when boosted EVG is
coadministered with the following corticosteroids:
• Intranasal or inhaled: Fluticasone, mometasone, ciclesonide,
budesonide, triamcinolone
• Systemic: Betamethasone, budesonide, prednisolone,
prednisone, dexamethasone
• Injectable: Betamethasone, triamcinolone | None_1: • Fluticasone, mometasone, ciclesonide, budesonide,
triamcinolone (intranasal or inhaled): Do not coadminister
unless potential benefits outweigh risk; consider alternative
corticosteroid (e.g., beclomethasone).
• Betamethasone, budesonide (systemic): Do not coadminister
unless potential benefits outweigh risk.
• Betamethasone, triamcinolone (injectable): Do not
coadminister unless benefits outweigh risk.
• Prednisolone, prednisone (systemic): Do not coadminister
unless potential benefits outweigh risk; if use cannot be
avoided, use for shortest effective duration.
• Dexamethasone (systemic): Do not coadminister unless
potential benefits outweigh risk; consider alternative
corticosteroid. Beclomethasone and flunisolide are likely safe
alternatives."
Table 8: Boosted Elvitegravir (EVG) Interactions (also see prescribing information),35,Boosted Elvitegravir (EVG),,,,None: Boosted EVG may increase trazodone concentrations. | None_1: Monitor for antidepressant and/or sedative effects.
Table 8: Boosted Elvitegravir (EVG) Interactions (also see prescribing information),36,Boosted Elvitegravir (EVG),,,,None: Mechanism of Action | None_1: Clinical Comments
Table 8: Boosted Elvitegravir (EVG) Interactions (also see prescribing information),36,Boosted Elvitegravir (EVG),,,,"None: Boosting with cobicistat may increase benzodiazepine
concentrations via CYP3A4 inhibition. | None_1: Consider alternative benzodiazepine (e.g., lorazepam, oxazepam,
temazepam); if used, administer lowest effective dose; monitor
closely for adverse effects."
Table 8: Boosted Elvitegravir (EVG) Interactions (also see prescribing information),36,Boosted Elvitegravir (EVG),,,,"None: Levels likely to be increased by COBI-boosted EVG. | None_1: • Midazolam:
‒ Oral: Concomitant use is contraindicated.
‒ Parenteral: Administer in closely monitored setting.
Consider dose reduction, especially if >1 dose is
administered.
• Triazolam: Concomitant use is contraindicated."
Table 8: Boosted Elvitegravir (EVG) Interactions (also see prescribing information),36,Boosted Elvitegravir (EVG),,,,"None: Several antipsychotic agents are CYP3A substrates, and inhibitors
of this enzyme may increase their concentrations. | None_1: • Quetiapine: Reduce dose to 1/6 if initiating ART in patient on
stabilized quetiapine.
• All other antipsychotics: Use at lowest dose possible in
patients taking boosted ARVs; monitor carefully for adverse
effects."
Table 8: Boosted Elvitegravir (EVG) Interactions (also see prescribing information),36,Boosted Elvitegravir (EVG),,,,"None: • PDE5 inhibitors are CYP3A substrates. Increased PDE5 inhibitor
concentrations are expected.
• COBI inhibits CYP3A. | None_1: • PDE5 inhibitors: Avoid concomitant use or use with lowest
effective dose of PDE5 inhibitor (may increase risk of
hypotension, syncope, priapism, and other adverse effects).
• Avanafil: No data available; do not coadminister.
• Sildenafil: Start with 25 mg every 48 hours; monitor for
adverse effects.
• Tadalafil: Start with 5 mg and do not exceed 10 mg every 72
hours; monitor for adverse effects.
• Vardenafil: Administer 2.5 mg every 72 hours; monitor for
adverse effects."
Table 8: Boosted Elvitegravir (EVG) Interactions (also see prescribing information),36,Boosted Elvitegravir (EVG),,,,"None: • Suvorexant is a CYP3A substrate.
• COBI inhibits CYP3A. | None_1: Avoid concomitant use or use lowest effective dose (may increase
somnolence, dizziness, and risk of sleep hangover)."
Table 8: Boosted Elvitegravir (EVG) Interactions (also see prescribing information),36,Boosted Elvitegravir (EVG),,,,"None: These drugs are CYP3A substrates and may be increased by
strong inhibitors of this enzyme. | None_1: • Zolpidem: Administer lowest possible dose of zolpidem;
monitor for adverse effects.
• Eszopiclone: Start with 1 mg of eszopiclone at bedtime and
titrate slowly to achieve clinical effect."
Table 8: Boosted Elvitegravir (EVG) Interactions (also see prescribing information),36,Boosted Elvitegravir (EVG),,,,"None: Coadministration may significantly reduce concentrations of ARVs
through induction of CYP450 system. | None_1: • Coadministration is not recommended; use alternative
anticonvulsant.
• If benefit of use outweighs risk, monitor carefully for efficacy
and toxicity.
• Perform TDM."
Table 8: Boosted Elvitegravir (EVG) Interactions (also see prescribing information),37,Boosted Elvitegravir (EVG),,,,None: Mechanism of Action | None_1: Clinical Comments
Table 8: Boosted Elvitegravir (EVG) Interactions (also see prescribing information),37,Boosted Elvitegravir (EVG),,,,"None: Eletriptan is a CYP3A substrate and concentrations may be
increased if given with strong inhibitors of this enzyme. | None_1: Do not coadminister; use alternative triptan medication."
Table 8: Boosted Elvitegravir (EVG) Interactions (also see prescribing information),37,Boosted Elvitegravir (EVG),,,,"None: Complex mechanisms of metabolism and formation of both active
and inactive metabolites create interactions of unclear
significance between these drugs and boosted EVG. | None_1: Monitor for signs of opiate toxicity and analgesic effect and dose
these analgesics accordingly."
Table 8: Boosted Elvitegravir (EVG) Interactions (also see prescribing information),37,Boosted Elvitegravir (EVG),,,,"None: Tramadol exposure is increased with CYP3A inhibition, but this
reduces conversion to the more potent active metabolite seen
when tramadol is metabolized by CYP2D6. | None_1: When tramadol is given with COBI or RTV, monitoring for
tramadol-related adverse effects and analgesic effect may be
required as clinically indicated; adjust tramadol dosage if needed."
Table 8: Boosted Elvitegravir (EVG) Interactions (also see prescribing information),37,Boosted Elvitegravir (EVG),,,,"None: Drospirenone: Concomitant use may cause hyperkalemia. | None_1: • Ethinyl estradiol, norgestimate and metabolites;
norethindrone: Weigh risks and benefits; consider alternative
contraceptive methods.
• Drospirenone: Monitor for hyperkalemia; consider alternative
contraceptive methods or alternative ARV.
• Etonogestrel: No data available; consider alternative or
additional contraceptive methods or alternative ARV."
Table 8: Boosted Elvitegravir (EVG) Interactions (also see prescribing information),37,Boosted Elvitegravir (EVG),,,,"None: Everolimus, sirolimus, cyclosporine, tacrolimus: Metabolism
decreased by boosted EVG. | None_1: • Everolimus, sirolimus: Do not use with boosted EVG.
• Cyclosporine, tacrolimus: Dose based on TDM; monitor closely
for adverse effects."
Table 8: Boosted Elvitegravir (EVG) Interactions (also see prescribing information),37,Boosted Elvitegravir (EVG),,,,"None: • Rifabutin: CYP3A induction is expected to decrease EVG levels.
• Rifampin, rifapentine: CYP3A induction reduces EVG
bioavailability. | None_1: • Rifabutin: Concomitant use is not recommended. When
concomitant use cannot be avoided, dose rifabutin at 150 mg 3
times per week, and monitor for response to EVG-containing
regimen.
• Rifampin, rifapentine: Concurrent use with boosted EVG is not
recommended."
Table 8: Boosted Elvitegravir (EVG) Interactions (also see prescribing information),37,Boosted Elvitegravir (EVG),,,,"None: • Molnupiravir and monoclonal antibodies do not affect
CYP450, P-gP, or other drug metabolism transporters.
• Nirmatrelvir/RTV: Inhibition of CYP3A4, P-gP, and other
transporters may increase plasma concentrations of other
medications. | None_1: • Molnupiravir, monoclonal antibodies: Drug interactions are
unlikely.
• Nirmatrelvir/RTV: Patients on RTV- or COBI-containing
regimens should continue treatment as indicated. Monitor for
increased EVG-related adverse effects."
Table 8: Boosted Elvitegravir (EVG) Interactions (also see prescribing information),37,Boosted Elvitegravir (EVG),,,,"None: • Brincidofovir is a substrate for OATP1B1, OATP1B3.
• Tecovirimat is a weak inducer of CYP3A and weak inhibitor of
CYP2C8 and CYP2C19. | None_1: • Brincidofovir: Coadministration with EVG/COBI will likely
increase brincidofovir levels. Consider avoiding concurrent
EVG/COBI if possible. If unable to change EVG/COBI, monitor
for brincidofovir-related adverse effects, e.g., LFT elevations,
hyperbilirubinemia, diarrhea, or other GI adverse effects.
Postpone EVG/COBI dosing for at least 3 hours after
brincidofovir administration."
Table 8: Boosted Elvitegravir (EVG) Interactions (also see prescribing information),38,Boosted Elvitegravir (EVG),,,,None: Mechanism of Action | None_1: Clinical Comments
Table 8: Boosted Elvitegravir (EVG) Interactions (also see prescribing information),38,Boosted Elvitegravir (EVG),,,,"None_1: • Tecovirimat may reduce EVG/COBI levels, though effects are
not likely to be clinically relevant. No dose adjustment in either
drug is necessary."
Table 8: Boosted Elvitegravir (EVG) Interactions (also see prescribing information),38,Boosted Elvitegravir (EVG),,,,"None: • Methylphenidate, amphetamine, dextroamphetamine:
CYP2D6 inhibition may increase drug concentrations with
concurrent RTV use. Less effect found with COBI.
• Modafinil: CYP3A4 induction may reduce EVG and COBI levels. | None_1: • Methylphenidate, amphetamine, dextroamphetamine may
increase risk of serotonin syndrome when used concurrently
with RTV and other serotonergic medications; interaction may
be less significant with COBI. Consider using lower initial dose
and monitor for serotonin syndrome.
• Modafinil: Avoid concurrent use due to potential loss of
virologic response."
Table 8: Boosted Elvitegravir (EVG) Interactions (also see prescribing information),38,Boosted Elvitegravir (EVG),,,,"None: • Methylphenidate, amphetamine, dextroamphetamine:
CYP2D6 inhibition may increase drug concentrations with
concurrent RTV use. Less effect found with COBI.
• Modafinil: CYP3A4 induction may reduce EVG and COBI levels. | None_1: • Methylphenidate, amphetamine, dextroamphetamine may
increase risk of serotonin syndrome when used concurrently
with RTV and other serotonergic medications; interaction may
be less significant with COBI. Consider using lower initial dose
and monitor for serotonin syndrome.
• Modafinil: Avoid concurrent use due to potential loss of
virologic response."
Table 8: Boosted Elvitegravir (EVG) Interactions (also see prescribing information),38,Boosted Elvitegravir (EVG),,,,None: Mechanism of Action | None_1: Clinical Comments
Table 8: Boosted Elvitegravir (EVG) Interactions (also see prescribing information),38,Boosted Elvitegravir (EVG),,,,"None: RAL chelates with cations, forming insoluble compounds that
inactivate both drugs. | None_1: • Aluminum-magnesium hydroxide antacids: Concomitant use
is contraindicated; use alternative acid-reducing agent.
• Calcium carbonate antacids:
‒ RAL HD once per day is contraindicated.
‒ RAL 400 mg twice per day: No dose adjustment or
separation is necessary.
• Other polyvalent cations: Administer at least 2 hours before or
6 hours after."
Table 8: Boosted Elvitegravir (EVG) Interactions (also see prescribing information),38,Boosted Elvitegravir (EVG),,,,"None: Coadministration with strong UGT1A1 inducers (phenytoin,
phenobarbital, etc.) may decrease RAL concentrations. | None_1: Coadministration with strong UGT1A1 inducers is not
recommended."
Table 8: Boosted Elvitegravir (EVG) Interactions (also see prescribing information),38,Boosted Elvitegravir (EVG),,,,"None: • Rifabutin: No clinically significant interactions are expected.
• Rifampin: CYP3A4 induction reduces RAL bioavailability.
• Rifapentine: Induction of metabolism may reduce RAL
metabolism. | None_1: • Rifabutin: No dose adjustments are necessary.
• Rifampin:
‒ When used concomitantly, dose RAL at 800 mg twice per
day instead of 400 mg twice per day.
‒ Do not use RAL HD."
Table 9: Raltegravir (RAL) Interactions (also see prescribing information),39,Raltegravir (RAL),,,,None: Mechanism of Action | None_1: Clinical Comments
Table 9: Raltegravir (RAL) Interactions (also see prescribing information),39,Raltegravir (RAL),,,,"None_1: • Rifapentine:
‒ For 900 mg once-weekly rifapentine and RAL 400 mg twice
daily, no dose adjustments are necessary.
‒ Do not coadminister RAL with once-daily rifapentine."
Table 9: Raltegravir (RAL) Interactions (also see prescribing information),39,Raltegravir (RAL),,,,"None_1: • Rifapentine:
‒ For 900 mg once-weekly rifapentine and RAL 400 mg twice
daily, no dose adjustments are necessary.
‒ Do not coadminister RAL with once-daily rifapentine."
Table 9: Raltegravir (RAL) Interactions (also see prescribing information),39,Raltegravir (RAL),,,,None: Mechanism of Action | None_1: Clinical Comments
Table 9: Raltegravir (RAL) Interactions (also see prescribing information),39,Raltegravir (RAL),,,,"None: DOR is a CYP3A substrate, and as such, drugs that affect its
metabolism affect its concentrations. | None_1: • Avoid concomitant use if possible.
• Dose adjustments of DOR are not recommended.
• Consider alternative concomitant agents."
Table 9: Raltegravir (RAL) Interactions (also see prescribing information),39,Raltegravir (RAL),,,,"None: Coadministration may significantly reduce ARV concentrations
through induction of CYP450 system. | None_1: • Coadministration is not recommended; use alternative
anticonvulsant.
• If benefit of use outweighs risk, monitor carefully for efficacy
and toxicity.
• Perform TDM if use cannot be avoided."
Table 9: Raltegravir (RAL) Interactions (also see prescribing information),39,Raltegravir (RAL),,,,"None: • Rifabutin: CYP3A induction is expected to decrease DOR levels.
• Rifampin, rifapentine: CYP3A induction reduces DOR
bioavailability. | None_1: • Rifabutin: When used concomitantly, increase DOR to 100 mg
twice per day.
• Rifampin, rifapentine:
‒ Concomitant use is contraindicated.
‒ After stopping rifampin or rifapentine, wait 4 weeks before
starting DOR."
Table 9: Raltegravir (RAL) Interactions (also see prescribing information),39,Raltegravir (RAL),,,,"None: Tecovirimat is weak inducer of CYP3A and weak inhibitor of
CYP2C8 and CYP2C19; use may potentially increase or decrease
plasma concentrations of other medications. | None_1: Tecovirimat may reduce NNRTI levels, though effects are not
likely to be clinically relevant. No dose adjustment in either drug
is necessary."
Table 9: Raltegravir (RAL) Interactions (also see prescribing information),39,Raltegravir (RAL),,,,"None: Modafinil: CYP3A4 induction may reduce NNRTI levels. | None_1: Modafinil: Avoid concurrent use due to potential loss of virologic
response."
Table 9: Raltegravir (RAL) Interactions (also see prescribing information),39,Raltegravir (RAL),,,,"None: Modafinil: CYP3A4 induction may reduce NNRTI levels. | None_1: Modafinil: Avoid concurrent use due to potential loss of virologic
response."
Table 10: Doravirine (DOR) Interactions (also see prescribing information),40,Doravirine (DOR),,,,None: Mechanism of Action | None_1: Clinical Comments
Table 10: Doravirine (DOR) Interactions (also see prescribing information),40,Doravirine (DOR),,,,None: Mechanism of Action | None_1: Clinical Comments
Table 10: Doravirine (DOR) Interactions (also see prescribing information),40,Doravirine (DOR),,The combination CAB/RPV antiretroviral therapy regimen can be used during an oral medication lead-in period and then as monthly long-acting injections; also see Table 6: Cabotegravir,,
Table 10: Doravirine (DOR) Interactions (also see prescribing information),40,Doravirine (DOR),,(CAB) Interactions.,,
Table 10: Doravirine (DOR) Interactions (also see prescribing information),40,Doravirine (DOR),,(CAB) Interactions.,,None: Mechanism of Action | None_1: Clinical Comments
Table 10: Doravirine (DOR) Interactions (also see prescribing information),40,Doravirine (DOR),,(CAB) Interactions.,,"None: Coadministration may increase RPV levels. | None_1: Consider alternatives. Increased RPV levels when combined with
macrolides may lead to increased risk of torsades de pointes."
Table 10: Doravirine (DOR) Interactions (also see prescribing information),40,Doravirine (DOR),,(CAB) Interactions.,,"None: • PPIs inhibit gastric acid secretion by proton pumps, thereby
increasing gastric pH.
• Oral RPV requires acidic environment for optimal absorption. | None_1: • Concurrent use of PPIs with oral RPV is contraindicated.
• Use of PPIs with injectable RPV is acceptable."
Table 10: Doravirine (DOR) Interactions (also see prescribing information),40,Doravirine (DOR),,(CAB) Interactions.,,"None: • H2RAs inhibit gastric acid secretion by proton pumps, thereby
increasing gastric pH.
• Oral RPV requires acidic environment for optimal absorption.
• Concomitant use may decrease RPV absorption. | None_1: • Administer H2RA at least 12 hours before or 4 hours after.
• Use lowest effective dose.
• Administer with food.
• Use of H2RAs with injectable RPV is acceptable."
Table 10: Doravirine (DOR) Interactions (also see prescribing information),40,Doravirine (DOR),,(CAB) Interactions.,,"None: • Antacids increase gastric pH.
• RPV requires acidic environment for optimal absorption.
• Concomitant use may decrease RPV absorption. | None_1: Administer antacids 2 hours before or 4 hours after."
Table 10: Doravirine (DOR) Interactions (also see prescribing information),40,Doravirine (DOR),,(CAB) Interactions.,,"None: Dexamethasone is a CYP3A inducer, which is primarily responsible
for metabolism of RPV. | None_1: Dexamethasone (systemic):
• Concomitant use is contraindicated; consider alternative
steroids.
• If using more than a single oral or IM dose, consider an
alternative NNRTI after consultation with experienced HIV care
provider (see prescribing information for Cabenuva and
Edurant)."
Table 10: Doravirine (DOR) Interactions (also see prescribing information),40,Doravirine (DOR),,(CAB) Interactions.,,"None: Supratherapeutic RPV doses have caused QT prolongation and
additive effects may be seen. | None_1: Avoid concomitant use (may cause QT prolongation and torsades
de pointes)."
Table 11: Rilpivirine (RPV) Interactions (also see prescribing information),41,Rilpivirine (RPV),,The combination CAB/RPV antiretroviral therapy regimen can be used during an oral medication lead-in period and then as monthly long-acting injections; also see Table 6: Cabotegravir,,
Table 11: Rilpivirine (RPV) Interactions (also see prescribing information),41,Rilpivirine (RPV),,(CAB) Interactions.,,
Table 11: Rilpivirine (RPV) Interactions (also see prescribing information),41,Rilpivirine (RPV),,(CAB) Interactions.,,None: Mechanism of Action | None_1: Clinical Comments
Table 11: Rilpivirine (RPV) Interactions (also see prescribing information),41,Rilpivirine (RPV),,(CAB) Interactions.,,"None: RPV and drugs from LABA class may both theoretically increase
QT interval, especially at high doses. | None_1: • No dose adjustments are necessary.
• Do not use more LABA than recommended; this can increase
risk of QT prolongation."
Table 11: Rilpivirine (RPV) Interactions (also see prescribing information),41,Rilpivirine (RPV),,(CAB) Interactions.,,"None: No significant interactions reported. | None_1: No dose adjustments are necessary, but avoid excess doses of
either antipsychotic or RPV because excess doses of both drugs
may increase risk of QT prolongation."
Table 11: Rilpivirine (RPV) Interactions (also see prescribing information),41,Rilpivirine (RPV),,(CAB) Interactions.,,"None: Coadministration may significantly reduce RPV concentrations
through induction of CYP450, UGT1A, and/or P-gP system. | None_1: Concomitant use is contraindicated with oral and injectable RPV
(see prescribing information for Cabenuva and Edurant)."
Table 11: Rilpivirine (RPV) Interactions (also see prescribing information),41,Rilpivirine (RPV),,(CAB) Interactions.,,"None: • BUP: No significant interactions are expected.
• Methadone: RPV mildly reduces methadone concentrations. | None_1: • Methadone: Monitor for signs of methadone withdrawal;
increase dose as necessary.
• Methadone, BUP: Use cautiously with RPV; supratherapeutic
RPV doses have been known to cause increase in QT
prolongation."
Table 11: Rilpivirine (RPV) Interactions (also see prescribing information),41,Rilpivirine (RPV),,(CAB) Interactions.,,"None: Coadministration may significantly reduce RPV concentrations
through induction of CYP450, UGT1A, and/or P-gP system. | None_1: • Rifabutin:
‒ Oral RPV: Increase RPV dose to 50 mg once daily [DHHS(a)
2024].
‒ Injectable RPV: Concomitant use is contraindicated.
• Rifampin, rifapentine: Concomitant use with oral and
injectable RPV is contraindicated [FDA(b) 2025]."
Table 11: Rilpivirine (RPV) Interactions (also see prescribing information),41,Rilpivirine (RPV),,(CAB) Interactions.,,"None: RPV is a CYP3A substrate, and as such, drugs that affect its
metabolism affect its concentrations. | None_1: • Avoid concomitant use if possible.
• Dose adjustments of RPV are not recommended.
• Consider alternative concomitant agents."
Table 11: Rilpivirine (RPV) Interactions (also see prescribing information),41,Rilpivirine (RPV),,(CAB) Interactions.,,"None: Tecovirimat is a weak inducer of CYP3A and a weak inhibitor of
CYP2C8 and CYP2C19; use may increase or decrease plasma
concentrations of other medications. | None_1: Tecovirimat may reduce NNRTI levels, though effects are not
likely to be clinically relevant. No dose adjustment in either drug
is necessary."
Table 11: Rilpivirine (RPV) Interactions (also see prescribing information),41,Rilpivirine (RPV),,(CAB) Interactions.,,"None: Modafinil: CYP3A4 induction may reduce NNRTI levels. | None_1: Modafinil: Avoid concurrent use due to potential loss of virologic
response."
Table 11: Rilpivirine (RPV) Interactions (also see prescribing information),41,Rilpivirine (RPV),,(CAB) Interactions.,,"None: Modafinil: CYP3A4 induction may reduce NNRTI levels. | None_1: Modafinil: Avoid concurrent use due to potential loss of virologic
response."
Table 11: Rilpivirine (RPV) Interactions (also see prescribing information),42,Rilpivirine (RPV),,The combination CAB/RPV antiretroviral therapy regimen can be used during an oral medication lead-in period and then as monthly long-acting injections; also see Table 6: Cabotegravir,,
Table 11: Rilpivirine (RPV) Interactions (also see prescribing information),42,Rilpivirine (RPV),,(CAB) Interactions.,,
Table 11: Rilpivirine (RPV) Interactions (also see prescribing information),42,Rilpivirine (RPV),,(CAB) Interactions.,,None: Mechanism of Action | None_1: Clinical Comments
Table 11: Rilpivirine (RPV) Interactions (also see prescribing information),42,Rilpivirine (RPV),,(CAB) Interactions.,,None: Mechanism of Action | None_1: Clinical Comments
Table 11: Rilpivirine (RPV) Interactions (also see prescribing information),42,Rilpivirine (RPV),,,,None: Mechanism of Action | None_1: Clinical Comments
Table 11: Rilpivirine (RPV) Interactions (also see prescribing information),42,Rilpivirine (RPV),,,,"None: Metabolism of warfarin could potentially increase (or more rarely
decrease). | None_1: Use cautiously with warfarin; if use is necessary, increase INR
monitoring.
• If INR increases, decrease warfarin dose.
• If INR decreases, increase warfarin dose slowly."
Table 11: Rilpivirine (RPV) Interactions (also see prescribing information),42,Rilpivirine (RPV),,,,"None: EFV induces bupropion metabolism. | None_1: Monitor for clinical effect and increase as needed, but do not
exceed recommended maximum dose."
Table 11: Rilpivirine (RPV) Interactions (also see prescribing information),42,Rilpivirine (RPV),,,,"None: EFV may induce CYP3A, the enzyme that is primarily responsible
for metabolism of levonorgestrel. | None_1: Levonorgestrel or norgestimate effectiveness may be decreased."
Table 11: Rilpivirine (RPV) Interactions (also see prescribing information),42,Rilpivirine (RPV),,,,"None: EFV may reduce cilostazol concentrations. | None_1: Monitor for antiplatelet effect; may be necessary to use
alternative antiplatelet medication or alternative ARV."
Table 11: Rilpivirine (RPV) Interactions (also see prescribing information),42,Rilpivirine (RPV),,,,"None: EFV may induce UGT enzymes, which are responsible for
metabolism. | None_1: Monitor for antiplatelet effect; use alternative ARV if necessary."
Table 11: Rilpivirine (RPV) Interactions (also see prescribing information),42,Rilpivirine (RPV),,,,"None: EFV reduces ticagrelor concentrations and conversion of
clopidogrel to its active metabolite. | None_1: Use with EFV may reduce antiplatelet effect; monitor closely for
efficacy and use alternative ARV if necessary."
Table 11: Rilpivirine (RPV) Interactions (also see prescribing information),42,Rilpivirine (RPV),,,,"None: • Simvastatin, lovastatin: EFV may decrease concentrations.
• Atorvastatin, pravastatin, fluvastatin: EFV may modestly
reduce concentrations. | None_1: • Simvastatin, lovastatin: Monitor for efficacy. May warrant
increases in statin dose. Do not increase dose above maximum
recommended statin dose.
• Atorvastatin, pravastatin, fluvastatin: Monitor for cholesterol-
lowering effect of statins. May require increased dose."
Table 11: Rilpivirine (RPV) Interactions (also see prescribing information),42,Rilpivirine (RPV),,,,"None: EFV may increase concentrations through CYP2C8 inhibition. No
significant interactions are expected. | None_1: Monitor for signs of adverse effects with EFV; decrease dose if
necessary."
Table 11: Rilpivirine (RPV) Interactions (also see prescribing information),42,Rilpivirine (RPV),,,,"None: EFV may decrease concentrations. | None_1: Monitor for efficacy; if necessary, increase dose of DPP-4
inhibitor."
Table 12: Efavirenz (EFV) Interactions (also see prescribing information),43,Efavirenz (EFV),,,,None: Mechanism of Action | None_1: Clinical Comments
Table 12: Efavirenz (EFV) Interactions (also see prescribing information),43,Efavirenz (EFV),,,,"None: Coadministration may reduce corticosteroid concentrations. | None_1: Dexamethasone (systemic): Consider alternative corticosteroid
for long-term use; if benefits of use outweigh risks, monitor for
virologic response."
Table 12: Efavirenz (EFV) Interactions (also see prescribing information),43,Efavirenz (EFV),,,,None: EFV may decrease trazodone concentrations. | None_1: Monitor for antidepressant and/or sedative effects.
Table 12: Efavirenz (EFV) Interactions (also see prescribing information),43,Efavirenz (EFV),,,,"None: Alprazolam, diazepam: EFV may reduce alprazolam and
diazepam concentrations. | None_1: • Alprazolam: Monitor for benzodiazepine withdrawal with
concomitant EFV use.
• Alprazolam, clonazepam, diazepam: Titrate slowly to achieve
clinical effect; monitor for benzodiazepine efficacy."
Table 12: Efavirenz (EFV) Interactions (also see prescribing information),43,Efavirenz (EFV),,,,"None: Zolpidem: EFV may reduce zolpidem concentrations. | None_1: • Zolpidem, eszopiclone: Monitor for efficacy; no dose
adjustments are recommended.
• Suvorexant: Monitor for efficacy; do not exceed 20 mg per
day."
Table 12: Efavirenz (EFV) Interactions (also see prescribing information),43,Efavirenz (EFV),,,,"None: • Quetiapine: EFV may reduce quetiapine concentrations.
• Aripiprazole, brexpiprazole: EFV may decrease aripiprazole
and brexpiprazole concentrations.
• Risperidone, olanzapine: EFV may decrease risperidone and
olanzapine efficacy. | None_1: Quetiapine, aripiprazole, brexpiprazole, risperidone, olanzapine:
Titrate slowly to achieve clinical effect; monitor for efficacy and
adverse effects."
Table 12: Efavirenz (EFV) Interactions (also see prescribing information),43,Efavirenz (EFV),,,,"None: Coadministration may significantly reduce concentrations of ARVs
through induction of CYP450 system. | None_1: • Coadministration is not recommended; use alternative
anticonvulsant.
• If benefit of use outweighs risk, monitor carefully for efficacy
and toxicity.
• Perform TDM if use cannot be avoided."
Table 12: Efavirenz (EFV) Interactions (also see prescribing information),43,Efavirenz (EFV),,,,None: EFV may reduce lamotrigine or zonisamide efficacy. | None_1: Titrate slowly to achieve clinical effect; monitor for efficacy.
Table 12: Efavirenz (EFV) Interactions (also see prescribing information),43,Efavirenz (EFV),,,,"None: • Morphine, hydromorphone: Metabolism could be reduced by
EFV.
• Oxycodone may be metabolized faster to inactive metabolite
by EFV.
• Meperidine: Coadministration can potentially increase amount
of neurotoxic metabolite, thereby increasing seizure risk.
• Tramadol: EFV may reduce tramadol concentration without
affecting pathway that increases development of more potent
active metabolites. | None_1: • Morphine, hydromorphone: Monitor for signs of opiate
toxicity when using with EFV.
• Oxycodone: Dose adjustment of oxycodone may be required
when dosing with EFV.
• Meperidine: If possible, avoid concomitant use; use alternative
opiate pain medication or ARV.
• Tramadol: When given with tramadol, a priori dose
adjustments are necessary."
Table 12: Efavirenz (EFV) Interactions (also see prescribing information),43,Efavirenz (EFV),,,,"None: EFV decreases concentrations of combined progestins. | None_1: • Ethinyl estradiol; norgestimate and metabolites: Use
alternative or additional contraceptive methods; unintended
pregnancies have been reported in individuals using
levonorgestrel implants."
Table 12: Efavirenz (EFV) Interactions (also see prescribing information),44,Efavirenz (EFV),,,,None: Mechanism of Action | None_1: Clinical Comments
Table 12: Efavirenz (EFV) Interactions (also see prescribing information),44,Efavirenz (EFV),,,,"None_1: • Norethindrone, drospirenone, etonogestrel: Consider
alternative or additional contraceptive method or alternative
ARV.
• Ulipristal: Monitor closely for reduced efficacy."
Table 12: Efavirenz (EFV) Interactions (also see prescribing information),44,Efavirenz (EFV),,,,"None: • PDE5 inhibitors: EFV may reduce effectiveness of PDE5
inhibitors (sildenafil, vardenafil, and tadalafil).
• Flibanserin: EFV may reduce flibanserin concentrations. | None_1: • PDE5 inhibitors: Monitor for clinical effect; if dose increase is
needed to achieve desired clinical effect, titrate under medical
supervision to lowest effective dose.
• Flibanserin: Do not coadminister."
Table 12: Efavirenz (EFV) Interactions (also see prescribing information),44,Efavirenz (EFV),,,,"None: EFV induces methadone metabolism via CYP3A4 and reduces
methadone concentrations. | None_1: Titrate to achieve clinical effect; monitor for signs and symptoms
of opioid withdrawal."
Table 12: Efavirenz (EFV) Interactions (also see prescribing information),44,Efavirenz (EFV),,,,"None: • EFV induces BUP metabolism via CYP3A4.
• When given with BUP (monotherapy), EFV significantly reduces
BUP concentrations, but no patients developed opioid
withdrawal. | None_1: When given with BUP, dose adjustments are unlikely to be
required, but monitor for withdrawal symptoms. If withdrawal
symptoms occur, increase BUP dose accordingly."
Table 12: Efavirenz (EFV) Interactions (also see prescribing information),44,Efavirenz (EFV),,,,"None: EFV induces NS3/4A PI metabolism via CYP3A4. | None_1: Concomitant use is not recommended (may result in failure of
HCV treatment regimens containing PIs, reducing SVR rates and
increasing resistance)."
Table 12: Efavirenz (EFV) Interactions (also see prescribing information),44,Efavirenz (EFV),,,,None: EFV induces daclatasvir metabolism via CYP3A4. | None_1: Increase daclatasvir dose to 60 mg per day.
Table 12: Efavirenz (EFV) Interactions (also see prescribing information),44,Efavirenz (EFV),,,,None: EFV may decrease velpatasvir levels through CYP3A induction. | None_1: Coadministration of sofosbuvir/velpatasvir is contraindicated.
Table 12: Efavirenz (EFV) Interactions (also see prescribing information),44,Efavirenz (EFV),,,,"None: EFV may lower concentrations. | None_1: • Adjust dose of cyclosporine and tacrolimus based on efficacy
and TDM.
• Conduct TDM more frequently for 2 weeks when starting or
stopping NNRTI therapy."
Table 12: Efavirenz (EFV) Interactions (also see prescribing information),44,Efavirenz (EFV),,,,"None: • Rifabutin: EFV induction of CYP3A reduces rifabutin
bioavailability, but coadministration does not affect EFV levels.
• Rifampin, rifapentine: No clinically significant interactions are
expected. | None_1: • Rifabutin: With concomitant EFV, dose rifabutin at 450 mg to
600 mg daily.
• Rifampin:
‒ Dose EFV at 600 mg daily when administered concomitantly.
‒ Do not use EFV 400 mg daily.
• Rifapentine: No dose adjustments are necessary."
Table 12: Efavirenz (EFV) Interactions (also see prescribing information),45,Efavirenz (EFV),,,,None: Mechanism of Action | None_1: Clinical Comments
Table 12: Efavirenz (EFV) Interactions (also see prescribing information),45,Efavirenz (EFV),,,,"None: • Molnupiravir and monoclonal antibodies do not affect
CYP450, P-gP, or other drug metabolism transporters.
• Nirmatrelvir/RTV: Inhibition of CYP3A4, P-gP, and other
transporters may increase plasma concentrations of other
medications. | None_1: • Molnupiravir, monoclonal antibodies: Drug interactions are
unlikely.
• Nirmatrelvir/RTV: Drug interactions are unlikely; EFV levels
may increase."
Table 12: Efavirenz (EFV) Interactions (also see prescribing information),45,Efavirenz (EFV),,,,"None: Tecovirimat is a weak inducer of CYP3A and a weak inhibitor of
CYP2C8 and CYP2C19; use may increase or decrease plasma
concentrations of other medications. | None_1: Tecovirimat may reduce NNRTI levels, though effects are not
likely to be clinically relevant. No dose adjustment in either drug
is necessary."
Table 12: Efavirenz (EFV) Interactions (also see prescribing information),45,Efavirenz (EFV),,,,"None: • Estradiol: EFV may reduce estradiol levels via CYP3A induction.
• Finasteride, dutasteride: EFV may reduce finasteride and
dutasteride levels via CYP3A induction.
• Progestins (oral medroxyprogesterone, micronized
progesterone): EFV may reduce progestin levels via CYP3A
induction.
• Testosterone: EFV may reduce testosterone levels via CYP3A
induction. | None_1: • Estradiol: Monitor serum estradiol levels; may require
increased estradiol dose.
• Finasteride, dutasteride, progestins (oral
medroxyprogesterone, micronized progesterone),
testosterone: No dose adjustments are necessary."
Table 12: Efavirenz (EFV) Interactions (also see prescribing information),45,Efavirenz (EFV),,,,"None: CYP3A4 and P-gP induction associated with concomitant HIV
treatment potentially deceases LEN levels. | None_1: Do not coadminister."
Table 12: Efavirenz (EFV) Interactions (also see prescribing information),45,Efavirenz (EFV),,,,"None: Modafinil: CYP3A4 induction may reduce NNRTI levels. | None_1: Modafinil: Avoid concurrent use due to potential loss of virologic
response."
Table 12: Efavirenz (EFV) Interactions (also see prescribing information),45,Efavirenz (EFV),,,,"None: Modafinil: CYP3A4 induction may reduce NNRTI levels. | None_1: Modafinil: Avoid concurrent use due to potential loss of virologic
response."
Table 12: Efavirenz (EFV) Interactions (also see prescribing information),45,Efavirenz (EFV),,,,None: Mechanism of Action | None_1: Clinical Comments
Table 12: Efavirenz (EFV) Interactions (also see prescribing information),45,Efavirenz (EFV),,,,"None: ETR is a minor inhibitor of P-gP and may minimally increase
aliskiren concentrations, but this has not been studied. | None_1: When using with ETR, monitor for aliskiren-related adverse
effects; switch to alternative antihypertensive medicine or ARV if
necessary."
Table 12: Efavirenz (EFV) Interactions (also see prescribing information),45,Efavirenz (EFV),,,,"None: Metabolism of warfarin could potentially increase (or more rarely
decrease). | None_1: Use cautiously with warfarin; if use is necessary, increase INR
monitoring.
• If INR increases, decrease warfarin dose.
• If INR decreases, increase warfarin dose slowly."
Table 13: Etravirine (ETR) Interactions (also see prescribing information),46,Etravirine (ETR),,,,None: Mechanism of Action | None_1: Clinical Comments
Table 13: Etravirine (ETR) Interactions (also see prescribing information),46,Etravirine (ETR),,,,"None: • Cilostazol: ETR may reduce cilostazol concentrations.
• Dipyridamole: ETR may induce UGT enzymes, which are
responsible for metabolism.
• Ticagrelor, clopidogrel: ETR reduces ticagrelor concentrations
and conversion of clopidogrel to its active metabolite.
• Vorapaxar: When coadministered with ETR, vorapaxar levels
expected to be reduced. | None_1: • Cilostazol: Monitor for antiplatelet effect; may be necessary to
use alternative antiplatelet medication or alternative ARV.
• Dipyridamole: Monitor for antiplatelet effect; use another ARV
if necessary.
• Ticagrelor, clopidogrel: Use with ETR may reduce antiplatelet
effect; monitor closely for efficacy and use alternative ARV if
possible.
• Prasugrel: When coadministered with ETR, no dose
adjustments are necessary.
• Vorapaxar: No data available."
Table 13: Etravirine (ETR) Interactions (also see prescribing information),46,Etravirine (ETR),,,,"None: • Simvastatin, lovastatin: ETR may decrease concentrations.
• Atorvastatin, pravastatin, fluvastatin: ETR may modestly
reduce concentrations. | None_1: • Simvastatin, lovastatin: Monitor for efficacy. May warrant
increases in statin dose. Do not increase dose above maximum
recommended statin dose.
• Atorvastatin, pravastatin, fluvastatin: Monitor for cholesterol-
lowering effect of statins. May require increased dose if
necessary."
Table 13: Etravirine (ETR) Interactions (also see prescribing information),46,Etravirine (ETR),,,,"None: ETR may decrease concentrations. | None_1: Monitor for efficacy; if necessary, increase dose of DPP-4
inhibitor."
Table 13: Etravirine (ETR) Interactions (also see prescribing information),46,Etravirine (ETR),,,,"None: Coadministration may reduce corticosteroid concentrations. | None_1: Dexamethasone (systemic): Consider alternative corticosteroid
for long-term use; if benefits of use outweigh risks, monitor for
virologic response."
Table 13: Etravirine (ETR) Interactions (also see prescribing information),46,Etravirine (ETR),,,,None: ETR may decrease trazodone concentrations. | None_1: Monitor for antidepressant and/or sedative effects.
Table 13: Etravirine (ETR) Interactions (also see prescribing information),46,Etravirine (ETR),,,,"None: No significant interactions are expected. | None_1: Monitor for clinical effect and increase as needed, but do not
exceed recommended maximum dose."
Table 13: Etravirine (ETR) Interactions (also see prescribing information),46,Etravirine (ETR),,,,None: ETR may reduce alprazolam concentrations. | None_1: Monitor for benzodiazepine withdrawal.
Table 13: Etravirine (ETR) Interactions (also see prescribing information),46,Etravirine (ETR),,,,None: ETR may reduce diazepam concentrations. | None_1: No dose adjustments are necessary.
Table 13: Etravirine (ETR) Interactions (also see prescribing information),46,Etravirine (ETR),,,,"None: Zolpidem: ETR may reduce zolpidem concentrations. | None_1: • Zolpidem, eszopiclone: Monitor for efficacy; no dose
adjustments are recommended.
• Suvorexant: Monitor for efficacy; do not exceed 20 mg per
day."
Table 13: Etravirine (ETR) Interactions (also see prescribing information),46,Etravirine (ETR),,,,"None: • Aripiprazole, brexpiprazole: ETR may decrease aripiprazole
and brexpiprazole concentrations.
• Risperidone: ETR may decrease risperidone efficacy. | None_1: Aripiprazole, brexpiprazole, risperidone: Titrate slowly to
achieve clinical effect; monitor for efficacy and adverse effects."
Table 13: Etravirine (ETR) Interactions (also see prescribing information),46,Etravirine (ETR),,,,"None: Coadministration may significantly reduce concentrations of ARVs
through induction of CYP450 system. | None_1: • Coadministration is not recommended; use alternative
anticonvulsant.
• If benefit of use outweighs risk, monitor carefully for efficacy
and toxicity.
• Perform TDM if use cannot be avoided."
Table 13: Etravirine (ETR) Interactions (also see prescribing information),47,Etravirine (ETR),,,,None: Mechanism of Action | None_1: Clinical Comments
Table 13: Etravirine (ETR) Interactions (also see prescribing information),47,Etravirine (ETR),,,,None: ETR may reduce lamotrigine or zonisamide efficacy. | None_1: Titrate slowly to achieve clinical effect; monitor for efficacy.
Table 13: Etravirine (ETR) Interactions (also see prescribing information),47,Etravirine (ETR),,,,"None: Information is based on what is known with EFV drug
interactions. | None_1: • Etonogestrel: No data available; consider alternative or
additional contraceptive methods or alternative ARV.
• Ulipristal: Monitor closely for reduced efficacy."
Table 13: Etravirine (ETR) Interactions (also see prescribing information),47,Etravirine (ETR),,,,"None: • PDE5 inhibitors: ETR may reduce effectiveness of PDE5
inhibitors (sildenafil, vardenafil, and tadalafil).
• Flibanserin: ETR may reduce flibanserin concentrations. | None_1: • PDE5 inhibitors: Monitor for clinical effect; if dose increase is
needed to achieve desired clinical effect, titrate under medical
supervision to lowest effective dose.
• Flibanserin: Do not coadminister."
Table 13: Etravirine (ETR) Interactions (also see prescribing information),47,Etravirine (ETR),,,,"None: No significant interactions are expected. | None_1: Titrate opioid or antagonist as required to achieve clinical effect;
monitor for signs of withdrawal or opioid toxicity."
Table 13: Etravirine (ETR) Interactions (also see prescribing information),47,Etravirine (ETR),,,,"None: ETR may slightly increase methadone concentrations. | None_1: • Titrate opioid or antagonist as required to achieve clinical
effect; monitor for signs of withdrawal or opioid toxicity.
• Monitor for signs of methadone toxicity; reduce dose if
necessary."
Table 13: Etravirine (ETR) Interactions (also see prescribing information),47,Etravirine (ETR),,,,"None: ETR may lower concentrations. | None_1: • Adjust cyclosporine and tacrolimus dose based on efficacy and
TDM.
• Conduct TDM more frequently for 2 weeks when starting or
stopping NNRTI therapy."
Table 13: Etravirine (ETR) Interactions (also see prescribing information),47,Etravirine (ETR),,,,None: ETR may decrease HCV PI levels through CYP3A induction. | None_1: Do not coadminister.
Table 13: Etravirine (ETR) Interactions (also see prescribing information),47,Etravirine (ETR),,,,"None: ETR may decrease velpatasvir levels through CYP3A induction and
(weak) P-gP inhibition. | None_1: Do not coadminister."
Table 13: Etravirine (ETR) Interactions (also see prescribing information),47,Etravirine (ETR),,,,"None: ETR induces CYP3A, lowering daclatasvir levels. | None_1: Increase dose of daclatasvir to 90 mg per day."
Table 13: Etravirine (ETR) Interactions (also see prescribing information),47,Etravirine (ETR),,,,"None: • ETR is a substrate and inducer of CYP3A4.
• COBI and ATV are substrates and inhibitors of CYP3A4. | None_1: • Administration with RTV-boosted ATV results in decreased ATV
exposure, but decrease is not considered relevant; no dose
adjustments are necessary.
• Due to potential for decreased ARV efficacy, avoid use of ETR
with COBI. When these medications are given together, COBI
concentrations are decreased.
• When possible, avoid concomitant use of ETR and unboosted
ATV. ETR with unboosted ATV results in significant decreases in
ATV exposure."
Table 13: Etravirine (ETR) Interactions (also see prescribing information),48,Etravirine (ETR),,,,None: Mechanism of Action | None_1: Clinical Comments
Table 13: Etravirine (ETR) Interactions (also see prescribing information),48,Etravirine (ETR),,,,"None: • ETR induces UGT1A1 and CYP3A enzymes.
• DTG is a substrate of UGT1A1 and CYP3A enzymes. | None_1: ETR reduces DTG concentrations. Do not use concomitantly
unless boosted PI is also part of treatment regimen."
Table 13: Etravirine (ETR) Interactions (also see prescribing information),48,Etravirine (ETR),,,,"None: CYP3A4 and P-gP induction associated with concomitant HIV
treatment potentially deceases LEN levels. | None_1: Do not coadminister."
Table 13: Etravirine (ETR) Interactions (also see prescribing information),48,Etravirine (ETR),,,,"None: • Rifabutin: When used concomitantly, increased rifabutin levels
are expected and decreased ETR levels may occur.
• Rifampin, rifapentine: CYP3A induction reduces ETR
bioavailability. | None_1: • Rifabutin:
‒ If ETR and rifabutin are used concomitantly, dose rifabutin
at 300 mg daily, with no changes to ETR dose. Continue
rifabutin 300 mg daily dosing until at least 2 weeks after
rifabutin is stopped.
‒ Concomitant use of boosted PI with ETR and rifabutin is
contraindicated.
• Rifampin, rifapentine: Concomitant use is contraindicated."
Table 13: Etravirine (ETR) Interactions (also see prescribing information),48,Etravirine (ETR),,,,"None: Tecovirimat is a weak inducer of CYP3A and a weak inhibitor of
CYP2C8 and CYP2C19; use may increase or decrease plasma
concentrations of other medications. | None_1: Tecovirimat may reduce NNRTI levels, though effects are not
likely to be clinically relevant. No dose adjustment in either drug
is necessary."
Table 13: Etravirine (ETR) Interactions (also see prescribing information),48,Etravirine (ETR),,,,"None: • Estradiol: ETR may reduce estradiol levels via CYP3A induction.
• Finasteride, dutasteride: ETR may reduce finasteride and
dutasteride levels via CYP3A induction.
• Progestins (oral medroxyprogesterone, micronized
progesterone): ETR may reduce progestin levels via CYP3A
induction.
• Testosterone: ETR may reduce testosterone levels via CYP3A
induction. | None_1: • Estradiol: Monitor serum estradiol levels; may require
increased estradiol dose.
• Finasteride, dutasteride, progestins (oral
medroxyprogesterone, micronized progesterone),
testosterone: No dose adjustments are necessary."
Table 13: Etravirine (ETR) Interactions (also see prescribing information),48,Etravirine (ETR),,,,"None: Modafinil: CYP3A4 induction may reduce NNRTI levels. | None_1: Modafinil: Avoid concurrent use due to potential loss of virologic
response."
Table 13: Etravirine (ETR) Interactions (also see prescribing information),48,Etravirine (ETR),,,,"None: Modafinil: CYP3A4 induction may reduce NNRTI levels. | None_1: Modafinil: Avoid concurrent use due to potential loss of virologic
response."
Table 14: Abacavir (ABC) Interactions (also see prescribing information),49,Abacavir (ABC),,,,None: Mechanism of Action | None_1: Clinical Comments
Table 14: Abacavir (ABC) Interactions (also see prescribing information),49,Abacavir (ABC),,,,"None: ABC is metabolized via alcohol dehydrogenase, and competitive
metabolism may increase exposure to ABC. | None_1: • Use may increase ABC concentrations; monitor for ABC-related
adverse effects.
• ABC does not appear to increase blood alcohol concentrations."
Table 14: Abacavir (ABC) Interactions (also see prescribing information),49,Abacavir (ABC),,,,"None: • Rifabutin, rifapentine: No clinically significant interactions are
expected.
• Rifampin may reduce ABC concentration. | None_1: • Rifabutin, rifapentine: No dose adjustments are necessary.
• Rifampin: No dose adjustments are recommended for
concomitant use with ABC."
Table 14: Abacavir (ABC) Interactions (also see prescribing information),49,Abacavir (ABC),,,,"None: Cidofovir is eliminated via glomerular filtration and active renal
secretion by OAT1 and OAT3. | None_1: Cidofovir: Avoid coadministration with nephrotoxic agents.
Consider use of TAF in place of TDF and monitor for renal-related
adverse effects."
Table 14: Abacavir (ABC) Interactions (also see prescribing information),49,Abacavir (ABC),,,,"None: Cidofovir is eliminated via glomerular filtration and active renal
secretion by OAT1 and OAT3. | None_1: Cidofovir: Avoid coadministration with nephrotoxic agents.
Consider use of TAF in place of TDF and monitor for renal-related
adverse effects."
Table 14: Abacavir (ABC) Interactions (also see prescribing information),49,Abacavir (ABC),,,,None: Mechanism of Action | None_1: Clinical Comments
Table 14: Abacavir (ABC) Interactions (also see prescribing information),49,Abacavir (ABC),,,,"None: • Adefovir and tenofovir have similar mechanisms of action and
elimination as well as overlapping adverse effect profiles.
• Competitive inhibition of elimination results in additive
adverse effects. | None_1: Avoid concomitant use to avoid increased risk of hepatic
steatosis, lactic acidosis, and potential renal failure."
Table 14: Abacavir (ABC) Interactions (also see prescribing information),49,Abacavir (ABC),,,,"None: Competitive inhibition of elimination results in additive adverse
effects. | None_1: • TDF: Avoid concomitant use or use the lowest effective dose of
another medication to avoid renal impairment and kidney
dysfunction.
• TAF: Using TAF in these instances may be preferable because
TAF is less nephrotoxic."
Table 14: Abacavir (ABC) Interactions (also see prescribing information),49,Abacavir (ABC),,,,"None: • TDF and TAF are substrates for BCRP and P-gP.
• Voxilaprevir is a BCRP inhibitor.
• Velpatasvir inhibits BCRP and P-gP. | None_1: • TDF: Avoid concomitant use if possible to avoid TDF-associated
adverse effects.
• TAF: Using TAF in these instances may be preferable."
Table 15: Tenofovir Disoproxil Fumarate (TDF) and Tenofovir Alafenamide (TAF) Interactions (also see prescribing information),50,Tenofovir Disoproxil Fumarate (TDF) and Tenofovir Alafenamide (TAF),,,,None: Mechanism of Action | None_1: Clinical Comments
Table 15: Tenofovir Disoproxil Fumarate (TDF) and Tenofovir Alafenamide (TAF) Interactions (also see prescribing information),50,Tenofovir Disoproxil Fumarate (TDF) and Tenofovir Alafenamide (TAF),,,,"None: • CYP3A4 is a minor metabolic pathway for TAF, and as such,
potent inducers of this enzyme may modestly reduce
concentrations.
• TAF is also a P-gP substrate, and inducers may decrease TAF
concentrations. | None_1: TAF: Avoid coadministration of TAF with potent inducers of
CYP3A4 or P-gP."
Table 15: Tenofovir Disoproxil Fumarate (TDF) and Tenofovir Alafenamide (TAF) Interactions (also see prescribing information),50,Tenofovir Disoproxil Fumarate (TDF) and Tenofovir Alafenamide (TAF),,,,"None: • Rifabutin: CYP3A and P-gP induction is expected to decrease
TAF levels.
• Rifampin, rifapentine: CYP3A induction may reduce TAF
concentrations.
• Rifampin, rifabutin, rifapentine: No clinically significant
interactions with TDF are expected. | None_1: • TAF:
‒ Rifampin: Do not coadminister with TAF; consider TDF as
alternative.
‒ Rifabutin, rifapentine: Do not coadminister with TAF unless
benefit outweighs risk; monitor closely for virologic
response.
• TDF + rifampin, rifabutin, rifapentine: No dose adjustments
are necessary."
Table 15: Tenofovir Disoproxil Fumarate (TDF) and Tenofovir Alafenamide (TAF) Interactions (also see prescribing information),50,Tenofovir Disoproxil Fumarate (TDF) and Tenofovir Alafenamide (TAF),,,,"None: TDF may increase concentration of zonisamide. | None_1: TDF: When using with TDF, monitor for adverse effects."
Table 15: Tenofovir Disoproxil Fumarate (TDF) and Tenofovir Alafenamide (TAF) Interactions (also see prescribing information),50,Tenofovir Disoproxil Fumarate (TDF) and Tenofovir Alafenamide (TAF),,,,"None: No significant interactions reported. | None_1: TDF: When using with TDF, monitor renal function (topiramate
may cause kidney stones; TDF is associated with renal toxicity)."
Table 15: Tenofovir Disoproxil Fumarate (TDF) and Tenofovir Alafenamide (TAF) Interactions (also see prescribing information),50,Tenofovir Disoproxil Fumarate (TDF) and Tenofovir Alafenamide (TAF),,,,"None: Cidofovir is eliminated via glomerular filtration and active renal
secretion by OAT1 and OAT3. | None_1: Cidofovir: Avoid coadministration with nephrotoxic agents.
Consider use of TAF in place of TDF and monitor for renal-related
adverse effects."
Table 15: Tenofovir Disoproxil Fumarate (TDF) and Tenofovir Alafenamide (TAF) Interactions (also see prescribing information),50,Tenofovir Disoproxil Fumarate (TDF) and Tenofovir Alafenamide (TAF),,,,"None: Cidofovir is eliminated via glomerular filtration and active renal
secretion by OAT1 and OAT3. | None_1: Cidofovir: Avoid coadministration with nephrotoxic agents.
Consider use of TAF in place of TDF and monitor for renal-related
adverse effects."
Table 15: Tenofovir Disoproxil Fumarate (TDF) and Tenofovir Alafenamide (TAF) Interactions (also see prescribing information),50,Tenofovir Disoproxil Fumarate (TDF) and Tenofovir Alafenamide (TAF),,,,None: Mechanism of Action | None_1: Clinical Comments
Table 15: Tenofovir Disoproxil Fumarate (TDF) and Tenofovir Alafenamide (TAF) Interactions (also see prescribing information),50,Tenofovir Disoproxil Fumarate (TDF) and Tenofovir Alafenamide (TAF),,,,"None: Cidofovir is eliminated via glomerular filtration and active renal
secretion by OAT1 and OAT3. | None_1: Cidofovir: Avoid coadministration with nephrotoxic agents.
Consider use of TAF in place of TDF and monitor for renal-related
adverse effects."
Table 15: Tenofovir Disoproxil Fumarate (TDF) and Tenofovir Alafenamide (TAF) Interactions (also see prescribing information),50,Tenofovir Disoproxil Fumarate (TDF) and Tenofovir Alafenamide (TAF),,,,"None: Cidofovir is eliminated via glomerular filtration and active renal
secretion by OAT1 and OAT3. | None_1: Cidofovir: Avoid coadministration with nephrotoxic agents.
Consider use of TAF in place of TDF and monitor for renal-related
adverse effects."
Table 16: Lamivudine (3TC) and Emtricitabine (FTC) Interactions (also see prescribing information),51,Lamivudine (3TC) and Emtricitabine (FTC),,,,None: Mechanism of Action | None_1: Clinical Comments
Table 16: Lamivudine (3TC) and Emtricitabine (FTC) Interactions (also see prescribing information),51,Lamivudine (3TC) and Emtricitabine (FTC),,,,None: Mechanism of Action | None_1: Clinical Comments
Table 16: Lamivudine (3TC) and Emtricitabine (FTC) Interactions (also see prescribing information),51,Lamivudine (3TC) and Emtricitabine (FTC),,,,None: Mechanism of Action | None_1: Clinical Comments
Table 16: Lamivudine (3TC) and Emtricitabine (FTC) Interactions (also see prescribing information),51,Lamivudine (3TC) and Emtricitabine (FTC),,,,None: CYP3A4 induction reduces FTR levels. | None_1: Do not coadminister.
Table 16: Lamivudine (3TC) and Emtricitabine (FTC) Interactions (also see prescribing information),51,Lamivudine (3TC) and Emtricitabine (FTC),,,,None: CYP3A4 induction reduces FTR levels. | None_1: Do not coadminister.
Table 16: Lamivudine (3TC) and Emtricitabine (FTC) Interactions (also see prescribing information),51,Lamivudine (3TC) and Emtricitabine (FTC),,,,None: CYP3A4 induction reduces FTR levels. | None_1: Do not coadminister.
Table 16: Lamivudine (3TC) and Emtricitabine (FTC) Interactions (also see prescribing information),51,Lamivudine (3TC) and Emtricitabine (FTC),,,,"None: FTR increases grazoprevir and voxilaprevir levels. | None_1: Coadministration may increase grazoprevir or voxilaprevir
exposure. Use alternative HCV regimen if possible."
Table 16: Lamivudine (3TC) and Emtricitabine (FTC) Interactions (also see prescribing information),51,Lamivudine (3TC) and Emtricitabine (FTC),,,,"None: Ethinyl estradiol: Increased levels of ethinyl estradiol are
expected. | None_1: Ethinyl estradiol: Daily dose should not exceed 30 mcg. Caution is
advised, particularly in patients with additional risk factors for
thromboembolic events."
Table 16: Lamivudine (3TC) and Emtricitabine (FTC) Interactions (also see prescribing information),51,Lamivudine (3TC) and Emtricitabine (FTC),,,,"None: Atorvastatin, fluvastatin, pitavastatin, rosuvastatin, simvastatin:
Levels may increase with concurrent use of FTR. | None_1: Use lowest possible statin starting dose; monitor for statin-
associated adverse effects."
Table 16: Lamivudine (3TC) and Emtricitabine (FTC) Interactions (also see prescribing information),51,Lamivudine (3TC) and Emtricitabine (FTC),,,,"None: • Rifabutin: Interaction is not expected.
• Rifampin, rifapentine: CYP3A4 induction reduces FTR
bioavailability. | None_1: • Rifabutin: No dose adjustments are necessary.
• Rifampin, rifapentine: Do not coadminister."
Table 16: Lamivudine (3TC) and Emtricitabine (FTC) Interactions (also see prescribing information),51,Lamivudine (3TC) and Emtricitabine (FTC),,,,"None: • Molnupiravir and monoclonal antibodies do not affect
CYP450, P-gP, or other drug metabolism transporters.
• Nirmatrelvir/RTV: Inhibition of CYP3A4, P-gP, and other
transporters may increase plasma concentrations of other
medications. | None_1: • Molnupiravir, monoclonal antibodies: Drug interactions are
unlikely.
• Nirmatrelvir/RTV: Drug interactions are unlikely; FTR levels
may increase."
Table 16: Lamivudine (3TC) and Emtricitabine (FTC) Interactions (also see prescribing information),51,Lamivudine (3TC) and Emtricitabine (FTC),,,,"None: • Brincidofovir is a substrate for OATP1B1 and OATP1B3.
• Tecovirimat is a weak inducer of CYP3A and weak inhibitor of
CYP2C8 and CYP2C19. | None_1: • Brincidofovir: FTR inhibits OATP1B1 and may increase
brincidofovir levels. Avoid concurrent use if possible. If unable
to change therapy, monitor for brincidofovir-related adverse
effects, e.g., LFT elevations, hyperbilirubinemia, diarrhea, or
other GI adverse effects. Postpone FTR dosing for at least 3
hours after brincidofovir administration."
Table 17: Fostemsavir (FTR) Interactions (also see prescribing information),52,Fostemsavir (FTR),,,,None: Mechanism of Action | None_1: Clinical Comments
Table 17: Fostemsavir (FTR) Interactions (also see prescribing information),52,Fostemsavir (FTR),,,,"None_1: • Tecovirimat may reduce FTR levels, though effects are not
likely to be clinically relevant. No dose adjustment in either
drug is necessary."
Table 17: Fostemsavir (FTR) Interactions (also see prescribing information),52,Fostemsavir (FTR),,,,"None_1: • Tecovirimat may reduce FTR levels, though effects are not
likely to be clinically relevant. No dose adjustment in either
drug is necessary."
Table 17: Fostemsavir (FTR) Interactions (also see prescribing information),52,Fostemsavir (FTR),,,,None: Mechanism of Action | None_1: Clinical Comments
Table 17: Fostemsavir (FTR) Interactions (also see prescribing information),52,Fostemsavir (FTR),,,,None: Reduced MVC levels are due to CYP3A4 induction. | None_1: Do not coadminister.
Table 17: Fostemsavir (FTR) Interactions (also see prescribing information),52,Fostemsavir (FTR),,,,"None: • Molnupiravir and monoclonal antibodies do not affect
CYP450, P-gP, or other drug metabolism transporters.
• Nirmatrelvir/RTV: Inhibition of CYP3A4, P-gP, and other
transporters may increase plasma concentrations of other
medications. | None_1: • Molnupiravir: Drug interactions are unlikely.
• Nirmatrelvir/RTV: Drug interactions are unlikely; MVC levels
may increase."
Table 17: Fostemsavir (FTR) Interactions (also see prescribing information),52,Fostemsavir (FTR),,,,"None: Tecovirimat is a weak inducer of CYP3A and a weak inhibitor of
CYP2C8 and CYP2C19. | None_1: Tecovirimat may reduce MVC levels, though effects are not likely
to be clinically relevant. No dose adjustment in either drug is
necessary."
Table 17: Fostemsavir (FTR) Interactions (also see prescribing information),52,Fostemsavir (FTR),,,,"None: Tecovirimat is a weak inducer of CYP3A and a weak inhibitor of
CYP2C8 and CYP2C19. | None_1: Tecovirimat may reduce MVC levels, though effects are not likely
to be clinically relevant. No dose adjustment in either drug is
necessary."
Table 19A: Lenacapavir (LEN) Interactions When Used for HIV Treatment [a] (also see prescribing information),53,Lenacapavir (LEN),,,,None: Mechanism of Action | None_1: Clinical Comments
Table 19A: Lenacapavir (LEN) Interactions When Used for HIV Treatment [a] (also see prescribing information),53,Lenacapavir (LEN),,,,"None: DOAC levels potentially increase due to effect on CYP3A4 and P-
gP. | None_1: • No dose adjustment needed; monitor for increased risk of
bleeding.
• Refer to DOAC prescribing information for use with moderate
CYP3A4 and P-gP inhibitors."
Table 19A: Lenacapavir (LEN) Interactions When Used for HIV Treatment [a] (also see prescribing information),53,Lenacapavir (LEN),,,,None: Moderate inhibition of P-gP potentially increases digoxin levels. | None_1: Monitor digoxin concentrations when using with LEN.
Table 19A: Lenacapavir (LEN) Interactions When Used for HIV Treatment [a] (also see prescribing information),53,Lenacapavir (LEN),,,,"None: Carbamazepine, eslicarbazepine, oxcarbazepine, phenobarbital,
phenytoin, primidone: CYP3A4 and P-gP induction potentially
decreases LEN levels. | None_1: • Carbamazepine, eslicarbazepine, phenytoin: Do not
coadminister.
• Oxcarbazepine, phenobarbital, primidone: Coadministration is
not recommended.
• Consider alternative anticonvulsants such as levetiracetam."
Table 19A: Lenacapavir (LEN) Interactions When Used for HIV Treatment [a] (also see prescribing information),53,Lenacapavir (LEN),,,,"None: Pimozide: Moderate inhibition of P-gP potentially increases
pimozide levels. | None_1: Pimozide: Do not coadminister."
Table 19A: Lenacapavir (LEN) Interactions When Used for HIV Treatment [a] (also see prescribing information),53,Lenacapavir (LEN),,,,"None: Amiodarone, disopyramide, quinidine, ivabradine: Moderate
inhibition of P-gP potentially increases cardiac medication levels. | None_1: Amiodarone, disopyramide, quinidine, ivabradine: Do not
coadminister."
Table 19A: Lenacapavir (LEN) Interactions When Used for HIV Treatment [a] (also see prescribing information),53,Lenacapavir (LEN),,,,"None: CYP3A4 and P-gP induction associated with concomitant HIV
treatment potentially deceases LEN levels. | None_1: • Do not coadminister.
• Drug interactions with rilpivirine and doravirine are unlikely."
Table 19A: Lenacapavir (LEN) Interactions When Used for HIV Treatment [a] (also see prescribing information),53,Lenacapavir (LEN),,,,"None: CYP3A4 and P-gP inhibition potentially increases LEN levels. | None_1: • Do not coadminister.
• Drug interactions with darunavir boosted with COBI are
unlikely.
• Other boosted PIs should also be avoided due to late of data."
Table 19A: Lenacapavir (LEN) Interactions When Used for HIV Treatment [a] (also see prescribing information),53,Lenacapavir (LEN),,,,"None: CYP3A4 and P-gP induction associated with rifamycins potentially
decreases LEN levels. | None_1: • Rifampin: Concomitant use is contraindicated.
• Rifabutin, rifapentine: Coadministration is not recommended.
• Consider alternatives."
Table 19A: Lenacapavir (LEN) Interactions When Used for HIV Treatment [a] (also see prescribing information),53,Lenacapavir (LEN),,,,"None: • Moderate inhibition of CYP3A4 and P-gP potentially increases
corticosteroid concentrations and the related risk of Cushing’s
syndrome and adrenal suppression.
• Dexamethasone (systemic): Decreased LEN levels expected
with dexamethasone doses >16 mg/day. | None_1: • Dexamethasone, hydrocortisone (systemic): Initiate at lowest
dose and titrate slowly to achieve clinical effect; monitor for
adverse effects.
• Dexamethasone (systemic): Do not coadminister with
dexamethasone doses >16 mg/day."
Table 19A: Lenacapavir (LEN) Interactions When Used for HIV Treatment [a] (also see prescribing information),53,Lenacapavir (LEN),,,,"None: Moderate inhibition of CYP3A4 potentially increases ergotamine
derivative levels. | None_1: Do not coadminister."
Table 19A: Lenacapavir (LEN) Interactions When Used for HIV Treatment [a] (also see prescribing information),54,Lenacapavir (LEN),,,,None: Mechanism of Action | None_1: Clinical Comments
Table 19A: Lenacapavir (LEN) Interactions When Used for HIV Treatment [a] (also see prescribing information),54,Lenacapavir (LEN),,,,None: CYP3A4 and P-gP induction potentially decreases LEN levels. | None_1: Do not coadminister.
Table 19A: Lenacapavir (LEN) Interactions When Used for HIV Treatment [a] (also see prescribing information),54,Lenacapavir (LEN),,,,"None: Lovastatin, simvastatin, lomitapide: Moderate inhibition of
CYP3A4 and P-gP potentially increases levels. | None_1: • Simvastatin, lovastatin: Initiate at lowest dose and titrate to
achieve clinical effect; monitor closely for statin toxicity.
• Lomitapide: Concomitant use is contraindicated."
Table 19A: Lenacapavir (LEN) Interactions When Used for HIV Treatment [a] (also see prescribing information),54,Lenacapavir (LEN),,,,"None: Moderate inhibition of CYP3A4 potentially increases opioid levels. | None_1: • Monitor for therapeutic effects and adverse reactions
associated with CYP3A-metabolized opioid analgesics,
including potentially fatal respiratory depression.
• Tramadol: Consider tramadol dose reduction with concomitant
use."
Table 19A: Lenacapavir (LEN) Interactions When Used for HIV Treatment [a] (also see prescribing information),54,Lenacapavir (LEN),,,,"None: Moderate inhibition of CYP3A4 and P-gP potentially increases
methadone or buprenorphine levels. | None_1: • Patients initiating MAT while already on LEN: Initiate MAT at
lowest initial or maintenance dose.
• Patients initiating LEN while already on MAT: MAT dose
adjustments may be needed.
• Monitor for excess sedation and/or respiratory depression."
Table 19A: Lenacapavir (LEN) Interactions When Used for HIV Treatment [a] (also see prescribing information),54,Lenacapavir (LEN),,,,"None: Moderate inhibition of CYP3A4 potentially increases naloxegol
levels. | None_1: Avoid concomitant use. If use is required, decrease naloxegol
dose and monitor for adverse effects."
Table 19A: Lenacapavir (LEN) Interactions When Used for HIV Treatment [a] (also see prescribing information),54,Lenacapavir (LEN),,,,"None: Moderate inhibition of CYP3A4 and P-gP potentially increases
PDE5 inhibitor levels. | None_1: For pulmonary hypertension:
• Tadalafil: Concomitant use is not recommended.
• For other medications, refer to dosing guidelines.
For erectile dysfunction, refer to prescribing information and
guidance listed below:
• Avanafil: Do not coadminister.
• Sildenafil: Start with 25 mg every 48 hours; monitor for
adverse effects.
• Tadalafil: Start with 5 mg and do not exceed 10 mg every 72
hours; monitor for adverse effects.
Vardenafil: Administer 2.5 mg every 72 hours; monitor for
adverse effects."
Table 19A: Lenacapavir (LEN) Interactions When Used for HIV Treatment [a] (also see prescribing information),54,Lenacapavir (LEN),,,,"None: Moderate inhibition of CYP3A4 and P-gP potentially increases
sedative levels. | None_1: Use with caution; monitor for excess sedation."
Table 19A: Lenacapavir (LEN) Interactions When Used for HIV Treatment [a] (also see prescribing information),54,Lenacapavir (LEN),,,,None: Modafinil: CYP3A4 induction may reduce LEN levels. | None_1: Modafinil: Consider alternative ADHD medications.
Table 19A: Lenacapavir (LEN) Interactions When Used for HIV Treatment [a] (also see prescribing information),54,Lenacapavir (LEN),,,,None: Modafinil: CYP3A4 induction may reduce LEN levels. | None_1: Modafinil: Consider alternative ADHD medications.
Table 19A: Lenacapavir (LEN) Interactions When Used for HIV Treatment [a] (also see prescribing information),55,Lenacapavir (LEN),,,,None: Mechanism of Action | None_1: Clinical Comments
Table 19A: Lenacapavir (LEN) Interactions When Used for HIV Treatment [a] (also see prescribing information),55,Lenacapavir (LEN),,,,None: Mechanism of Action | None_1: Clinical Comments
Table 19A: Lenacapavir (LEN) Interactions When Used for HIV Treatment [a] (also see prescribing information),55,Lenacapavir (LEN),,,,None: Mechanism of Action | None_1: Clinical Comments
Table 19A: Lenacapavir (LEN) Interactions When Used for HIV Treatment [a] (also see prescribing information),55,Lenacapavir (LEN),,,,"None: DOAC levels potentially increase due to effect on CYP3A4 and P-
gP. | None_1: • No dose adjustment needed; monitor for increased risk of
bleeding.
• Refer to DOAC prescribing information for use with moderate
CYP3A4 and P-gP inhibitors."
Table 19A: Lenacapavir (LEN) Interactions When Used for HIV Treatment [a] (also see prescribing information),55,Lenacapavir (LEN),,,,None: Moderate inhibition of P-gP potentially increases digoxin levels. | None_1: Monitor digoxin concentrations when using with LEN.
Table 19A: Lenacapavir (LEN) Interactions When Used for HIV Treatment [a] (also see prescribing information),55,Lenacapavir (LEN),,,,"None: Carbamazepine, eslicarbazepine, oxcarbazepine, phenobarbital,
phenytoin, primidone: CYP3A4 and P-gP induction potentially
decreases LEN levels. | None_1: Carbamazepine, oxcarbazepine, phenytoin (strong CYP3A4
inducers):
• Consider alternative anticonvulsants such as levetiracetam.
• At initiation of strong CYP3A4 inducer in patients already using
LEN PrEP, see Table 4 of the Yeztugo prescribing information
(page 6) for instructions on administering a supplemental dose
of LEN PrEP.
• After stopping use of strong CYP3A4 inducer, continue to
administer LEN PrEP every 6 months as scheduled without
supplemental subcutaneous or oral dosing. Supplemental
dosing only continues until the patient has stopped the
inducer.
Eslicarbazepine, phenobarbital, primidone (moderate CYP3A4
inducers):
• Consider alternative anticonvulsants such as levetiracetam.
• At initiation of moderate CYP3A4 inducer in patients already
using LEN PrEP, see Table 5 of the Yeztugo prescribing
information (page 6) for instructions on administering a
supplemental dose of LEN PrEP.
• After stopping use of moderate CYP3A4 inducer, continue to
administer LEN PrEP every 6 months as scheduled without
supplemental subcutaneous dosing. Supplemental dosing only
continues until the patient has stopped the inducer."
"Table 19B: Lenacapavir (LEN) Interactions When Used for HIV Prevention [a,b] (also see prescribing information)",56,Lenacapavir (LEN),,,,None: Mechanism of Action | None_1: Clinical Comments
"Table 19B: Lenacapavir (LEN) Interactions When Used for HIV Prevention [a,b] (also see prescribing information)",56,Lenacapavir (LEN),,,,"None: Pimozide: Moderate inhibition of P-gP potentially increases
pimozide levels. | None_1: Pimozide: Do not coadminister."
"Table 19B: Lenacapavir (LEN) Interactions When Used for HIV Prevention [a,b] (also see prescribing information)",56,Lenacapavir (LEN),,,,"None: Amiodarone, disopyramide, quinidine, ivabradine: Moderate
inhibition of P-gP potentially increases cardiac medication levels. | None_1: Amiodarone, disopyramide, quinidine, ivabradine: Do not
coadminister."
"Table 19B: Lenacapavir (LEN) Interactions When Used for HIV Prevention [a,b] (also see prescribing information)",56,Lenacapavir (LEN),,,,"None: CYP3A4 and P-gP induction associated with rifamycins potentially
decreases LEN levels. | None_1: • At initiation of strong CYP3A4 inducer in patients already using
LEN PrEP, see Table 4 of the Yeztugo prescribing information
(page 6) for instructions on administering a supplemental dose
of LEN PrEP.
• After stopping use of strong CYP3A4 inducer, continue to
administer LEN PrEP every 6 months as scheduled without
supplemental subcutaneous or oral dosing. Supplemental
dosing only continues until the patient has stopped the
inducer."
"Table 19B: Lenacapavir (LEN) Interactions When Used for HIV Prevention [a,b] (also see prescribing information)",56,Lenacapavir (LEN),,,,"None: • Moderate inhibition of CYP3A4 and P-gP potentially increases
corticosteroid concentrations and the related risk of Cushing’s
syndrome and adrenal suppression.
• Dexamethasone (systemic): Decreased LEN levels expected
with dexamethasone doses >16 mg/day. | None_1: Dexamethasone (doses >16 mg/day):
• At initiation of moderate CYP3A4 inducer in patients already
using LEN PrEP, see Table 5 of the Yeztugo prescribing
information (page 6) for instructions on administering a
supplemental dose of LEN PrEP.
• After stopping use of moderate CYP3A4 inducer, continue to
administer LEN PrEP every 6 months as scheduled without
supplemental subcutaneous dosing. Supplemental dosing only
continues until the patient has stopped the inducer."
"Table 19B: Lenacapavir (LEN) Interactions When Used for HIV Prevention [a,b] (also see prescribing information)",56,Lenacapavir (LEN),,,,"None: Moderate inhibition of CYP3A4 potentially increases ergotamine
derivative levels. | None_1: Do not coadminister."
"Table 19B: Lenacapavir (LEN) Interactions When Used for HIV Prevention [a,b] (also see prescribing information)",56,Lenacapavir (LEN),,,,"None: CYP3A4 and P-gP induction potentially decreases LEN levels. | None_1: Do not coadminister. Consider other alternatives to LEN for HIV
prevention."
"Table 19B: Lenacapavir (LEN) Interactions When Used for HIV Prevention [a,b] (also see prescribing information)",56,Lenacapavir (LEN),,,,"None: Lovastatin, simvastatin, lomitapide: Moderate inhibition of
CYP3A4 and P-gP potentially increases levels. | None_1: • Simvastatin, lovastatin: Initiate at lowest dose and titrate to
achieve clinical effect; monitor closely for statin toxicity.
• Lomitapide: Concomitant use is contraindicated."
"Table 19B: Lenacapavir (LEN) Interactions When Used for HIV Prevention [a,b] (also see prescribing information)",56,Lenacapavir (LEN),,,,"None: Moderate inhibition of CYP3A4 potentially increases opioid levels. | None_1: • Monitor for therapeutic effects and adverse reactions
associated with CYP3A-metabolized opioid analgesics,
including potentially fatal respiratory depression.
• Tramadol: Consider tramadol dose reduction with concomitant
use."
"Table 19B: Lenacapavir (LEN) Interactions When Used for HIV Prevention [a,b] (also see prescribing information)",57,Lenacapavir (LEN),,,,None: Mechanism of Action | None_1: Clinical Comments
"Table 19B: Lenacapavir (LEN) Interactions When Used for HIV Prevention [a,b] (also see prescribing information)",57,Lenacapavir (LEN),,,,"None: Moderate inhibition of CYP3A4 and P-gP potentially increases
methadone or buprenorphine levels. | None_1: • Patients initiating MAT while already on LEN: Initiate MAT at
lowest initial or maintenance dose.
• Patients initiating LEN while already on MAT: MAT dose
adjustments may be needed.
• Monitor for excess sedation and/or respiratory depression."
"Table 19B: Lenacapavir (LEN) Interactions When Used for HIV Prevention [a,b] (also see prescribing information)",57,Lenacapavir (LEN),,,,"None: Moderate inhibition of CYP3A4 potentially increases naloxegol
levels. | None_1: Avoid concomitant use. If use is required, decrease naloxegol
dose and monitor for adverse effects."
"Table 19B: Lenacapavir (LEN) Interactions When Used for HIV Prevention [a,b] (also see prescribing information)",57,Lenacapavir (LEN),,,,"None: Moderate inhibition of CYP3A4 and P-gP potentially increases
PDE5 inhibitor levels. | None_1: For pulmonary hypertension:
• Tadalafil: Concomitant use is not recommended.
• For other medications, refer to dosing guidelines.
For erectile dysfunction, refer to prescribing information and
guidance listed below:
• Avanafil: Do not coadminister.
• Sildenafil: Start with 25 mg every 48 hours; monitor for
adverse effects.
• Tadalafil: Start with 5 mg and do not exceed 10 mg every 72
hours; monitor for adverse effects.
Vardenafil: Administer 2.5 mg every 72 hours; monitor for
adverse effects."
"Table 19B: Lenacapavir (LEN) Interactions When Used for HIV Prevention [a,b] (also see prescribing information)",57,Lenacapavir (LEN),,,,"None: Moderate inhibition of CYP3A4 and P-gP potentially increases
sedative levels. | None_1: Use with caution; monitor for excess sedation."
"Table 19B: Lenacapavir (LEN) Interactions When Used for HIV Prevention [a,b] (also see prescribing information)",57,Lenacapavir (LEN),,,,None: Modafinil: CYP3A4 induction may reduce LEN levels. | None_1: Modafinil: Consider alternative ADHD medications.
"Table 19B: Lenacapavir (LEN) Interactions When Used for HIV Prevention [a,b] (also see prescribing information)",57,Lenacapavir (LEN),,,,None: Modafinil: CYP3A4 induction may reduce LEN levels. | None_1: Modafinil: Consider alternative ADHD medications.
Untitled Table,58,Not Specified,,,,
Table 20: Common Oral Antibiotics (also see prescribing information),59,Common Oral Antibiotics (also see prescribing information),,,,"Table 20: Common Oral Antibiotics (also see prescribing information): → Penicillins, cephalosporins, tetracyclines, macrolides, fluoroquinolones, sulfamethoxazole-trimethoprim [a], linezolid, dapsone"
Table 20: Common Oral Antibiotics (also see prescribing information),59,Common Oral Antibiotics (also see prescribing information),,,,"Table 20: Common Oral Antibiotics (also see prescribing information): → Penicillins, cephalosporins, tetracyclines, macrolides, fluoroquinolones, sulfamethoxazole-trimethoprim [a], linezolid, dapsone | None: Mechanism of Action | None_1: Clinical Comments"
Table 20: Common Oral Antibiotics (also see prescribing information),59,Common Oral Antibiotics (also see prescribing information),,,,"Table 20: Common Oral Antibiotics (also see prescribing information): → Penicillins, cephalosporins, tetracyclines, macrolides, fluoroquinolones, sulfamethoxazole-trimethoprim [a], linezolid, dapsone | None: • No significant interactions are expected.
• Penicillins and cefalexin are eliminated mainly by organic anion
transporters, so may compete with TDF for active tubular
excretion, thus increasing concentrations of both drugs.
Because of limited duration of most penicillin regimens,
significance of this interaction is expected to be minimal. | None_1: No dose adjustments are necessary."
Table 20: Common Oral Antibiotics (also see prescribing information),59,Common Oral Antibiotics (also see prescribing information),,,,"Table 20: Common Oral Antibiotics (also see prescribing information): → Penicillins, cephalosporins, tetracyclines, macrolides, fluoroquinolones, sulfamethoxazole-trimethoprim [a], linezolid, dapsone | None: Macrolides: Coadministration may increase RPV levels. | None_1: Macrolides: Consider alternatives. Increased RPV levels when
combined with macrolides may lead to increased risk of torsades
de pointes."
Table 20: Common Oral Antibiotics (also see prescribing information),59,Common Oral Antibiotics (also see prescribing information),,,,"Table 20: Common Oral Antibiotics (also see prescribing information): → Penicillins, cephalosporins, tetracyclines, macrolides, fluoroquinolones, sulfamethoxazole-trimethoprim [a], linezolid, dapsone | None: Macrolides: Coadministration may increase RPV levels. | None_1: Macrolides: Consider alternatives. Increased RPV levels when
combined with macrolides may lead to increased risk of torsades
de pointes."
Table 20: Common Oral Antibiotics (also see prescribing information),59,Common Oral Antibiotics (also see prescribing information),,,,"Table 21: Antihypertensive Medications (also see prescribing information): → Angiotensin-converting enzyme (ACE) inhibitors [a], angiotensin II receptor blockers (ARBs), calcium channel blockers (CCBs), beta blockers, direct renin inhibitors,"
Table 20: Common Oral Antibiotics (also see prescribing information),59,Common Oral Antibiotics (also see prescribing information),,,,Table 21: Antihypertensive Medications (also see prescribing information): diuretics
Table 20: Common Oral Antibiotics (also see prescribing information),59,Common Oral Antibiotics (also see prescribing information),,,,Table 21: Antihypertensive Medications (also see prescribing information): diuretics | None: Mechanism of Action | None_1: Clinical Comments
Table 20: Common Oral Antibiotics (also see prescribing information),59,Common Oral Antibiotics (also see prescribing information),,,,Table 21: Antihypertensive Medications (also see prescribing information): diuretics | None: No significant interactions are expected. | None_1: No dose adjustments are necessary.
Table 20: Common Oral Antibiotics (also see prescribing information),59,Common Oral Antibiotics (also see prescribing information),,,,"Table 21: Antihypertensive Medications (also see prescribing information): diuretics | None: • Atenolol is eliminated via OCT2 and MATE1, which are
inhibited by DTG and BIC. Coadministration may increase
atenolol levels.
• ACE inhibitors, ARBs, CCBs, aliskiren, diuretics: No significant
interactions are expected. | None_1: • Atenolol:
‒ Start at lower atenolol dose and titrate slowly to achieve
clinical effect.
‒ If patient is already using atenolol but starting DTG or BIC,
monitor for atenolol-related adverse effects.
‒ Reduce atenolol dose if necessary or switch to another ARV."
Table 21: Antihypertensive Medications (also see prescribing information),60,Antihypertensive Medications (also see prescribing information),,,,"Table 21: Antihypertensive Medications (also see prescribing information): → Angiotensin-converting enzyme (ACE) inhibitors [a], angiotensin II receptor blockers (ARBs), calcium channel blockers (CCBs), beta blockers, direct renin inhibitors,"
Table 21: Antihypertensive Medications (also see prescribing information),60,Antihypertensive Medications (also see prescribing information),,,,Table 21: Antihypertensive Medications (also see prescribing information): diuretics
Table 21: Antihypertensive Medications (also see prescribing information),60,Antihypertensive Medications (also see prescribing information),,,,Table 21: Antihypertensive Medications (also see prescribing information): diuretics | None: Mechanism of Action | None_1: Clinical Comments
Table 21: Antihypertensive Medications (also see prescribing information),60,Antihypertensive Medications (also see prescribing information),,,,"Table 21: Antihypertensive Medications (also see prescribing information): diuretics | None_1: • ACE inhibitors, ARBs, CCBs, aliskiren, diuretics: No dose
adjustments are necessary."
Table 21: Antihypertensive Medications (also see prescribing information),60,Antihypertensive Medications (also see prescribing information),,,,"Table 21: Antihypertensive Medications (also see prescribing information): diuretics | None: • Aliskiren: P-gP inhibitors, including boosted EVG, decrease
aliskiren elimination, increasing adverse effects of medication.
• Atenolol: COBI-boosted EVG may increase atenolol
concentrations via inhibition of MATE1 elimination.
• CCBs: COBI-boosted EVG may increase CCB concentrations by
as much as 50%.
• ACE inhibitors, ARBs, beta blockers, carvedilol, diuretics: No
significant interactions are expected. | None_1: • Aliskiren: Do not coadminister.
• Atenolol:
‒ Start patient at lowest possible dose and titrate slowly to
achieve clinical effect while monitoring for adverse effects.
‒ If patient is already using atenolol but starting COBI-boosted
EVG, monitor for atenolol-related adverse effects. Reduce
atenolol dose as needed.
• CCBs: When using with boosted EVG, decrease original CCB
dose by as much as 50% and titrate slowly to achieve clinical
effect.
• Beta blockers other than atenolol, diuretics: No dose
adjustments are necessary."
Table 21: Antihypertensive Medications (also see prescribing information),60,Antihypertensive Medications (also see prescribing information),,,,"Table 21: Antihypertensive Medications (also see prescribing information): diuretics | None: • Aliskiren: Boosted PIs inhibit Pg-P, which may decrease
aliskiren elimination, increasing risk of adverse effects.
• Atenolol:
‒ COBI-boosted PIs may increase atenolol via inhibition of
MATE1 elimination.
‒ Similar interaction is not seen with RTV-boosted PIs.
• CCBs: Boosted PIs may increase CCB concentrations by as
much as 50%.
• ACE inhibitors, ARBs, beta blockers, carvedilol, diuretics: No
significant interactions are expected. | None_1: • Aliskiren: Do not coadminister.
• Atenolol:
‒ Start at lowest possible dose and titrate slowly to achieve
clinical effect while monitoring for adverse effects.
‒ If patient is already using atenolol but starting COBI-boosted
PI, monitor for atenolol-related adverse effects and reduce
atenolol dose as needed.
‒ RTV is the preferred PK booster when patient is also using
atenolol.
• CCBs: When using with boosted PIs, decrease original CCB dose
by as much as 50% and titrate slowly to achieve clinical effect.
• ACE inhibitors, ARBs, beta blockers, diuretics: No dose
adjustments are necessary."
Table 21: Antihypertensive Medications (also see prescribing information),60,Antihypertensive Medications (also see prescribing information),,,,"Table 21: Antihypertensive Medications (also see prescribing information): diuretics | None: • Aliskiren: ETR is minor P-gP inhibitor and may minimally
increase aliskiren concentrations, but this has not been
studied.
• ACE inhibitors, ARBs, CCBs, diuretics: No significant
interactions are expected. | None_1: • Aliskiren: When using with ETR, monitor for aliskiren-related
adverse effects; switch to alternative antihypertensive
medicine or ARV if necessary.
• ACE inhibitors, ARBs, beta blockers, CCBs, diuretics: No dose
adjustments are necessary."
Table 21: Antihypertensive Medications (also see prescribing information),60,Antihypertensive Medications (also see prescribing information),,,,"Table 21: Antihypertensive Medications (also see prescribing information): diuretics | None: • Aliskiren: ETR is minor P-gP inhibitor and may minimally
increase aliskiren concentrations, but this has not been
studied.
• ACE inhibitors, ARBs, CCBs, diuretics: No significant
interactions are expected. | None_1: • Aliskiren: When using with ETR, monitor for aliskiren-related
adverse effects; switch to alternative antihypertensive
medicine or ARV if necessary.
• ACE inhibitors, ARBs, beta blockers, CCBs, diuretics: No dose
adjustments are necessary."
Table 21: Antihypertensive Medications (also see prescribing information),61,Antihypertensive Medications (also see prescribing information),,,,"Table 21: Antihypertensive Medications (also see prescribing information): → Angiotensin-converting enzyme (ACE) inhibitors [a], angiotensin II receptor blockers (ARBs), calcium channel blockers (CCBs), beta blockers, direct renin inhibitors,"
Table 21: Antihypertensive Medications (also see prescribing information),61,Antihypertensive Medications (also see prescribing information),,,,Table 21: Antihypertensive Medications (also see prescribing information): diuretics
Table 21: Antihypertensive Medications (also see prescribing information),61,Antihypertensive Medications (also see prescribing information),,,,Table 21: Antihypertensive Medications (also see prescribing information): diuretics | None: Mechanism of Action | None_1: Clinical Comments
Table 21: Antihypertensive Medications (also see prescribing information),61,Antihypertensive Medications (also see prescribing information),,,,Table 21: Antihypertensive Medications (also see prescribing information): diuretics | None: Mechanism of Action | None_1: Clinical Comments
Table 21: Antihypertensive Medications (also see prescribing information),61,Antihypertensive Medications (also see prescribing information),,,,"Table 22: Anticoagulants (also see prescribing information): → Warfarin, non-VKA oral anticoagulants (NOACs), low molecular weight heparins (LMWHs)"
Table 21: Antihypertensive Medications (also see prescribing information),61,Antihypertensive Medications (also see prescribing information),,,,"Table 22: Anticoagulants (also see prescribing information): → Warfarin, non-VKA oral anticoagulants (NOACs), low molecular weight heparins (LMWHs) | None: Mechanism of Action | None_1: Clinical Comments"
Table 21: Antihypertensive Medications (also see prescribing information),61,Antihypertensive Medications (also see prescribing information),,,,"Table 22: Anticoagulants (also see prescribing information): → Warfarin, non-VKA oral anticoagulants (NOACs), low molecular weight heparins (LMWHs) | None: No significant interactions are expected. | None_1: No dose adjustments are necessary."
Table 21: Antihypertensive Medications (also see prescribing information),61,Antihypertensive Medications (also see prescribing information),,,,"Table 22: Anticoagulants (also see prescribing information): → Warfarin, non-VKA oral anticoagulants (NOACs), low molecular weight heparins (LMWHs) | None: • Warfarin: Metabolism of warfarin could potentially decrease
(or more rarely) increase.
• Rivaroxaban, dabigatran, apixaban: Concentrations may
increase, increasing bleeding risk.
• LMWHs: No significant interactions are expected. | None_1: • Warfarin: Use cautiously with warfarin; if use is necessary,
increase INR monitoring.
‒ If INR increases, decrease warfarin dose.
‒ If INR decreases, increase warfarin dose slowly.
• Rivaroxaban: Do not coadminister.
• Apixaban: Reduce apixaban dose to 2.5 mg twice per day; if
patient is already taking 2.5 mg twice per day, avoid
concomitant use.
• Dabigatran:
‒ In patients with good renal function, no dose adjustments
are necessary.
‒ In patients with moderate to severe renal dysfunction, do
not use this combination.
‒ Consider switching to another ARV regimen without booster
to avoid interaction.
• Edoxaban:
‒ For stroke prevention in patients with nonvalvular atrial
fibrillation: No dose adjustments are necessary."
Table 22: Anticoagulants (also see prescribing information),62,Anticoagulants (also see prescribing information),,,,"Table 22: Anticoagulants (also see prescribing information): → Warfarin, non-VKA oral anticoagulants (NOACs), low molecular weight heparins (LMWHs)"
Table 22: Anticoagulants (also see prescribing information),62,Anticoagulants (also see prescribing information),,,,"Table 22: Anticoagulants (also see prescribing information): → Warfarin, non-VKA oral anticoagulants (NOACs), low molecular weight heparins (LMWHs) | None: Mechanism of Action | None_1: Clinical Comments"
Table 22: Anticoagulants (also see prescribing information),62,Anticoagulants (also see prescribing information),,,,"Table 22: Anticoagulants (also see prescribing information): → Warfarin, non-VKA oral anticoagulants (NOACs), low molecular weight heparins (LMWHs) | None_1: ‒ For patients with DVT and PE: Administer edoxaban 30 mg
once daily.
• LMWHs: No dose adjustments are necessary."
Table 22: Anticoagulants (also see prescribing information),62,Anticoagulants (also see prescribing information),,,,"Table 22: Anticoagulants (also see prescribing information): → Warfarin, non-VKA oral anticoagulants (NOACs), low molecular weight heparins (LMWHs) | None: • Warfarin: Metabolism of warfarin could potentially decrease
(or more rarely) increase.
• Rivaroxaban, dabigatran, apixaban: Concentrations may
increase, increasing bleeding risk.
• LMWHs: No significant interactions are expected. | None_1: • Avoid concomitant use or use lowest effective dose of factor
Xa inhibitor to avoid increased bleeding risk.
• Warfarin: Use cautiously with warfarin; if use is necessary,
increase INR monitoring.
‒ If INR increases, decrease warfarin dose.
‒ If INR decreases, increase warfarin dose slowly.
• Rivaroxaban: Do not coadminister.
• Apixaban: Reduce apixaban dose to 2.5 mg twice per day; if
patient is already taking 2.5 mg twice per day, avoid
concomitant use.
• Dabigatran:
‒ Separate doses of dabigatran and boosted PIs by at least 2
hours.
‒ RTV boosting of PIs may be safer than COBI boosting with
concomitant dabigatran [Kakadiya, et al. 2018].
‒ Avoid dabigatran in patients with renal impairment (CrCl
<50 mL/min) who are taking boosted PIs.
• Edoxaban:
‒ For stroke prevention in patients with nonvalvular atrial
fibrillation: No dose adjustments are necessary.
‒ For DVT and PE: Administer edoxaban 30 mg once daily.
• LMWHs: No dose adjustments are necessary."
Table 22: Anticoagulants (also see prescribing information),62,Anticoagulants (also see prescribing information),,,,"Table 22: Anticoagulants (also see prescribing information): → Warfarin, non-VKA oral anticoagulants (NOACs), low molecular weight heparins (LMWHs) | None: • Warfarin: Metabolism of warfarin could potentially increase
(or more rarely) decrease).
• NOACs, LMWHs: EFV may reduce levels of NOACs metabolized
via CYP3A4. | None_1: • Use cautiously with warfarin; if use is necessary, increase INR
monitoring.
‒ If INR increases, decrease warfarin dose.
‒ If INR decreases, increase warfarin dose slowly.
• NOACs, LMWHs: Avoid NOACs with EFV and NVP; use
alternative HIV regimen."
Table 22: Anticoagulants (also see prescribing information),62,Anticoagulants (also see prescribing information),,,,"Table 22: Anticoagulants (also see prescribing information): → Warfarin, non-VKA oral anticoagulants (NOACs), low molecular weight heparins (LMWHs) | None: DOAC levels potentially increase due to effect on CYP3A4 and P-
gP. | None_1: • No dose adjustment needed; monitor for increased risk of
bleeding.
• Refer to DOAC prescribing information for use with moderate
CYP3A4 and P-gP inhibitors."
Table 22: Anticoagulants (also see prescribing information),63,Anticoagulants (also see prescribing information),,,,"Table 22: Anticoagulants (also see prescribing information): → Warfarin, non-VKA oral anticoagulants (NOACs), low molecular weight heparins (LMWHs)"
Table 22: Anticoagulants (also see prescribing information),63,Anticoagulants (also see prescribing information),,,,"Table 22: Anticoagulants (also see prescribing information): → Warfarin, non-VKA oral anticoagulants (NOACs), low molecular weight heparins (LMWHs) | None: Mechanism of Action | None_1: Clinical Comments"
Table 22: Anticoagulants (also see prescribing information),63,Anticoagulants (also see prescribing information),,,,"Table 22: Anticoagulants (also see prescribing information): → Warfarin, non-VKA oral anticoagulants (NOACs), low molecular weight heparins (LMWHs) | None: Mechanism of Action | None_1: Clinical Comments"
Table 22: Anticoagulants (also see prescribing information),63,Anticoagulants (also see prescribing information),,,,"Table 23: Antiplatelet Medications (also see prescribing information): → Adenosine phosphate receptor inhibitors, cilostazol, dipyridamole"
Table 22: Anticoagulants (also see prescribing information),63,Anticoagulants (also see prescribing information),,,,"Table 23: Antiplatelet Medications (also see prescribing information): → Adenosine phosphate receptor inhibitors, cilostazol, dipyridamole | None: Mechanism of Action | None_1: Clinical Comments"
Table 22: Anticoagulants (also see prescribing information),63,Anticoagulants (also see prescribing information),,,,"Table 23: Antiplatelet Medications (also see prescribing information): → Adenosine phosphate receptor inhibitors, cilostazol, dipyridamole | None: No significant interactions are expected. | None_1: No dose adjustments are necessary."
Table 22: Anticoagulants (also see prescribing information),63,Anticoagulants (also see prescribing information),,,,"Table 23: Antiplatelet Medications (also see prescribing information): → Adenosine phosphate receptor inhibitors, cilostazol, dipyridamole | None: • Cilostazol may be metabolized by CYP3A; COBI-boosted EVG
can increase concentrations of this drug.
• Ticagrelor: Strong CYP3A4 inhibitors may increase ticagrelor
exposure.
• Clopidogrel: Boosted EVG significantly decreases production of
clopidogrel’s active metabolite.
• Prasugrel: Boosted EVG decreases prasugrel’s active
metabolite; however, adequate antiplatelet activity is
maintained.
• Vorapaxar: Increased vorapaxar levels are expected. | None_1: • Cilostazol: Monitor for antiplatelet effect. May be necessary to
use alternative antiplatelet medication or alternative ARV.
• Ticagrelor: To avoid increased bleeding risk, do not use
ticagrelor with strong CYP3A inhibitors, particularly COBI and
RTV.
• Clopidogrel, vorapaxar: Do not coadminister.
• Prasugrel: No dose adjustments are necessary."
Table 22: Anticoagulants (also see prescribing information),63,Anticoagulants (also see prescribing information),,,,"Table 23: Antiplatelet Medications (also see prescribing information): → Adenosine phosphate receptor inhibitors, cilostazol, dipyridamole | None: • Cilostazol is metabolized by CYP3A; boosted PIs will increase
concentrations of this drug.
• Dipyridamole: RTV-boosted PIs may induce UGT enzymes,
which are responsible for metabolism of dipyridamole (not
seen with COBI).
• Ticagrelor: Strong CYP3A4 inhibitors may increase ticagrelor
exposure.
• Clopidogrel: Boosted PIs may decrease production of
clopidogrel’s active metabolite.
• Prasugrel: Boosted PIs may decrease prasugrel’s active
metabolite; however, adequate antiplatelet activity is
maintained.
• Vorapaxar: Increased vorapaxar levels are expected. | None_1: • Cilostazol: Monitor for antiplatelet effect; may be necessary to
use alternative antiplatelet medication or alternative ARV.
• Dipyridamole: Monitor for antiplatelet effect; use alternative
ARV or boost with COBI if necessary.
• Ticagrelor: To avoid increased bleeding risk, do not use
ticagrelor with strong CYP3A inhibitors, particularly COBI and
RTV.
• Clopidogrel, vorapaxar: Do not coadminister.
• Prasugrel: No dose adjustments are necessary."
Table 23: Antiplatelet Medications (also see prescribing information),64,Antiplatelet Medications (also see prescribing information),,,,"Table 23: Antiplatelet Medications (also see prescribing information): → Adenosine phosphate receptor inhibitors, cilostazol, dipyridamole"
Table 23: Antiplatelet Medications (also see prescribing information),64,Antiplatelet Medications (also see prescribing information),,,,"Table 23: Antiplatelet Medications (also see prescribing information): → Adenosine phosphate receptor inhibitors, cilostazol, dipyridamole | None: Mechanism of Action | None_1: Clinical Comments"
Table 23: Antiplatelet Medications (also see prescribing information),64,Antiplatelet Medications (also see prescribing information),,,,"Table 23: Antiplatelet Medications (also see prescribing information): → Adenosine phosphate receptor inhibitors, cilostazol, dipyridamole | None: • Cilostazol: EFV and ETR may reduce cilostazol concentrations.
• Dipyridamole: EFV and ETR may induce UGT enzymes, which
are responsible for metabolism.
• Ticagrelor, clopidogrel: EFV and ETR reduce ticagrelor
concentrations and conversion of clopidogrel to its active
metabolite.
• Vorapaxar: When coadministered with ETR, vorapaxar levels
expected to be reduced. | None_1: • Cilostazol: Monitor for antiplatelet effect; may be necessary to
use alternative antiplatelet medication or alternative ARV.
• Dipyridamole: Monitor for antiplatelet effect; use alternative
ARV if necessary.
• Ticagrelor, clopidogrel: Use with EFV or ETR may reduce
antiplatelet effect; monitor closely for efficacy and use
alternative ARV if necessary.
• Prasugrel: When coadministered with ETR, no dose
adjustments are necessary.
• Vorapaxar: No data available."
Table 23: Antiplatelet Medications (also see prescribing information),64,Antiplatelet Medications (also see prescribing information),,,,"Table 23: Antiplatelet Medications (also see prescribing information): → Adenosine phosphate receptor inhibitors, cilostazol, dipyridamole | None: • Cilostazol: EFV and ETR may reduce cilostazol concentrations.
• Dipyridamole: EFV and ETR may induce UGT enzymes, which
are responsible for metabolism.
• Ticagrelor, clopidogrel: EFV and ETR reduce ticagrelor
concentrations and conversion of clopidogrel to its active
metabolite.
• Vorapaxar: When coadministered with ETR, vorapaxar levels
expected to be reduced. | None_1: • Cilostazol: Monitor for antiplatelet effect; may be necessary to
use alternative antiplatelet medication or alternative ARV.
• Dipyridamole: Monitor for antiplatelet effect; use alternative
ARV if necessary.
• Ticagrelor, clopidogrel: Use with EFV or ETR may reduce
antiplatelet effect; monitor closely for efficacy and use
alternative ARV if necessary.
• Prasugrel: When coadministered with ETR, no dose
adjustments are necessary.
• Vorapaxar: No data available."
Table 23: Antiplatelet Medications (also see prescribing information),64,Antiplatelet Medications (also see prescribing information),,,,None: Mechanism of Action | None_1: Clinical Comments
Table 23: Antiplatelet Medications (also see prescribing information),64,Antiplatelet Medications (also see prescribing information),,,,None: No significant interactions are expected. | None_1: No dose adjustments are necessary.
Table 23: Antiplatelet Medications (also see prescribing information),64,Antiplatelet Medications (also see prescribing information),,,,"None: • Simvastatin, lovastatin: Boosted EVG greatly increases
concentrations.
• Atorvastatin, rosuvastatin: Boosted EVG may moderately
increase concentrations.
• Fluvastatin: Interaction has not been studied, but potential for
moderate increase is possible.
• Pitavastatin, pravastatin: Although moderate increases are
possible, low doses are considered safe when used with
boosted EVG. | None_1: • Simvastatin, lovastatin: Concomitant use is contraindicated;
may increase muscle aches and risk of rhabdomyolysis; choose
alternative statin
• Atorvastatin:
‒ Avoid concomitant use of COBI and atorvastatin.
‒ If atorvastatin use is necessary, do not exceed 20 mg per
day.
• Rosuvastatin: Use lowest effective dose and titrate carefully to
achieve clinical effect; monitor closely for adverse effects.
• Fluvastatin: Do not coadminister. If use is required, use lowest
effective dose; monitor closely for safety and efficacy before
increasing statin dose.
• Pitavastatin, pravastatin: Use lowest effective doses of
pitavastatin and pravastatin; monitor for signs of toxicity,
including myopathy."
Table 24: Statins (also see prescribing information),65,Statins (also see prescribing information),,,,None: Mechanism of Action | None_1: Clinical Comments
Table 24: Statins (also see prescribing information),65,Statins (also see prescribing information),,,,"None: • Simvastatin, lovastatin: Boosted ATV greatly increases
concentrations.
• Atorvastatin, rosuvastatin: Boosted ATV may moderately
increase concentrations.
• Fluvastatin: Interaction has not been studied, but potential for
moderate increase is possible.
• Pitavastatin, pravastatin: Although moderate increases are
possible, low doses are considered safe when used with
boosted PIs. | None_1: • Simvastatin, lovastatin: Concomitant use is contraindicated
due to potential for myopathy, including rhabdomyolysis.
Consider using low doses of alternative statins less likely to be
affected by boosted ATV use.
• Atorvastatin:
‒ Use with lowest effective doses; monitor closely for safety
and efficacy before increasing statin dose.
‒ Do not coadminister with COBI-boosted ATV due to
increased risk of rhabdomyolysis and myopathy.
• Rosuvastatin:
‒ Use with lowest effective doses; monitor closely for safety
and efficacy before increasing statin dose.
‒ If use is necessary, do not exceed 10 mg per day.
• Fluvastatin: Do not coadminister. If use is required, use lowest
effective dose; monitor closely for safety and efficacy before
increasing statin dose.
• Pitavastatin: Use at lowest effective dose.
• Pravastatin: If use is necessary, use lowest effective dose, and
monitor for signs of toxicity."
Table 24: Statins (also see prescribing information),65,Statins (also see prescribing information),,,,"None: • Simvastatin, lovastatin: Boosted DRV greatly increases
concentrations.
• Atorvastatin, rosuvastatin: Boosted DRV may moderately
increase concentrations.
• Fluvastatin: Interaction has not been studied, but potential for
moderate increase is possible.
• Pravastatin: Although moderate increases are possible, low
doses are considered safe when used with boosted PIs.
• Pitavastatin:
‒ Boosted DRV is less likely to interact compared to other
statins.
‒ When administered with RTV-boosted DRV, pitavastatin
AUC is decreased by 26%. | None_1: • Simvastatin, lovastatin:
‒ Concomitant use is contraindicated due to potential for
myopathy, including rhabdomyolysis.
‒ Consider using low doses of alternative statins less likely to
be affected by boosted DRV.
• Atorvastatin:
‒ When administered with RTV-boosted DRV, use lowest
effective dose; do not exceed 20 mg daily.
‒ If concomitant use is necessary, monitor closely for signs of
myopathy and rhabdomyolysis.
• Rosuvastatin:
‒ When possible, avoid concomitant use.
‒ If use is necessary, start with 10 mg per day; dose should
not exceed 20 mg per day.
• Fluvastatin: Do not coadminister. If use is required, use lowest
effective dose; monitor closely for safety and efficacy before
increasing statin dose.
• Pitavastatin: No dose adjustments are necessary.
• Pravastatin: If use is necessary, use lowest effective dose and
monitor for signs of toxicity."
Table 24: Statins (also see prescribing information),66,Statins (also see prescribing information),,,,None: Mechanism of Action | None_1: Clinical Comments
Table 24: Statins (also see prescribing information),66,Statins (also see prescribing information),,,,"None: • Simvastatin, lovastatin: EFV and ETR may decrease
concentrations.
• Atorvastatin, pravastatin, fluvastatin: EFV and ETR may
modestly reduce concentrations.
• Pitavastatin, rosuvastatin: No significant interactions are
expected. | None_1: • Simvastatin, lovastatin: Monitor for efficacy. May warrant
increases in statin dose. Do not increase dose above maximum
recommended statin dose.
• Atorvastatin, pravastatin, fluvastatin: Monitor for cholesterol-
lowering effect of statins. May require increased dose.
• Pitavastatin, rosuvastatin: No dose adjustments are necessary."
Table 24: Statins (also see prescribing information),66,Statins (also see prescribing information),,,,"None: torvastatin, fluvastatin, pitavastatin, rosuvastatin, simvastatin:
Levels may increase with concurrent use of FTR. | None_1: se lowest possible statin starting dose; monitor for statin-
associated adverse effects."
Table 24: Statins (also see prescribing information),66,Statins (also see prescribing information),,,,"None: ovastatin, simvastatin, lomitapide: Moderate inhibition of CYP3A4
and P-gP potentially increases levels. | None_1: • Simvastatin, lovastatin: Initiate at lowest dose and titrate to
achieve clinical effect; monitor closely for statin toxicity.
• Lomitapide: Concomitant use is contraindicated."
Table 24: Statins (also see prescribing information),66,Statins (also see prescribing information),,,,"None: ovastatin, simvastatin, lomitapide: Moderate inhibition of CYP3A4
and P-gP potentially increases levels. | None_1: • Simvastatin, lovastatin: Initiate at lowest dose and titrate to
achieve clinical effect; monitor closely for statin toxicity.
• Lomitapide: Concomitant use is contraindicated."
Table 24: Statins (also see prescribing information),66,Statins (also see prescribing information),,,,"Table 25: Antidiabetic Medications (also see prescribing information): → Metformin, sulfonylureas, thiazolidinediones (TZDs), dipeptidyl peptidase IV (DPP-4) inhibitors, glucosidase inhibitors, glucagon-like peptide 1 (GLP-1) agonists,"
Table 24: Statins (also see prescribing information),66,Statins (also see prescribing information),,,,Table 25: Antidiabetic Medications (also see prescribing information): sodium-glucose cotransporter 2 (SGLT-2) inhibitors
Table 24: Statins (also see prescribing information),66,Statins (also see prescribing information),,,,Table 25: Antidiabetic Medications (also see prescribing information): sodium-glucose cotransporter 2 (SGLT-2) inhibitors | None: Mechanism of Action | None_1: Clinical Comments
Table 24: Statins (also see prescribing information),66,Statins (also see prescribing information),,,,Table 25: Antidiabetic Medications (also see prescribing information): sodium-glucose cotransporter 2 (SGLT-2) inhibitors | None: No significant interactions are expected. | None_1: No dose adjustments are necessary.
Table 24: Statins (also see prescribing information),66,Statins (also see prescribing information),,,,"Table 25: Antidiabetic Medications (also see prescribing information): sodium-glucose cotransporter 2 (SGLT-2) inhibitors | None: • Metformin:
‒ DTG inhibits renal OCT2, MATE1, and MATE2, which are
involved in metformin elimination.
‒ BIC inhibits renal OCT2 and MATE1, which are involved in
metformin elimination.
• Sulfonylureas, TZDs, DPP-4 inhibitors, GLP-1 agonists, SGLT-2
inhibitors: No significant interactions are expected. | None_1: • Metformin:
‒ Administer at lowest dose possible to achieve glycemic
control; monitor for adverse effects.
‒ When coadministered with DTG, titrate to achieve clinical
effect but do not exceed 1,000 mg daily; monitor for
adverse effects, including lactic acidosis.
‒ When coadministered with BIC, drug interaction studies
suggest that prospective dose adjustment of metformin is
not required.
• Sulfonylureas, TZDs, DPP-4 inhibitors, GLP-1 agonists, SGLT-2
inhibitors: No dose adjustments are necessary."
Table 25: Antidiabetic Medications (also see prescribing information),67,Antidiabetic Medications (also see prescribing information),,,,"Table 25: Antidiabetic Medications (also see prescribing information): → Metformin, sulfonylureas, thiazolidinediones (TZDs), dipeptidyl peptidase IV (DPP-4) inhibitors, glucosidase inhibitors, glucagon-like peptide 1 (GLP-1) agonists,"
Table 25: Antidiabetic Medications (also see prescribing information),67,Antidiabetic Medications (also see prescribing information),,,,Table 25: Antidiabetic Medications (also see prescribing information): sodium-glucose cotransporter 2 (SGLT-2) inhibitors
Table 25: Antidiabetic Medications (also see prescribing information),67,Antidiabetic Medications (also see prescribing information),,,,Table 25: Antidiabetic Medications (also see prescribing information): sodium-glucose cotransporter 2 (SGLT-2) inhibitors | None: Mechanism of Action | None_1: Clinical Comments
Table 25: Antidiabetic Medications (also see prescribing information),67,Antidiabetic Medications (also see prescribing information),,,,"Table 25: Antidiabetic Medications (also see prescribing information): sodium-glucose cotransporter 2 (SGLT-2) inhibitors | None: • Metformin: COBI is known to inhibit MATE1, which is involved
in metformin elimination, thus increasing metformin
concentrations.
• Glyburide is mainly metabolized by CYP3A; concentrations are
increased by inhibitors of this enzyme.
• Saxagliptin levels may be increased via CYP3A inhibition.
• Canagliflozin, TZDs, GLP-1 agonists, SGLT-2 inhibitors: No
significant interactions reported. | None_1: • Metformin: Monitor for metformin-related adverse effects;
reduce dose as needed.
• Glyburide or alternative sulfonylureas: Use lowest effective
doses with boosted EVG; monitor for signs of hypoglycemia.
• Saxagliptin: Limit dose to 2.5 mg once per day.
• Canagliflozin, TZDs, GLP-1 agonists, SGLT-2 inhibitors: No dose
adjustments are necessary."
Table 25: Antidiabetic Medications (also see prescribing information),67,Antidiabetic Medications (also see prescribing information),,,,"Table 25: Antidiabetic Medications (also see prescribing information): sodium-glucose cotransporter 2 (SGLT-2) inhibitors | None: • Metformin: COBI is known to inhibit MATE1, which is involved
in metformin elimination, thus increasing metformin
concentrations.
• Glyburide is mainly metabolized by CYP3A; thus,
concentrations are increased by inhibitors of this enzyme.
• Saxagliptin is a substrate of CYP3A; levels may be increased by
CYP3A4 inhibitors.
• Canagliflozin, bexagliflozin: RTV induces UGT and may
decrease concentrations; no significant interactions are
expected with COBI.
• GLP-1 agonists, TZDs, exenatide: No significant interactions
are expected. | None_1: • Metformin: Monitor for metformin-related adverse effects;
reduce dose as needed.
• Glyburide or alternative sulfonylureas: Use lowest effective
doses with boosted PIs; monitor for signs of hypoglycemia.
• Saxagliptin: Limit dose to 2.5 mg once per day.
• Canagliflozin: If patient already tolerates canagliflozin 100 mg
daily, increase dose to 200 mg daily. If patient already tolerates
canagliflozin 200 mg daily and requires additional glycemic
control, the management strategy should be based on renal
function.
‒ In patients with eGFR ≥60 mL/min/1.73 m2, canagliflozin
dose may be increased to 300 mg daily.
‒ In patients with eGFR <60 mL/min/1.73 m2, consider adding
another antihyperglycemic agent.
• Bexagliflozin: No dosage recommendation available at this
time for concurrent use; consider alternative therapies.
• GLP-1 agonists, TZDs, exenatide: No dose adjustments are
necessary."
Table 25: Antidiabetic Medications (also see prescribing information),67,Antidiabetic Medications (also see prescribing information),,,,"Table 25: Antidiabetic Medications (also see prescribing information): sodium-glucose cotransporter 2 (SGLT-2) inhibitors | None: • Pioglitazone: EFV may increase concentrations through
CYP2C8 inhibition. No significant interactions are expected.
• Saxagliptin, sitagliptin: EFV and ETR may decrease
concentrations.
• Metformin, sulfonylureas, TZDs, GLP-1 agonists, SGLT-2
inhibitors: No significant interactions reported. | None_1: • Pioglitazone: Monitor for signs of adverse effects with EFV;
decrease dose if necessary.
• Saxagliptin, sitagliptin: Monitor for efficacy; if necessary,
increase dose of DPP-4 inhibitor.
• Metformin, sulfonylureas, TZDs, GLP-1 agonists, SGLT-2
inhibitors: No dose adjustments are necessary."
Table 25: Antidiabetic Medications (also see prescribing information),67,Antidiabetic Medications (also see prescribing information),,,,"Table 25: Antidiabetic Medications (also see prescribing information): sodium-glucose cotransporter 2 (SGLT-2) inhibitors | None: • Pioglitazone: EFV may increase concentrations through
CYP2C8 inhibition. No significant interactions are expected.
• Saxagliptin, sitagliptin: EFV and ETR may decrease
concentrations.
• Metformin, sulfonylureas, TZDs, GLP-1 agonists, SGLT-2
inhibitors: No significant interactions reported. | None_1: • Pioglitazone: Monitor for signs of adverse effects with EFV;
decrease dose if necessary.
• Saxagliptin, sitagliptin: Monitor for efficacy; if necessary,
increase dose of DPP-4 inhibitor.
• Metformin, sulfonylureas, TZDs, GLP-1 agonists, SGLT-2
inhibitors: No dose adjustments are necessary."
Table 25: Antidiabetic Medications (also see prescribing information),68,Antidiabetic Medications (also see prescribing information),,,,"Table 25: Antidiabetic Medications (also see prescribing information): → Metformin, sulfonylureas, thiazolidinediones (TZDs), dipeptidyl peptidase IV (DPP-4) inhibitors, glucosidase inhibitors, glucagon-like peptide 1 (GLP-1) agonists,"
Table 25: Antidiabetic Medications (also see prescribing information),68,Antidiabetic Medications (also see prescribing information),,,,Table 25: Antidiabetic Medications (also see prescribing information): sodium-glucose cotransporter 2 (SGLT-2) inhibitors
Table 25: Antidiabetic Medications (also see prescribing information),68,Antidiabetic Medications (also see prescribing information),,,,Table 25: Antidiabetic Medications (also see prescribing information): sodium-glucose cotransporter 2 (SGLT-2) inhibitors | None: Mechanism of Action | None_1: Clinical Comments
Table 25: Antidiabetic Medications (also see prescribing information),68,Antidiabetic Medications (also see prescribing information),,,,Table 25: Antidiabetic Medications (also see prescribing information): sodium-glucose cotransporter 2 (SGLT-2) inhibitors | None: Mechanism of Action | None_1: Clinical Comments
Table 25: Antidiabetic Medications (also see prescribing information),68,Antidiabetic Medications (also see prescribing information),,,,"Table 26: Acid-Reducing Agents (also see prescribing information): → Proton pump inhibitors (PPIs), histamine-2 receptor agonists (H2RAs)"
Table 25: Antidiabetic Medications (also see prescribing information),68,Antidiabetic Medications (also see prescribing information),,,,"Table 26: Acid-Reducing Agents (also see prescribing information): → Proton pump inhibitors (PPIs), histamine-2 receptor agonists (H2RAs) | None: Mechanism of Action | None_1: Clinical Comments"
Table 25: Antidiabetic Medications (also see prescribing information),68,Antidiabetic Medications (also see prescribing information),,,,"Table 26: Acid-Reducing Agents (also see prescribing information): → Proton pump inhibitors (PPIs), histamine-2 receptor agonists (H2RAs) | None: No clinically significant interactions reported. | None_1: No dose adjustments are necessary."
Table 25: Antidiabetic Medications (also see prescribing information),68,Antidiabetic Medications (also see prescribing information),,,,"Table 26: Acid-Reducing Agents (also see prescribing information): → Proton pump inhibitors (PPIs), histamine-2 receptor agonists (H2RAs) | None: • ATV requires acidic gastric pH for absorption, and acid-
reducing agents interfere with ATV absorption.
• PPIs markedly reduce ATV concentration and AUC.
• H2RAs reduce ATV absorption. | None_1: PPIs: Do not coadminister with unboosted ATV if it is possible to
use an alternative acid-reducing agent, alternative PI, or boosted
ATV.
• Timing: Administer ≥12 hours before RTV- or COBI-boosted
ATV.
• ART-naive: If use cannot be avoided, do not exceed
omeprazole 20 mg per day or equivalent (e.g., pantoprazole
40 mg; lansoprazole 30 mg; esomeprazole 20 mg).
• ART-experienced: Consult with experienced HIV care provider
or GI specialist.
H2RAs:
• ART-naive: Administer ATV 400 mg (unboosted) with food at
least 2 hours before or 10 hours after.
• ART-experienced: Do not use unboosted ATV + famotidine in
combination."
Table 26: Acid-Reducing Agents (also see prescribing information),69,Acid-Reducing Agents (also see prescribing information),,,,"Table 26: Acid-Reducing Agents (also see prescribing information): → Proton pump inhibitors (PPIs), histamine-2 receptor agonists (H2RAs)"
Table 26: Acid-Reducing Agents (also see prescribing information),69,Acid-Reducing Agents (also see prescribing information),,,,"Table 26: Acid-Reducing Agents (also see prescribing information): → Proton pump inhibitors (PPIs), histamine-2 receptor agonists (H2RAs) | None: Mechanism of Action | None_1: Clinical Comments"
Table 26: Acid-Reducing Agents (also see prescribing information),69,Acid-Reducing Agents (also see prescribing information),,,,"Table 26: Acid-Reducing Agents (also see prescribing information): → Proton pump inhibitors (PPIs), histamine-2 receptor agonists (H2RAs) | None_1: • Do not exceed dose equivalent to famotidine 20 mg of any
H2RA. Total daily dose should not exceed 40 mg famotidine or
equivalent, e.g., nizatidine 150 mg (300 mg daily)."
Table 26: Acid-Reducing Agents (also see prescribing information),69,Acid-Reducing Agents (also see prescribing information),,,,"Table 26: Acid-Reducing Agents (also see prescribing information): → Proton pump inhibitors (PPIs), histamine-2 receptor agonists (H2RAs) | None: • ATV requires acidic gastric pH for absorption, and acid-
reducing agents interfere with ATV absorption.
• PPIs markedly reduce ATV concentration and AUC.
• H2RAs reduce ATV absorption. | None_1: PPIs:
• Timing: Administer ≥12 hours before RTV- or COBI-boosted
ATV.
• ART-naive: Do not exceed omeprazole 20 mg per day or
equivalent (pantoprazole 40 mg; lansoprazole 30 mg;
esomeprazole 20 mg).
• ART-experienced: Not recommended; consultation with
experienced HIV care provider or GI specialist is recommended
before prescribing PPI.
H2RAs:
• ART-naive: Administer ATV 300 mg + RTV 100 mg
simultaneously with or ≥10 hours after H2RA.
‒ If patient is not taking TFV: Do not exceed famotidine 20 mg
twice per day (40 mg daily) or equivalent, e.g., nizatidine
150 mg twice per day (300 mg daily).
‒ If patient is taking TFV: Do not exceed famotidine 40 mg
twice per day (80 mg daily) or equivalent, e.g., nizatidine
300 mg twice per day (600 mg daily).
• ART-experienced: Administer ATV 300 mg + COBI 150 mg or
RTV 100 mg simultaneously with or ≥10 hours after H2RA.
• Pregnancy: In trimesters 2 and 3, increase dose of ATV to
400 mg per day with RTV 100 mg per day. (Volume of
distribution increases as duration of pregnancy increases,
which can reduce ATV levels, especially during second and
third trimesters of pregnancy.)
‒ H2RA use is contraindicated if pregnant patient takes TFV +
boosted ATV during pregnancy.
‒ If patient is pregnant and is taking TFV, ATV is dosed at
400 mg per day with RTV 100 mg per day; unboosted ATV is
not recommended."
Table 26: Acid-Reducing Agents (also see prescribing information),69,Acid-Reducing Agents (also see prescribing information),,,,"Table 26: Acid-Reducing Agents (also see prescribing information): → Proton pump inhibitors (PPIs), histamine-2 receptor agonists (H2RAs) | None: No clinically significant interactions reported. | None_1: Omeprazole: Do not exceed omeprazole 40 mg per day."
Table 26: Acid-Reducing Agents (also see prescribing information),70,Acid-Reducing Agents (also see prescribing information),,,,"Table 26: Acid-Reducing Agents (also see prescribing information): → Proton pump inhibitors (PPIs), histamine-2 receptor agonists (H2RAs)"
Table 26: Acid-Reducing Agents (also see prescribing information),70,Acid-Reducing Agents (also see prescribing information),,,,"Table 26: Acid-Reducing Agents (also see prescribing information): → Proton pump inhibitors (PPIs), histamine-2 receptor agonists (H2RAs) | None: Mechanism of Action | None_1: Clinical Comments"
Table 26: Acid-Reducing Agents (also see prescribing information),70,Acid-Reducing Agents (also see prescribing information),,,,"Table 26: Acid-Reducing Agents (also see prescribing information): → Proton pump inhibitors (PPIs), histamine-2 receptor agonists (H2RAs) | None: • PPIs and H2RAs inhibit gastric acid secretion by proton pumps,
thereby increasing gastric pH.
• Oral RPV requires acidic environment for optimal absorption.
• H2RAs: Concomitant use may decrease RPV absorption. | None_1: PPIs:
• Concurrent use of PPIs with oral RPV is contraindicated.
• Use of PPIs with injectable RPV is acceptable.
H2RAs:
• Administer H2RA at least 12 hours before or 4 hours after.
• Use lowest effective dose.
• Administer with food.
• Use of H2RAs with injectable RPV is acceptable."
Table 26: Acid-Reducing Agents (also see prescribing information),70,Acid-Reducing Agents (also see prescribing information),,,,"Table 26: Acid-Reducing Agents (also see prescribing information): → Proton pump inhibitors (PPIs), histamine-2 receptor agonists (H2RAs) | None: • PPIs and H2RAs inhibit gastric acid secretion by proton pumps,
thereby increasing gastric pH.
• Oral RPV requires acidic environment for optimal absorption.
• H2RAs: Concomitant use may decrease RPV absorption. | None_1: PPIs:
• Concurrent use of PPIs with oral RPV is contraindicated.
• Use of PPIs with injectable RPV is acceptable.
H2RAs:
• Administer H2RA at least 12 hours before or 4 hours after.
• Use lowest effective dose.
• Administer with food.
• Use of H2RAs with injectable RPV is acceptable."
Table 26: Acid-Reducing Agents (also see prescribing information),70,Acid-Reducing Agents (also see prescribing information),,,,"Table 27: Polyvalent Cations (also see prescribing information): → Supplements, antacids, and laxatives that contain aluminum, calcium, magnesium, zinc, and iron"
Table 26: Acid-Reducing Agents (also see prescribing information),70,Acid-Reducing Agents (also see prescribing information),,,,"Table 27: Polyvalent Cations (also see prescribing information): → Supplements, antacids, and laxatives that contain aluminum, calcium, magnesium, zinc, and iron | None: Mechanism of Action | None_1: Clinical Comments"
Table 26: Acid-Reducing Agents (also see prescribing information),70,Acid-Reducing Agents (also see prescribing information),,,,"Table 27: Polyvalent Cations (also see prescribing information): → Supplements, antacids, and laxatives that contain aluminum, calcium, magnesium, zinc, and iron | None: No clinically significant interactions reported. | None_1: No dose adjustments are necessary."
Table 26: Acid-Reducing Agents (also see prescribing information),70,Acid-Reducing Agents (also see prescribing information),,,,"Table 27: Polyvalent Cations (also see prescribing information): → Supplements, antacids, and laxatives that contain aluminum, calcium, magnesium, zinc, and iron | None: INSTIs form complexes with cations, resulting in reduced
concentrations of both INSTIs and cations. For specific
recommendations, see individual INSTIs below. | None_1: Any polyvalent cation: If coadministration is necessary,
administer at least 2 hours before or at least 6 hours after;
monitor for virologic efficacy."
Table 26: Acid-Reducing Agents (also see prescribing information),70,Acid-Reducing Agents (also see prescribing information),,,,"Table 27: Polyvalent Cations (also see prescribing information): → Supplements, antacids, and laxatives that contain aluminum, calcium, magnesium, zinc, and iron | None: DTG chelates with cations, forming insoluble compounds that
inactivate both drugs. | None_1: • Divalent and trivalent cations (aluminum, magnesium,
calcium, zinc, etc.): Administer DTG 2 hours before or 6 hours
after.
• Calcium- and iron-containing supplements: DTG and
supplement may be used concomitantly if taken with food.
• Iron salts:
‒ Administer DTG 2 hours before or 6 hours after.
‒ DTG and iron salts may be used concomitantly if taken with
food."
Table 27: Polyvalent Cations (also see prescribing information),71,Polyvalent Cations (also see prescribing information),,,,"Table 27: Polyvalent Cations (also see prescribing information): → Supplements, antacids, and laxatives that contain aluminum, calcium, magnesium, zinc, and iron"
Table 27: Polyvalent Cations (also see prescribing information),71,Polyvalent Cations (also see prescribing information),,,,"Table 27: Polyvalent Cations (also see prescribing information): → Supplements, antacids, and laxatives that contain aluminum, calcium, magnesium, zinc, and iron | None: Mechanism of Action | None_1: Clinical Comments"
Table 27: Polyvalent Cations (also see prescribing information),71,Polyvalent Cations (also see prescribing information),,,,"Table 27: Polyvalent Cations (also see prescribing information): → Supplements, antacids, and laxatives that contain aluminum, calcium, magnesium, zinc, and iron | None: BIC can chelate with cations, reducing absorption of both drugs. | None_1: • Aluminum/magnesium-containing antacids: Administer at
least 6 hours before or 2 hours after BIC.
• Calcium-containing antacids:
‒ Administer BIC and antacids together with food.
‒ Do not coadminister BIC simultaneously with antacids on
empty stomach.
• Calcium- or iron-containing supplements:
‒ If taken with food, BIC can be taken at same time.
‒ If not taken with food, these supplements should be
administered as with antacids."
Table 27: Polyvalent Cations (also see prescribing information),71,Polyvalent Cations (also see prescribing information),,,,"Table 27: Polyvalent Cations (also see prescribing information): → Supplements, antacids, and laxatives that contain aluminum, calcium, magnesium, zinc, and iron | None: EVG chelates with polyvalent cations, which may reduce
absorption of both agents. | None_1: • Aluminum-, magnesium-, and/or calcium-containing antacids:
When taken with EVG, separate doses by at least 2 hours.
• Other polyvalent cations: Administer at least 2 hours before or
6 hours after EVG."
Table 27: Polyvalent Cations (also see prescribing information),71,Polyvalent Cations (also see prescribing information),,,,"Table 27: Polyvalent Cations (also see prescribing information): → Supplements, antacids, and laxatives that contain aluminum, calcium, magnesium, zinc, and iron | None: RAL chelates with cations, forming insoluble compounds that
inactivate both drugs. | None_1: • Aluminum-magnesium hydroxide antacids: Concomitant use
is contraindicated; use alternative acid-reducing agent.
• Calcium carbonate antacids:
‒ RAL HD once per day is contraindicated.
‒ RAL 400 mg twice per day: No dose adjustment or
separation is necessary.
• Other polyvalent cations: Administer at least 2 hours before or
6 hours after."
Table 27: Polyvalent Cations (also see prescribing information),71,Polyvalent Cations (also see prescribing information),,,,"Table 27: Polyvalent Cations (also see prescribing information): → Supplements, antacids, and laxatives that contain aluminum, calcium, magnesium, zinc, and iron | None: Antacids: ATV requires acidic gastric pH for absorption; acid-
reducing agents interfere with ATV absorption. | None_1: Antacids or buffered medications: Administer ATV at least 2
hours before or 1 to 2 hours after."
Table 27: Polyvalent Cations (also see prescribing information),71,Polyvalent Cations (also see prescribing information),,,,"Table 27: Polyvalent Cations (also see prescribing information): → Supplements, antacids, and laxatives that contain aluminum, calcium, magnesium, zinc, and iron | None: Antacids containing polyvalent cations (i.e., aluminum or
magnesium hydroxide, calcium carbonate): Antacids increase
gastric pH, and CAB requires acidic environment for optimal
absorption. Concomitant use may decrease CAB absorption. | None_1: Antacids containing polyvalent cations (i.e., aluminum or
magnesium hydroxide, calcium carbonate):
• Administer antacid products at least 2 hours before or 4 hours
after oral CAB.
• No effect of antacid use is expected on injectable CAB."
Table 27: Polyvalent Cations (also see prescribing information),71,Polyvalent Cations (also see prescribing information),,,,"Table 27: Polyvalent Cations (also see prescribing information): → Supplements, antacids, and laxatives that contain aluminum, calcium, magnesium, zinc, and iron | None: Antacids:
• Antacids increase gastric pH.
• RPV requires acidic environment for optimal absorption.
• Concomitant use may decrease RPV absorption. | None_1: Antacids: Administer antacids 2 hours before or 4 hours after."
Table 27: Polyvalent Cations (also see prescribing information),71,Polyvalent Cations (also see prescribing information),,,,"Table 27: Polyvalent Cations (also see prescribing information): → Supplements, antacids, and laxatives that contain aluminum, calcium, magnesium, zinc, and iron | None: Antacids:
• Antacids increase gastric pH.
• RPV requires acidic environment for optimal absorption.
• Concomitant use may decrease RPV absorption. | None_1: Antacids: Administer antacids 2 hours before or 4 hours after."
Table 28: Asthma and Allergy Medications (also see prescribing information),72,Asthma and Allergy Medications (also see prescribing information),,,,"Table 28: Asthma and Allergy Medications (also see prescribing information): → Albuterol, tiotropium, aclidinium, montelukast, loratadine, cetirizine, diphenhydramine"
Table 28: Asthma and Allergy Medications (also see prescribing information),72,Asthma and Allergy Medications (also see prescribing information),,,,"Table 28: Asthma and Allergy Medications (also see prescribing information): → Albuterol, tiotropium, aclidinium, montelukast, loratadine, cetirizine, diphenhydramine | None: Mechanism of Action | None_1: Clinical Comments"
Table 28: Asthma and Allergy Medications (also see prescribing information),72,Asthma and Allergy Medications (also see prescribing information),,,,"Table 28: Asthma and Allergy Medications (also see prescribing information): → Albuterol, tiotropium, aclidinium, montelukast, loratadine, cetirizine, diphenhydramine | None: No significant interactions reported. | None_1: No dose adjustments are necessary."
Table 28: Asthma and Allergy Medications (also see prescribing information),72,Asthma and Allergy Medications (also see prescribing information),,,,"Table 28: Asthma and Allergy Medications (also see prescribing information): → Albuterol, tiotropium, aclidinium, montelukast, loratadine, cetirizine, diphenhydramine | None: No significant interactions reported. | None_1: No dose adjustments are necessary."
Table 28: Asthma and Allergy Medications (also see prescribing information),72,Asthma and Allergy Medications (also see prescribing information),,,,"Table 29: Long-Acting Beta Agonists (LABAs; also see prescribing information): → Salmeterol, formoterol, etc."
Table 28: Asthma and Allergy Medications (also see prescribing information),72,Asthma and Allergy Medications (also see prescribing information),,,,"Table 29: Long-Acting Beta Agonists (LABAs; also see prescribing information): → Salmeterol, formoterol, etc. | None: Mechanism of Action | None_1: Clinical Comments"
Table 28: Asthma and Allergy Medications (also see prescribing information),72,Asthma and Allergy Medications (also see prescribing information),,,,"Table 29: Long-Acting Beta Agonists (LABAs; also see prescribing information): → Salmeterol, formoterol, etc. | None: No significant interactions reported. | None_1: No dose adjustments are necessary."
Table 28: Asthma and Allergy Medications (also see prescribing information),72,Asthma and Allergy Medications (also see prescribing information),,,,"Table 29: Long-Acting Beta Agonists (LABAs; also see prescribing information): → Salmeterol, formoterol, etc. | None: CYP3A inhibition increases plasma concentrations of these
agents. | None_1: • Concomitant use is contraindicated unless benefits outweigh
risks; consider alternative ARV.
• If coadministration is necessary, monitor frequently for QT
prolongation, palpitations, and sinus tachycardia.
• Salmeterol: Monitor for increased risk of cardiovascular-
related adverse events."
Table 28: Asthma and Allergy Medications (also see prescribing information),72,Asthma and Allergy Medications (also see prescribing information),,,,"Table 29: Long-Acting Beta Agonists (LABAs; also see prescribing information): → Salmeterol, formoterol, etc. | None: CYP3A4 inhibition increases plasma concentrations of these
agents. | None_1: • Concomitant use is contraindicated unless benefits outweigh
possible risks; consider alternative ARV.
• If coadministration is necessary, monitor frequently for QT
prolongation, palpitations, and sinus tachycardia.
• Boosted PIs may also increase QT prolongation."
Table 29: Long-Acting Beta Agonists (LABAs; also see prescribing information),73,Long-Acting Beta Agonists (LABAs; also see prescribing information),,,,"Table 29: Long-Acting Beta Agonists (LABAs; also see prescribing information): → Salmeterol, formoterol, etc."
Table 29: Long-Acting Beta Agonists (LABAs; also see prescribing information),73,Long-Acting Beta Agonists (LABAs; also see prescribing information),,,,"Table 29: Long-Acting Beta Agonists (LABAs; also see prescribing information): → Salmeterol, formoterol, etc. | None: Mechanism of Action | None_1: Clinical Comments"
Table 29: Long-Acting Beta Agonists (LABAs; also see prescribing information),73,Long-Acting Beta Agonists (LABAs; also see prescribing information),,,,"Table 29: Long-Acting Beta Agonists (LABAs; also see prescribing information): → Salmeterol, formoterol, etc. | None: RPV and drugs from LABA class may both theoretically increase
QT interval, especially at high doses. | None_1: • No dose adjustments are necessary.
• Do not use more LABA than recommended; this can increase
risk of QT prolongation."
Table 29: Long-Acting Beta Agonists (LABAs; also see prescribing information),73,Long-Acting Beta Agonists (LABAs; also see prescribing information),,,,"Table 29: Long-Acting Beta Agonists (LABAs; also see prescribing information): → Salmeterol, formoterol, etc. | None: RPV and drugs from LABA class may both theoretically increase
QT interval, especially at high doses. | None_1: • No dose adjustments are necessary.
• Do not use more LABA than recommended; this can increase
risk of QT prolongation."
Table 29: Long-Acting Beta Agonists (LABAs; also see prescribing information),73,Long-Acting Beta Agonists (LABAs; also see prescribing information),,,,"Table 30: Inhaled and Injected Corticosteroids (also see prescribing information): → Fluticasone, triamcinolone, budesonide, and methyl prednisone [a]"
Table 29: Long-Acting Beta Agonists (LABAs; also see prescribing information),73,Long-Acting Beta Agonists (LABAs; also see prescribing information),,,,"Table 30: Inhaled and Injected Corticosteroids (also see prescribing information): → Fluticasone, triamcinolone, budesonide, and methyl prednisone [a] | None: Mechanism of Action | None_1: Clinical Comments"
Table 29: Long-Acting Beta Agonists (LABAs; also see prescribing information),73,Long-Acting Beta Agonists (LABAs; also see prescribing information),,,,"Table 30: Inhaled and Injected Corticosteroids (also see prescribing information): → Fluticasone, triamcinolone, budesonide, and methyl prednisone [a] | None: No significant interactions reported. | None_1: No dose adjustments are necessary."
Table 29: Long-Acting Beta Agonists (LABAs; also see prescribing information),73,Long-Acting Beta Agonists (LABAs; also see prescribing information),,,,"Table 30: Inhaled and Injected Corticosteroids (also see prescribing information): → Fluticasone, triamcinolone, budesonide, and methyl prednisone [a] | None: Risk of Cushing’s syndrome occurs when boosted EVG is
coadministered with the following corticosteroids:
• Intranasal or inhaled: Fluticasone, mometasone, ciclesonide,
budesonide, triamcinolone
• Systemic: Betamethasone, budesonide, prednisolone,
prednisone, dexamethasone
• Injectable: Betamethasone, triamcinolone | None_1: • Fluticasone, mometasone, ciclesonide, budesonide,
triamcinolone (intranasal or inhaled): Do not coadminister
unless potential benefits outweigh risk; consider alternative
corticosteroid (e.g., beclomethasone).
• Betamethasone, budesonide (systemic): Do not coadminister
unless potential benefits outweigh risk.
• Prednisolone, prednisone (systemic): Do not coadminister
unless potential benefits outweigh risk; if use cannot be
avoided, use for shortest effective duration.
• Betamethasone, triamcinolone (injectable): Do not
coadminister unless potential benefits outweigh risk.
• Dexamethasone (systemic): Do not coadminister unless
potential benefits outweigh risk; consider alternative
corticosteroid. Beclomethasone and flunisolide are likely safe
alternatives."
Table 29: Long-Acting Beta Agonists (LABAs; also see prescribing information),73,Long-Acting Beta Agonists (LABAs; also see prescribing information),,,,"Table 30: Inhaled and Injected Corticosteroids (also see prescribing information): → Fluticasone, triamcinolone, budesonide, and methyl prednisone [a] | None: • Boosted PIs are strong inhibitors of CYP3A, and many
corticosteroids are substrates of these enzymes.
• Risk of Cushing’s syndrome occurs when boosted PIs are
coadministered with the following corticosteroids: | None_1: • Use beclomethasone if possible. Because this agent is less
likely to be affected by boosted PIs, it is less likely to cause
symptoms of Cushing’s syndrome and other systemic
corticosteroid adverse effects."
Table 30: Inhaled and Injected Corticosteroids (also see prescribing information),74,Inhaled and Injected Corticosteroids (also see prescribing information),,,,"Table 30: Inhaled and Injected Corticosteroids (also see prescribing information): → Fluticasone, triamcinolone, budesonide, and methyl prednisone [a]"
Table 30: Inhaled and Injected Corticosteroids (also see prescribing information),74,Inhaled and Injected Corticosteroids (also see prescribing information),,,,"Table 30: Inhaled and Injected Corticosteroids (also see prescribing information): → Fluticasone, triamcinolone, budesonide, and methyl prednisone [a] | None: Mechanism of Action | None_1: Clinical Comments"
Table 30: Inhaled and Injected Corticosteroids (also see prescribing information),74,Inhaled and Injected Corticosteroids (also see prescribing information),,,,"Table 30: Inhaled and Injected Corticosteroids (also see prescribing information): → Fluticasone, triamcinolone, budesonide, and methyl prednisone [a] | None: ‒ Intranasal or inhaled: Fluticasone, mometasone, ciclesonide,
budesonide, triamcinolone
‒ Systemic: Betamethasone, budesonide, dexamethasone
‒ Injectable: Betamethasone, triamcinolone | None_1: • Fluticasone, mometasone, ciclesonide, budesonide,
triamcinolone (intranasal or inhaled): Do not coadminister
unless potential benefits outweigh risk; consider alternative
corticosteroid (e.g., beclomethasone).
• Betamethasone, budesonide (systemic): Do not coadminister
unless potential benefits outweigh risk.
• Prednisolone, prednisone (systemic): Concomitant use is
contraindicated unless potential benefits outweigh risk; if use
cannot be avoided, use for shortest effective duration.
• Betamethasone, triamcinolone (injectable): Concomitant use
is contraindicated unless potential benefits outweigh risk.
• Dexamethasone (systemic): Concomitant use is
contraindicated unless potential benefits outweigh risk;
consider alternative corticosteroid. Consider beclomethasone
or flunisolide as safe alternatives."
Table 30: Inhaled and Injected Corticosteroids (also see prescribing information),74,Inhaled and Injected Corticosteroids (also see prescribing information),,,,"Table 30: Inhaled and Injected Corticosteroids (also see prescribing information): → Fluticasone, triamcinolone, budesonide, and methyl prednisone [a] | None: Dexamethasone is a CYP3A inducer, which is primarily
responsible for metabolism of RPV. | None_1: Dexamethasone (systemic):
• Concomitant use is contraindicated; consider alternative
steroids.
• If using more than a single oral or IM dose, consider an
alternative NNRTI after consultation with experienced HIV care
provider (see prescribing information for Cabenuva and
Edurant)."
Table 30: Inhaled and Injected Corticosteroids (also see prescribing information),74,Inhaled and Injected Corticosteroids (also see prescribing information),,,,"Table 30: Inhaled and Injected Corticosteroids (also see prescribing information): → Fluticasone, triamcinolone, budesonide, and methyl prednisone [a] | None: Coadministration may reduce corticosteroid concentrations. | None_1: Dexamethasone (systemic): Consider alternative corticosteroid
for long-term use; if benefits of use outweigh risks, monitor for
virologic response."
Table 30: Inhaled and Injected Corticosteroids (also see prescribing information),74,Inhaled and Injected Corticosteroids (also see prescribing information),,,,"Table 30: Inhaled and Injected Corticosteroids (also see prescribing information): → Fluticasone, triamcinolone, budesonide, and methyl prednisone [a] | None: • Moderate inhibition of CYP3A4 and P-gP potentially increases
corticosteroid concentrations and the related risk of Cushing’s
syndrome and adrenal suppression.
• Dexamethasone (systemic): Decreased LEN levels expected
with dexamethasone doses >16 mg/day. | None_1: • Dexamethasone, hydrocortisone (systemic): Initiate at lowest
dose and titrate slowly to achieve clinical effect; monitor for
adverse effects.
• Dexamethasone (systemic): Do not coadminister with
dexamethasone doses >16 mg/day."
Table 30: Inhaled and Injected Corticosteroids (also see prescribing information),74,Inhaled and Injected Corticosteroids (also see prescribing information),,,,"Table 30: Inhaled and Injected Corticosteroids (also see prescribing information): → Fluticasone, triamcinolone, budesonide, and methyl prednisone [a] | None: • Moderate inhibition of CYP3A4 and P-gP potentially increases
corticosteroid concentrations and the related risk of Cushing’s
syndrome and adrenal suppression.
• Dexamethasone (systemic): Decreased LEN levels expected
with dexamethasone doses >16 mg/day. | None_1: Dexamethasone (doses >16 mg/day):
• At initiation of moderate CYP3A4 inducer in patients already
using LEN PrEP, see Table 5 of the Yeztugo prescribing
information (page 6) for instructions on administering a
supplemental dose of LEN PrEP."
Table 30: Inhaled and Injected Corticosteroids (also see prescribing information),75,Inhaled and Injected Corticosteroids (also see prescribing information),,,,"Table 30: Inhaled and Injected Corticosteroids (also see prescribing information): → Fluticasone, triamcinolone, budesonide, and methyl prednisone [a]"
Table 30: Inhaled and Injected Corticosteroids (also see prescribing information),75,Inhaled and Injected Corticosteroids (also see prescribing information),,,,"Table 30: Inhaled and Injected Corticosteroids (also see prescribing information): → Fluticasone, triamcinolone, budesonide, and methyl prednisone [a] | None: Mechanism of Action | None_1: Clinical Comments"
Table 30: Inhaled and Injected Corticosteroids (also see prescribing information),75,Inhaled and Injected Corticosteroids (also see prescribing information),,,,"Table 30: Inhaled and Injected Corticosteroids (also see prescribing information): → Fluticasone, triamcinolone, budesonide, and methyl prednisone [a] | None_1: • After stopping use of moderate CYP3A4 inducer, continue to
administer LEN PrEP every 6 months as scheduled without
supplemental subcutaneous dosing. Supplemental dosing only
continues until the patient has stopped the inducer."
Table 30: Inhaled and Injected Corticosteroids (also see prescribing information),75,Inhaled and Injected Corticosteroids (also see prescribing information),,,,"Table 30: Inhaled and Injected Corticosteroids (also see prescribing information): → Fluticasone, triamcinolone, budesonide, and methyl prednisone [a] | None_1: • After stopping use of moderate CYP3A4 inducer, continue to
administer LEN PrEP every 6 months as scheduled without
supplemental subcutaneous dosing. Supplemental dosing only
continues until the patient has stopped the inducer."
Table 30: Inhaled and Injected Corticosteroids (also see prescribing information),75,Inhaled and Injected Corticosteroids (also see prescribing information),,,,"Table 31: Antidepressants (also see prescribing information): → Including selective serotonin reuptake inhibitors (SSRIs), serotonin and norepinephrine reuptake inhibitors (SNRIs), trazodone, bupropion, and monoamine oxidase"
Table 30: Inhaled and Injected Corticosteroids (also see prescribing information),75,Inhaled and Injected Corticosteroids (also see prescribing information),,,,Table 31: Antidepressants (also see prescribing information): inhibitors (MAOIs)
Table 30: Inhaled and Injected Corticosteroids (also see prescribing information),75,Inhaled and Injected Corticosteroids (also see prescribing information),,,,Table 31: Antidepressants (also see prescribing information): inhibitors (MAOIs) | None: Mechanism of Action | None_1: Clinical Comments
Table 30: Inhaled and Injected Corticosteroids (also see prescribing information),75,Inhaled and Injected Corticosteroids (also see prescribing information),,,,Table 31: Antidepressants (also see prescribing information): inhibitors (MAOIs) | None: No significant interactions reported. | None_1: No dose adjustments are necessary.
Table 30: Inhaled and Injected Corticosteroids (also see prescribing information),75,Inhaled and Injected Corticosteroids (also see prescribing information),,,,"Table 31: Antidepressants (also see prescribing information): inhibitors (MAOIs) | None: Trazodone: Concomitant use may increase trazodone
concentrations. | None_1: Trazodone: Monitor for antidepressant and/or sedative effects."
Table 30: Inhaled and Injected Corticosteroids (also see prescribing information),75,Inhaled and Injected Corticosteroids (also see prescribing information),,,,"Table 31: Antidepressants (also see prescribing information): inhibitors (MAOIs) | None: • Trazodone: EFV and ETR may decrease trazodone
concentrations.
• Bupropion:
‒ EFV may induce CYP2B6, the enzyme that is primarily
responsible for bupropion metabolism.
‒ No significant interactions are expected with ETR. | None_1: • Trazodone: Monitor for antidepressant and/or sedative
effects.
• Bupropion: Monitor for clinical effect and increase as needed,
but do not exceed recommended maximum dose."
Table 30: Inhaled and Injected Corticosteroids (also see prescribing information),75,Inhaled and Injected Corticosteroids (also see prescribing information),,,,"Table 31: Antidepressants (also see prescribing information): inhibitors (MAOIs) | None: • Trazodone: EFV and ETR may decrease trazodone
concentrations.
• Bupropion:
‒ EFV may induce CYP2B6, the enzyme that is primarily
responsible for bupropion metabolism.
‒ No significant interactions are expected with ETR. | None_1: • Trazodone: Monitor for antidepressant and/or sedative
effects.
• Bupropion: Monitor for clinical effect and increase as needed,
but do not exceed recommended maximum dose."
Table 32: Benzodiazepines [a] (also see prescribing information),76,Benzodiazepines [a] (also see prescribing information),,,,None: Mechanism of Action | None_1: Clinical Comments
Table 32: Benzodiazepines [a] (also see prescribing information),76,Benzodiazepines [a] (also see prescribing information),,,,None: No significant interactions reported. | None_1: No dose adjustments are necessary.
Table 32: Benzodiazepines [a] (also see prescribing information),76,Benzodiazepines [a] (also see prescribing information),,,,"None: • Boosting with cobicistat: May increase benzodiazepine
concentrations via CYP3A4 inhibition.
• Midazolam, triazolam: Levels likely to be increased by COBI-
boosted EVG | None_1: • Alprazolam, clonazepam, diazepam: Consider alternative
benzodiazepine (e.g., lorazepam, oxazepam, temazepam); if
used, administer lowest effective dose; monitor closely for
adverse effects.
• Midazolam:
‒ Oral: Concomitant use is contraindicated.
‒ Parenteral: Administer in closely monitored setting.
Consider dose reduction, especially if >1 dose is
administered.
• Triazolam: Concomitant use is contraindicated."
Table 32: Benzodiazepines [a] (also see prescribing information),76,Benzodiazepines [a] (also see prescribing information),,,,"None: • Alprazolam: Boosted ARVs may increase alprazolam
concentrations via CYP3A4 inhibition.
• Diazepam: CYP3A4 inhibition may reduce metabolism of
diazepam. | None_1: • Consider alternative benzodiazepine (e.g., lorazepam,
oxazepam, temazepam). If used, administer lowest effective
dose; monitor closely for adverse effects.
• Diazepam: Monitor for excess sedation."
Table 32: Benzodiazepines [a] (also see prescribing information),76,Benzodiazepines [a] (also see prescribing information),,,,"None: Alprazolam, diazepam: EFV may reduce alprazolam and
diazepam concentrations. | None_1: • Alprazolam: Monitor for benzodiazepine withdrawal if patient
starts taking EFV.
• Alprazolam, clonazepam, diazepam: Titrate slowly to achieve
clinical effect; monitor for benzodiazepine efficacy."
Table 32: Benzodiazepines [a] (also see prescribing information),76,Benzodiazepines [a] (also see prescribing information),,,,"None: Alprazolam, diazepam: ETR may reduce alprazolam and
diazepam concentrations. | None_1: Alprazolam: Monitor for benzodiazepine withdrawal."
Table 32: Benzodiazepines [a] (also see prescribing information),76,Benzodiazepines [a] (also see prescribing information),,,,"None: Midazolam (oral), triazolam: Moderate inhibition of CYP3A4 and
P-gP potentially increases sedative levels. | None_1: Midazolam (oral), triazolam: Use with caution; monitor for
excess sedation."
Table 32: Benzodiazepines [a] (also see prescribing information),76,Benzodiazepines [a] (also see prescribing information),,,,"None: Midazolam (oral), triazolam: Moderate inhibition of CYP3A4 and
P-gP potentially increases sedative levels. | None_1: Midazolam (oral), triazolam: Use with caution; monitor for
excess sedation."
Table 33: Sleep Medications (also see prescribing information),77,Sleep Medications (also see prescribing information),,,,"Table 33: Sleep Medications (also see prescribing information): → Non-benzodiazepine “Z-drugs,” melatonin, ramelteon, suvorexant"
Table 33: Sleep Medications (also see prescribing information),77,Sleep Medications (also see prescribing information),,,,"Table 33: Sleep Medications (also see prescribing information): → Non-benzodiazepine “Z-drugs,” melatonin, ramelteon, suvorexant | None: Mechanism of Action | None_1: Clinical Comments"
Table 33: Sleep Medications (also see prescribing information),77,Sleep Medications (also see prescribing information),,,,"Table 33: Sleep Medications (also see prescribing information): → Non-benzodiazepine “Z-drugs,” melatonin, ramelteon, suvorexant | None: No significant interactions reported. | None_1: No dose adjustments are necessary."
Table 33: Sleep Medications (also see prescribing information),77,Sleep Medications (also see prescribing information),,,,"Table 33: Sleep Medications (also see prescribing information): → Non-benzodiazepine “Z-drugs,” melatonin, ramelteon, suvorexant | None: • Suvorexant is a CYP3A substrate.
• COBI inhibits CYP3A.
• Zolpidem, eszopiclone: These drugs are CYP3A substrates and
may be increased by strong inhibitors of this enzyme. | None_1: • Suvorexant: Avoid concomitant use or use lowest effective
dose (may increase somnolence, dizziness, and risk of sleep
hangover).
• Zolpidem: Administer lowest possible dose of zolpidem;
monitor for adverse effects.
• Eszopiclone: Start with 1 mg of eszopiclone at bedtime and
titrate slowly to achieve clinical effect."
Table 33: Sleep Medications (also see prescribing information),77,Sleep Medications (also see prescribing information),,,,"Table 33: Sleep Medications (also see prescribing information): → Non-benzodiazepine “Z-drugs,” melatonin, ramelteon, suvorexant | None: • Zolpidem, suvorexant: Boosted PIs may increase zolpidem and
suvorexant concentrations.
• Ramelteon: RTV-boosted PIs may reduce ramelteon efficacy. | None_1: • Zolpidem: Administer lowest effective dose; monitor for
adverse effects, including excess sedation.
• Eszopiclone: Start with 1 mg per day and titrate slowly to
achieve clinical effect; monitor for adverse effects, including
excess sedation.
• Suvorexant: Coadministration is not recommended (may
increase somnolence, dizziness, and risk of sleep hangover);
use alternative sleep medication or ARV.
• Ramelteon: Monitor for efficacy in cigarette smokers."
Table 33: Sleep Medications (also see prescribing information),77,Sleep Medications (also see prescribing information),,,,"Table 33: Sleep Medications (also see prescribing information): → Non-benzodiazepine “Z-drugs,” melatonin, ramelteon, suvorexant | None: Zolpidem: EFV and ETR may reduce zolpidem concentrations. | None_1: • Zolpidem, eszopiclone: Monitor for efficacy; no dose
adjustments are recommended.
• Suvorexant: Monitor for efficacy; do not exceed 20 mg per
day."
Table 33: Sleep Medications (also see prescribing information),77,Sleep Medications (also see prescribing information),,,,"Table 33: Sleep Medications (also see prescribing information): → Non-benzodiazepine “Z-drugs,” melatonin, ramelteon, suvorexant | None: Zolpidem: EFV and ETR may reduce zolpidem concentrations. | None_1: • Zolpidem, eszopiclone: Monitor for efficacy; no dose
adjustments are recommended.
• Suvorexant: Monitor for efficacy; do not exceed 20 mg per
day."
Table 34: Antipsychotics [a] (also see prescribing information),78,Antipsychotics [a] (also see prescribing information),,,,"Table 34: Antipsychotics [a] (also see prescribing information): → First-generation, second-generation, atypical"
Table 34: Antipsychotics [a] (also see prescribing information),78,Antipsychotics [a] (also see prescribing information),,,,"Table 34: Antipsychotics [a] (also see prescribing information): → First-generation, second-generation, atypical | None: Mechanism of Action | None_1: Clinical Comments"
Table 34: Antipsychotics [a] (also see prescribing information),78,Antipsychotics [a] (also see prescribing information),,,,"Table 34: Antipsychotics [a] (also see prescribing information): → First-generation, second-generation, atypical | None: No significant interactions are expected. | None_1: No dose adjustments are necessary."
Table 34: Antipsychotics [a] (also see prescribing information),78,Antipsychotics [a] (also see prescribing information),,,,"Table 34: Antipsychotics [a] (also see prescribing information): → First-generation, second-generation, atypical | None: Several antipsychotic agents are substrates of CYP3A, and
inhibitors of this enzyme may increase their concentrations. | None_1: • Quetiapine: Reduce dose to 1/6 if initiating ART in patients on
stabilized quetiapine.
• All other antipsychotics: Use at lowest dose possible in
patients taking boosted ARVs; monitor for adverse effects."
Table 34: Antipsychotics [a] (also see prescribing information),78,Antipsychotics [a] (also see prescribing information),,,,"Table 34: Antipsychotics [a] (also see prescribing information): → First-generation, second-generation, atypical | None: • Haloperidol: Boosted PIs may moderately increase haloperidol
concentrations.
• Aripiprazole, brexpiprazole: RTV-boosted PIs may increase
aripiprazole and brexpiprazole levels.
• Risperidone: Boosted PIs may moderately increase risperidone
levels.
• Clozapine: Interaction has not been studied but boosted PIs
may theoretically increase clozapine concentrations, increasing
risk of adverse effects.
• Iloperidone, lumateperone, lurasidone, cariprazine: Levels are
likely to be increased by all PIs, whether boosted or not. | None_1: • Quetiapine:
‒ Patients on stabilized quetiapine: Reduce dose to 1/6 if
initiating ART; monitor for QT prolongation.
‒ Patients stabilized on boosted PI: Use lowest dose and
titrate slowly to achieve clinical effect; monitor for QT
prolongation.
• Lurasidone: No data available. Avoid coadministration;
consider alternative antipsychotic or ARV agent.
• Haloperidol: Monitor for QT prolongation.
• Iloperidone: Decrease iloperidone dose by 50%.
• Aripiprazole: Initiate at 25% of standard starting dose and
titrate slowly to achieve clinical effect; monitor carefully for
efficacy and adjust dose as necessary.
• Brexpiprazole: Administer at 50% of brexpiprazole dose and
adjust dose as necessary.
• Lumateperone: Do not coadminister.
• Pimozide: Concomitant use is contraindicated.
• Risperidone: Initiate at low dose and titrate slowly to achieve
clinical effect; monitor for adverse effects.
• Ziprasidone: Monitor for adverse effects, including QTc
prolongation.
• Cariprazine: Consult DHHS guideline for full dosing
recommendations and clinical comments [DHHS(c) 2024].
• Clozapine: Monitor carefully for clozapine-related adverse
effects."
Table 34: Antipsychotics [a] (also see prescribing information),79,Antipsychotics [a] (also see prescribing information),,,,"Table 34: Antipsychotics [a] (also see prescribing information): → First-generation, second-generation, atypical"
Table 34: Antipsychotics [a] (also see prescribing information),79,Antipsychotics [a] (also see prescribing information),,,,"Table 34: Antipsychotics [a] (also see prescribing information): → First-generation, second-generation, atypical | None: Mechanism of Action | None_1: Clinical Comments"
Table 34: Antipsychotics [a] (also see prescribing information),79,Antipsychotics [a] (also see prescribing information),,,,"Table 34: Antipsychotics [a] (also see prescribing information): → First-generation, second-generation, atypical | None: • Haloperidol: Boosted PIs may moderately increase haloperidol
concentrations.
• Aripiprazole, brexpiprazole: RTV-boosted PIs may increase
aripiprazole and brexpiprazole levels.
• Risperidone: Boosted PIs may moderately increase risperidone
levels.
• Clozapine: Interaction has not been studied but RTV may
theoretically increase clozapine concentrations, increasing risk
of adverse effects.
• Iloperidone, lumateperone, lurasidone, cariprazine: Levels are
likely to be increased by all PIs, whether boosted or not. | None_1: • Quetiapine:
‒ Patients on stabilized quetiapine: If initiating ART, reduce
dose to 1/6; monitor for QT prolongation.
‒ Patients stabilized on boosted PI: Use lowest dose and
titrate slowly to achieve clinical effect; monitor for QT
prolongation.
• Lurasidone: No data available. Avoid coadministration;
consider alternative antipsychotic or ARV agent.
• Haloperidol: Monitor for QT prolongation.
• Iloperidone: Decrease iloperidone dose by 50%.
• Aripiprazole: Initiate at 25% of standard starting dose and
titrate slowly to achieve clinical effect; monitor carefully and
adjust dose as necessary.
• Brexpiprazole: Administer at 50% of brexpiprazole dose and
adjust dose as necessary.
• Lumateperone: Do not coadminister.
• Pimozide: Concomitant use is contraindicated.
• Risperidone: Initiate at low dose and titrate slowly to achieve
clinical effect; monitor for adverse effects.
• Ziprasidone: Monitor for adverse effects, including QTc
prolongation.
• Cariprazine: Consult DHHS guideline for full dosing
recommendations and clinical comments [DHHS(c) 2024].
• Clozapine: Monitor carefully for clozapine-related adverse
effects."
Table 34: Antipsychotics [a] (also see prescribing information),79,Antipsychotics [a] (also see prescribing information),,,,"Table 34: Antipsychotics [a] (also see prescribing information): → First-generation, second-generation, atypical | None: Lurasidone: ATV decreases lurasidone metabolism via CYP3A. | None_1: Lurasidone: Decrease lurasidone dose by 50%; monitor for
adverse effects, including QT prolongation."
Table 34: Antipsychotics [a] (also see prescribing information),79,Antipsychotics [a] (also see prescribing information),,,,"Table 34: Antipsychotics [a] (also see prescribing information): → First-generation, second-generation, atypical | None: No significant interactions reported. | None_1: No dose adjustments are necessary, but avoid excess doses of
either antipsychotic or RPV because excess doses of both drugs
may increase risk of QT prolongation."
Table 34: Antipsychotics [a] (also see prescribing information),79,Antipsychotics [a] (also see prescribing information),,,,"Table 34: Antipsychotics [a] (also see prescribing information): → First-generation, second-generation, atypical | None: • Quetiapine: EFV may reduce quetiapine concentrations.
• Aripiprazole, brexpiprazole: EFV may decrease aripiprazole
and brexpiprazole concentrations.
• Risperidone, olanzapine: EFV may decrease risperidone and
olanzapine efficacy. | None_1: Quetiapine, aripiprazole, brexpiprazole, risperidone, olanzapine:
Titrate slowly to achieve clinical effect; monitor for efficacy and
adverse effects."
Table 34: Antipsychotics [a] (also see prescribing information),80,Antipsychotics [a] (also see prescribing information),,,,"Table 34: Antipsychotics [a] (also see prescribing information): → First-generation, second-generation, atypical"
Table 34: Antipsychotics [a] (also see prescribing information),80,Antipsychotics [a] (also see prescribing information),,,,"Table 34: Antipsychotics [a] (also see prescribing information): → First-generation, second-generation, atypical | None: Mechanism of Action | None_1: Clinical Comments"
Table 34: Antipsychotics [a] (also see prescribing information),80,Antipsychotics [a] (also see prescribing information),,,,"Table 34: Antipsychotics [a] (also see prescribing information): → First-generation, second-generation, atypical | None: • Aripiprazole, brexpiprazole: ETR may decrease aripiprazole
and brexpiprazole concentrations.
• Risperidone: ETR may decrease risperidone efficacy. | None_1: Aripiprazole, brexpiprazole, risperidone: Titrate slowly to
achieve clinical effect; monitor for efficacy and adverse effects."
Table 34: Antipsychotics [a] (also see prescribing information),80,Antipsychotics [a] (also see prescribing information),,,,"Table 34: Antipsychotics [a] (also see prescribing information): → First-generation, second-generation, atypical | None: FTR may prolong QT. | None_1: Use caution when combining FTR with other medications known
to prolong QT interval."
Table 34: Antipsychotics [a] (also see prescribing information),80,Antipsychotics [a] (also see prescribing information),,,,"Table 34: Antipsychotics [a] (also see prescribing information): → First-generation, second-generation, atypical | None: Pimozide: Moderate inhibition of P-gP potentially increases
pimozide levels. | None_1: Pimozide: Do not coadminister."
Table 34: Antipsychotics [a] (also see prescribing information),80,Antipsychotics [a] (also see prescribing information),,,,"Table 34: Antipsychotics [a] (also see prescribing information): → First-generation, second-generation, atypical | None: Pimozide: Moderate inhibition of P-gP potentially increases
pimozide levels. | None_1: Pimozide: Do not coadminister."
Table 34: Antipsychotics [a] (also see prescribing information),80,Antipsychotics [a] (also see prescribing information),,,,"Table 35: Anticonvulsants [a] (also see prescribing information): → Including phenytoin, phenobarbital, carbamazepine, oxcarbazepine, lamotrigine, valproic acid, gabapentin, topiramate, zonisamide"
Table 34: Antipsychotics [a] (also see prescribing information),80,Antipsychotics [a] (also see prescribing information),,,,"Table 35: Anticonvulsants [a] (also see prescribing information): → Including phenytoin, phenobarbital, carbamazepine, oxcarbazepine, lamotrigine, valproic acid, gabapentin, topiramate, zonisamide | None: Mechanism of Action | None_1: Clinical Comments"
Table 34: Antipsychotics [a] (also see prescribing information),80,Antipsychotics [a] (also see prescribing information),,,,"Table 35: Anticonvulsants [a] (also see prescribing information): → Including phenytoin, phenobarbital, carbamazepine, oxcarbazepine, lamotrigine, valproic acid, gabapentin, topiramate, zonisamide | None: • Zonisamide: TDF may increase concentration of zonisamide.
• Topiramate: No significant interactions reported. | None_1: • Zonisamide: When using with TDF, monitor for adverse effects.
• Topiramate: When using with TDF, monitor renal function
(topiramate may cause kidney stones; TDF is associated with
renal toxicity)."
Table 34: Antipsychotics [a] (also see prescribing information),80,Antipsychotics [a] (also see prescribing information),,,,"Table 35: Anticonvulsants [a] (also see prescribing information): → Including phenytoin, phenobarbital, carbamazepine, oxcarbazepine, lamotrigine, valproic acid, gabapentin, topiramate, zonisamide | None: Coadministration with strong CYP3A inducers (phenytoin,
phenobarbital, etc.) may decrease TAF concentrations. | None_1: Coadministration with strong CYP3A inducers is not
recommended because it may reduce TAF concentrations."
Table 34: Antipsychotics [a] (also see prescribing information),80,Antipsychotics [a] (also see prescribing information),,,,"Table 35: Anticonvulsants [a] (also see prescribing information): → Including phenytoin, phenobarbital, carbamazepine, oxcarbazepine, lamotrigine, valproic acid, gabapentin, topiramate, zonisamide | None: No interactions reported. | None_1: No dose adjustments are necessary."
Table 34: Antipsychotics [a] (also see prescribing information),80,Antipsychotics [a] (also see prescribing information),,,,"Table 35: Anticonvulsants [a] (also see prescribing information): → Including phenytoin, phenobarbital, carbamazepine, oxcarbazepine, lamotrigine, valproic acid, gabapentin, topiramate, zonisamide | None: • Carbamazepine, oxcarbazepine, phenobarbital, phenytoin:
Coadministration may significantly reduce CAB concentrations
through induction of CYP450, UGT1A, and/or P-gP system.
• Gabapentin, topiramate, zonisamide: No significant
interactions are expected. | None_1: • Carbamazepine, oxcarbazepine, phenobarbital, phenytoin:
Concomitant use is contraindicated.
• Gabapentin, topiramate, zonisamide: No dose adjustments
are necessary."
Table 34: Antipsychotics [a] (also see prescribing information),80,Antipsychotics [a] (also see prescribing information),,,,"Table 35: Anticonvulsants [a] (also see prescribing information): → Including phenytoin, phenobarbital, carbamazepine, oxcarbazepine, lamotrigine, valproic acid, gabapentin, topiramate, zonisamide | None: Coadministration with strong CYP3A inducers (phenytoin,
phenobarbital, etc.) may decrease DTG or BIC concentrations. | None_1: No dose adjustments necessary."
Table 34: Antipsychotics [a] (also see prescribing information),80,Antipsychotics [a] (also see prescribing information),,,,"Table 35: Anticonvulsants [a] (also see prescribing information): → Including phenytoin, phenobarbital, carbamazepine, oxcarbazepine, lamotrigine, valproic acid, gabapentin, topiramate, zonisamide | None: Coadministration with strong UGT1A1 inducers (phenytoin,
phenobarbital, etc.) may decrease RAL concentrations. | None_1: Coadministration with strong UGT1A1 inducers is not
recommended."
Table 35: Anticonvulsants [a] (also see prescribing information),81,Anticonvulsants [a] (also see prescribing information),,,,"Table 35: Anticonvulsants [a] (also see prescribing information): → Including phenytoin, phenobarbital, carbamazepine, oxcarbazepine, lamotrigine, valproic acid, gabapentin, topiramate, zonisamide"
Table 35: Anticonvulsants [a] (also see prescribing information),81,Anticonvulsants [a] (also see prescribing information),,,,"Table 35: Anticonvulsants [a] (also see prescribing information): → Including phenytoin, phenobarbital, carbamazepine, oxcarbazepine, lamotrigine, valproic acid, gabapentin, topiramate, zonisamide | None: Mechanism of Action | None_1: Clinical Comments"
Table 35: Anticonvulsants [a] (also see prescribing information),81,Anticonvulsants [a] (also see prescribing information),,,,"Table 35: Anticonvulsants [a] (also see prescribing information): → Including phenytoin, phenobarbital, carbamazepine, oxcarbazepine, lamotrigine, valproic acid, gabapentin, topiramate, zonisamide | None: Carbamazepine, oxcarbazepine, phenobarbital, and phenytoin:
Coadministration may significantly reduce concentrations of ARVs
through induction of CYP450 system. | None_1: Carbamazepine, oxcarbazepine, phenobarbital, phenytoin:
• Coadministration is not recommended; use alternative
anticonvulsant.
• If benefit of use outweighs risk, monitor carefully for efficacy
and toxicity.
• Perform TDM."
Table 35: Anticonvulsants [a] (also see prescribing information),81,Anticonvulsants [a] (also see prescribing information),,,,"Table 35: Anticonvulsants [a] (also see prescribing information): → Including phenytoin, phenobarbital, carbamazepine, oxcarbazepine, lamotrigine, valproic acid, gabapentin, topiramate, zonisamide | None: • Phenytoin: Concurrent use may reduce RTV and phenytoin
concentrations, resulting in loss of viral suppression and
seizure control.
• Lamotrigine: RTV-boosted ARVs may reduce lamotrigine
efficacy.
• Valproic acid: RTV may reduce valproic acid concentrations. | None_1: • Phenytoin:
‒ Coadministration is not recommended; use alternative
anticonvulsant.
‒ If benefit of use outweighs risk, monitor carefully for
efficacy and toxicity.
‒ Perform TDM.
• Lamotrigine: Titrate slowly to achieve clinical effect; monitor
for efficacy.
• Valproic acid: Consider using COBI when ARV boosting is
required."
Table 35: Anticonvulsants [a] (also see prescribing information),81,Anticonvulsants [a] (also see prescribing information),,,,"Table 35: Anticonvulsants [a] (also see prescribing information): → Including phenytoin, phenobarbital, carbamazepine, oxcarbazepine, lamotrigine, valproic acid, gabapentin, topiramate, zonisamide | None: • Carbamazepine, oxcarbazepine, phenobarbital, phenytoin:
Coadministration may significantly reduce concentrations of
ARVs through induction of CYP450 system.
• Zonisamide: CYP3A4 inhibition may increase zonisamide
concentrations. | None_1: • Carbamazepine, oxcarbazepine, phenobarbital, phenytoin:
‒ Coadministration is not recommended; use alternative
anticonvulsant.
‒ If benefit of use outweighs risk, monitor carefully for
efficacy and toxicity.
‒ Perform TDM.
• Zonisamide: Monitor for efficacy and adverse effects; adjust
dose as needed."
Table 35: Anticonvulsants [a] (also see prescribing information),81,Anticonvulsants [a] (also see prescribing information),,,,"Table 35: Anticonvulsants [a] (also see prescribing information): → Including phenytoin, phenobarbital, carbamazepine, oxcarbazepine, lamotrigine, valproic acid, gabapentin, topiramate, zonisamide | None: Carbamazepine, oxcarbazepine, phenobarbital, and phenytoin:
Coadministration may significantly reduce ARV concentrations
through induction of CYP450 system. | None_1: Carbamazepine, oxcarbazepine, phenobarbital, phenytoin:
• Coadministration is not recommended; use alternative
anticonvulsant.
• If benefit of use outweighs risk, monitor carefully for efficacy
and toxicity.
• Perform TDM if use cannot be avoided."
Table 35: Anticonvulsants [a] (also see prescribing information),81,Anticonvulsants [a] (also see prescribing information),,,,"Table 35: Anticonvulsants [a] (also see prescribing information): → Including phenytoin, phenobarbital, carbamazepine, oxcarbazepine, lamotrigine, valproic acid, gabapentin, topiramate, zonisamide | None: • Carbamazepine, oxcarbazepine, phenobarbital, phenytoin:
Coadministration may significantly reduce RPV concentrations
through induction of CYP450, UGT1A, and/or P-gP system.
• Gabapentin, topiramate, zonisamide: No significant
interactions are expected. | None_1: • Carbamazepine, oxcarbazepine, phenobarbital, phenytoin:
Concomitant use is contraindicated with oral and injectable
RPV (see prescribing information for Cabenuva and Edurant).
• Gabapentin, topiramate, zonisamide: No dose adjustments
are necessary."
Table 35: Anticonvulsants [a] (also see prescribing information),82,Anticonvulsants [a] (also see prescribing information),,,,"Table 35: Anticonvulsants [a] (also see prescribing information): → Including phenytoin, phenobarbital, carbamazepine, oxcarbazepine, lamotrigine, valproic acid, gabapentin, topiramate, zonisamide"
Table 35: Anticonvulsants [a] (also see prescribing information),82,Anticonvulsants [a] (also see prescribing information),,,,"Table 35: Anticonvulsants [a] (also see prescribing information): → Including phenytoin, phenobarbital, carbamazepine, oxcarbazepine, lamotrigine, valproic acid, gabapentin, topiramate, zonisamide | None: Mechanism of Action | None_1: Clinical Comments"
Table 35: Anticonvulsants [a] (also see prescribing information),82,Anticonvulsants [a] (also see prescribing information),,,,"Table 35: Anticonvulsants [a] (also see prescribing information): → Including phenytoin, phenobarbital, carbamazepine, oxcarbazepine, lamotrigine, valproic acid, gabapentin, topiramate, zonisamide | None: • Lamotrigine, zonisamide: EFV and ETR may reduce lamotrigine
and zonisamide efficacy.
• Gabapentin, topiramate: No significant interactions reported. | None_1: • Lamotrigine, zonisamide: Titrate slowly to achieve clinical
effect; monitor for efficacy.
• Gabapentin, topiramate: No dose adjustments are necessary."
Table 35: Anticonvulsants [a] (also see prescribing information),82,Anticonvulsants [a] (also see prescribing information),,,,"Table 35: Anticonvulsants [a] (also see prescribing information): → Including phenytoin, phenobarbital, carbamazepine, oxcarbazepine, lamotrigine, valproic acid, gabapentin, topiramate, zonisamide | None: Carbamazepine, oxcarbazepine, phenobarbital, phenytoin:
Significantly reduced FTR levels are expected. | None_1: Avoid coadministration due to potential loss of FTR efficacy."
Table 35: Anticonvulsants [a] (also see prescribing information),82,Anticonvulsants [a] (also see prescribing information),,,,"Table 35: Anticonvulsants [a] (also see prescribing information): → Including phenytoin, phenobarbital, carbamazepine, oxcarbazepine, lamotrigine, valproic acid, gabapentin, topiramate, zonisamide | None: Carbamazepine, eslicarbazepine, oxcarbazepine, phenobarbital,
phenytoin, primidone: CYP3A4 and P-gP induction potentially
decreases LEN levels. | None_1: • Carbamazepine, eslicarbazepine, phenytoin: Do not
coadminister.
• Oxcarbazepine, phenobarbital, primidone: Coadministration is
not recommended.
• Consider alternative anticonvulsants such as levetiracetam."
Table 35: Anticonvulsants [a] (also see prescribing information),82,Anticonvulsants [a] (also see prescribing information),,,,"Table 35: Anticonvulsants [a] (also see prescribing information): → Including phenytoin, phenobarbital, carbamazepine, oxcarbazepine, lamotrigine, valproic acid, gabapentin, topiramate, zonisamide | None: Carbamazepine, eslicarbazepine, oxcarbazepine, phenobarbital,
phenytoin, primidone: CYP3A4 and P-gP induction potentially
decreases LEN levels. | None_1: Carbamazepine, oxcarbazepine, phenytoin (strong CYP3A4
inducers):
• Consider alternative anticonvulsants such as levetiracetam.
• At initiation of strong CYP3A4 inducer in patients already using
LEN PrEP, see Table 4 of the Yeztugo prescribing information
(page 6) for instructions on administering a supplemental dose
of LEN PrEP.
• After stopping use of strong CYP3A4 inducer, continue to
administer LEN PrEP every 6 months as scheduled without
supplemental subcutaneous or oral dosing. Supplemental
dosing only continues until the patient has stopped the
inducer.
Eslicarbazepine, phenobarbital, primidone (moderate CYP3A4
inducers):
• Consider alternative anticonvulsants such as levetiracetam.
• At initiation of moderate CYP3A4 inducer in patients already
using LEN PrEP, see Table 5 of the Yeztugo prescribing
information (page 6) for instructions on administering a
supplemental dose of LEN PrEP.
• After stopping use of moderate CYP3A4 inducer, continue to
administer LEN PrEP every 6 months as scheduled without
supplemental subcutaneous dosing. Supplemental dosing only
continues until the patient has stopped the inducer."
Table 35: Anticonvulsants [a] (also see prescribing information),82,Anticonvulsants [a] (also see prescribing information),,,,"Table 35: Anticonvulsants [a] (also see prescribing information): → Including phenytoin, phenobarbital, carbamazepine, oxcarbazepine, lamotrigine, valproic acid, gabapentin, topiramate, zonisamide | None: Carbamazepine, eslicarbazepine, oxcarbazepine, phenobarbital,
phenytoin, primidone: CYP3A4 and P-gP induction potentially
decreases LEN levels. | None_1: Carbamazepine, oxcarbazepine, phenytoin (strong CYP3A4
inducers):
• Consider alternative anticonvulsants such as levetiracetam.
• At initiation of strong CYP3A4 inducer in patients already using
LEN PrEP, see Table 4 of the Yeztugo prescribing information
(page 6) for instructions on administering a supplemental dose
of LEN PrEP.
• After stopping use of strong CYP3A4 inducer, continue to
administer LEN PrEP every 6 months as scheduled without
supplemental subcutaneous or oral dosing. Supplemental
dosing only continues until the patient has stopped the
inducer.
Eslicarbazepine, phenobarbital, primidone (moderate CYP3A4
inducers):
• Consider alternative anticonvulsants such as levetiracetam.
• At initiation of moderate CYP3A4 inducer in patients already
using LEN PrEP, see Table 5 of the Yeztugo prescribing
information (page 6) for instructions on administering a
supplemental dose of LEN PrEP.
• After stopping use of moderate CYP3A4 inducer, continue to
administer LEN PrEP every 6 months as scheduled without
supplemental subcutaneous dosing. Supplemental dosing only
continues until the patient has stopped the inducer."
Table 35: Anticonvulsants [a] (also see prescribing information),83,Anticonvulsants [a] (also see prescribing information),,,,"Table 35: Anticonvulsants [a] (also see prescribing information): → Including phenytoin, phenobarbital, carbamazepine, oxcarbazepine, lamotrigine, valproic acid, gabapentin, topiramate, zonisamide"
Table 35: Anticonvulsants [a] (also see prescribing information),83,Anticonvulsants [a] (also see prescribing information),,,,"Table 35: Anticonvulsants [a] (also see prescribing information): → Including phenytoin, phenobarbital, carbamazepine, oxcarbazepine, lamotrigine, valproic acid, gabapentin, topiramate, zonisamide | None: Mechanism of Action | None_1: Clinical Comments"
Table 35: Anticonvulsants [a] (also see prescribing information),83,Anticonvulsants [a] (also see prescribing information),,,,"Table 35: Anticonvulsants [a] (also see prescribing information): → Including phenytoin, phenobarbital, carbamazepine, oxcarbazepine, lamotrigine, valproic acid, gabapentin, topiramate, zonisamide | None: Mechanism of Action | None_1: Clinical Comments"
Table 35: Anticonvulsants [a] (also see prescribing information),83,Anticonvulsants [a] (also see prescribing information),,,,"Table 36: Nonopioid Pain Medications (also see prescribing information): → Triptans, tricyclic antidepressants (TCAs), pregabalin, nonsteroidal anti-inflammatory drugs (NSAIDs) [a], acetaminophen"
Table 35: Anticonvulsants [a] (also see prescribing information),83,Anticonvulsants [a] (also see prescribing information),,,,"Table 36: Nonopioid Pain Medications (also see prescribing information): → Triptans, tricyclic antidepressants (TCAs), pregabalin, nonsteroidal anti-inflammatory drugs (NSAIDs) [a], acetaminophen | None: Mechanism of Action | None_1: Clinical Comments"
Table 35: Anticonvulsants [a] (also see prescribing information),83,Anticonvulsants [a] (also see prescribing information),,,,"Table 36: Nonopioid Pain Medications (also see prescribing information): → Triptans, tricyclic antidepressants (TCAs), pregabalin, nonsteroidal anti-inflammatory drugs (NSAIDs) [a], acetaminophen | None: No significant interactions are expected. | None_1: No dose adjustments are necessary."
Table 35: Anticonvulsants [a] (also see prescribing information),83,Anticonvulsants [a] (also see prescribing information),,,,"Table 36: Nonopioid Pain Medications (also see prescribing information): → Triptans, tricyclic antidepressants (TCAs), pregabalin, nonsteroidal anti-inflammatory drugs (NSAIDs) [a], acetaminophen | None: • Eletriptan: Eletriptan is a CYP3A substrate and concentrations
may be increased if given with strong inhibitors of this enzyme.
• Other nonopioid pain medications: No significant interactions
are expected. | None_1: Eletriptan: Do not coadminister; use alternative triptan
medication."
Table 35: Anticonvulsants [a] (also see prescribing information),83,Anticonvulsants [a] (also see prescribing information),,,,"Table 36: Nonopioid Pain Medications (also see prescribing information): → Triptans, tricyclic antidepressants (TCAs), pregabalin, nonsteroidal anti-inflammatory drugs (NSAIDs) [a], acetaminophen | None: • Eletriptan: Metabolism inhibited by boosted PIs.
• TCAs: PIs and TCAs can both cause QT prolongation.
• Pregabalin: No significant interactions are expected. | None_1: • Eletriptan: Do not coadminister; use alternative triptan
medication.
• TCAs: With concomitant use of high-dose TCAs and PIs,
consider monitoring for QT prolongation and other cardiac
adverse effects or consider alternative medications."
Table 35: Anticonvulsants [a] (also see prescribing information),83,Anticonvulsants [a] (also see prescribing information),,,,"Table 36: Nonopioid Pain Medications (also see prescribing information): → Triptans, tricyclic antidepressants (TCAs), pregabalin, nonsteroidal anti-inflammatory drugs (NSAIDs) [a], acetaminophen | None: • Eletriptan: Metabolism inhibited by boosted PIs.
• TCAs: PIs and TCAs can both cause QT prolongation.
• Pregabalin: No significant interactions are expected. | None_1: • Eletriptan: Do not coadminister; use alternative triptan
medication.
• TCAs: With concomitant use of high-dose TCAs and PIs,
consider monitoring for QT prolongation and other cardiac
adverse effects or consider alternative medications."
Table 37: Opioid Analgesics and Tramadol (also see prescribing information),84,Opioid Analgesics and Tramadol (also see prescribing information),,,,None: Mechanism of Action | None_1: Clinical Comments
Table 37: Opioid Analgesics and Tramadol (also see prescribing information),84,Opioid Analgesics and Tramadol (also see prescribing information),,,,None: No significant interactions reported. | None_1: No dose adjustments are required.
Table 37: Opioid Analgesics and Tramadol (also see prescribing information),84,Opioid Analgesics and Tramadol (also see prescribing information),,,,"None: • Opioid analgesics: Complex mechanisms of metabolism and
formation of both active and inactive metabolites create
interactions of unclear significance between these drugs and
boosted EVG.
• Tramadol: Tramadol exposure is increased with CYP3A
inhibition, but this reduces conversion to more potent active
metabolite seen when tramadol is metabolized by CYP2D6. | None_1: • Opioid analgesics: Monitor for signs of opiate toxicity and
analgesic effect and dose these analgesics accordingly.
• Tramadol: When tramadol is given with COBI or RTV,
monitoring for tramadol-related adverse effects and analgesic
effect may be required as clinically indicated; adjust tramadol
dosage if needed."
Table 37: Opioid Analgesics and Tramadol (also see prescribing information),84,Opioid Analgesics and Tramadol (also see prescribing information),,,,"None: • Opioid analgesics: Complex mechanisms of metabolism and
formation of both active and inactive metabolites create
interactions of unclear significance between these drugs and
boosted PIs.
• Tramadol: Tramadol exposure is increased with CYP3A
inhibition, but this reduces conversion to more potent active
metabolite seen when tramadol is metabolized by CYP2D6. | None_1: • Opioid analgesics: Monitor for signs of opiate toxicity and
analgesic effect; dose these analgesics accordingly.
• Tramadol: When tramadol is given with COBI or RTV,
monitoring for tramadol-related adverse effects and analgesic
effect may be required as clinically indicated; adjust tramadol
dosage if needed."
Table 37: Opioid Analgesics and Tramadol (also see prescribing information),84,Opioid Analgesics and Tramadol (also see prescribing information),,,,"None: • Morphine, hydromorphone: Metabolism could be reduced by
EFV.
• Oxycodone may be metabolized faster to inactive metabolite
by EFV.
• Meperidine: Coadministration can potentially increase amount
of neurotoxic metabolite, thereby increasing seizure risk.
• Tramadol: EFV may reduce tramadol concentration without
affecting pathway that increases development of more potent
active metabolites. | None_1: • Morphine, hydromorphone: Monitor for signs of opiate
toxicity when using with EFV.
• Oxycodone: Dose adjustment of oxycodone may be required
when dosing with EFV.
• Meperidine: If possible, avoid concomitant use; use alternative
opiate pain medication or ARV.
• Tramadol: When given with tramadol, a priori dose
adjustments are necessary."
Table 37: Opioid Analgesics and Tramadol (also see prescribing information),84,Opioid Analgesics and Tramadol (also see prescribing information),,,,"None: Moderate inhibition of CYP3A4 potentially increases opioid levels. | None_1: • Monitor for therapeutic effects and adverse reactions
associated with CYP3A-metabolized opioid analgesics,
including potentially fatal respiratory depression.
• Tramadol: Consider tramadol dose reduction with concomitant
use."
Table 37: Opioid Analgesics and Tramadol (also see prescribing information),84,Opioid Analgesics and Tramadol (also see prescribing information),,,,"None: Moderate inhibition of CYP3A4 potentially increases opioid levels. | None_1: • Monitor for therapeutic effects and adverse reactions
associated with CYP3A-metabolized opioid analgesics,
including potentially fatal respiratory depression.
• Tramadol: Consider tramadol dose reduction with concomitant
use."
Table 38: Hormonal Contraceptives (also see prescribing information),85,Hormonal Contraceptives (also see prescribing information),,,,"Table 38: Hormonal Contraceptives (also see prescribing information): → Combined oral contraceptives, including ethinyl estradiol, norethindrone, and levonorgestrel"
Table 38: Hormonal Contraceptives (also see prescribing information),85,Hormonal Contraceptives (also see prescribing information),,,,"Table 38: Hormonal Contraceptives (also see prescribing information): → Combined oral contraceptives, including ethinyl estradiol, norethindrone, and levonorgestrel | None: Mechanism of Action | None_1: Clinical Comments"
Table 38: Hormonal Contraceptives (also see prescribing information),85,Hormonal Contraceptives (also see prescribing information),,,,"Table 38: Hormonal Contraceptives (also see prescribing information): → Combined oral contraceptives, including ethinyl estradiol, norethindrone, and levonorgestrel | None: No significant drug interactions reported. | None_1: No dose adjustments are necessary."
Table 38: Hormonal Contraceptives (also see prescribing information),85,Hormonal Contraceptives (also see prescribing information),,,,"Table 38: Hormonal Contraceptives (also see prescribing information): → Combined oral contraceptives, including ethinyl estradiol, norethindrone, and levonorgestrel | None: Drospirenone: Concomitant use may cause hyperkalemia. | None_1: • Ethinyl estradiol, norgestimate and metabolites;
norethindrone: Weigh risks and benefits; consider alternative
contraceptive methods.
• Drospirenone: Monitor for hyperkalemia; consider alternative
contraceptive methods or alternative ARV.
• Etonogestrel: No data available; consider alternative or
additional contraceptive method or alternative ARV."
Table 38: Hormonal Contraceptives (also see prescribing information),85,Hormonal Contraceptives (also see prescribing information),,,,"Table 38: Hormonal Contraceptives (also see prescribing information): → Combined oral contraceptives, including ethinyl estradiol, norethindrone, and levonorgestrel | None: Combination has not been studied. | None_1: Etonogestrel: No data available. Consider alternative or
additional contraceptive methods or alternative ARV."
Table 38: Hormonal Contraceptives (also see prescribing information),85,Hormonal Contraceptives (also see prescribing information),,,,"Table 38: Hormonal Contraceptives (also see prescribing information): → Combined oral contraceptives, including ethinyl estradiol, norethindrone, and levonorgestrel | None: Complex drug interaction potential has been described. | None_1: • Ethinyl estradiol: Do not exceed 30 mcg (no data available on
doses lower than 25 mcg).
• Norethindrone: Do not exceed 30 mcg (no data available on
oral contraceptives with <25 mcg of ethinyl estradiol or
progestins other than norethindrone or norgestimate)."
Table 38: Hormonal Contraceptives (also see prescribing information),85,Hormonal Contraceptives (also see prescribing information),,,,"Table 38: Hormonal Contraceptives (also see prescribing information): → Combined oral contraceptives, including ethinyl estradiol, norethindrone, and levonorgestrel | None: • Complex drug interaction potential has been described.
• Drospirenone: Concomitant use may cause hyperkalemia. | None_1: • Ethinyl estradiol; norgestimate and metabolites: Dose with at
least 35 mcg (no data available on other progestins).
• Drospirenone: Do not coadminister."
Table 38: Hormonal Contraceptives (also see prescribing information),85,Hormonal Contraceptives (also see prescribing information),,,,"Table 38: Hormonal Contraceptives (also see prescribing information): → Combined oral contraceptives, including ethinyl estradiol, norethindrone, and levonorgestrel | None: Combination appears to decrease oral norethindrone
concentrations. | None_1: Norethindrone: Consider alternative or additional contraceptive
methods or alternative ARV."
Table 38: Hormonal Contraceptives (also see prescribing information),85,Hormonal Contraceptives (also see prescribing information),,,,"Table 38: Hormonal Contraceptives (also see prescribing information): → Combined oral contraceptives, including ethinyl estradiol, norethindrone, and levonorgestrel | None: Combination has not been studied, but since COBI does not
induce glucuronidation, it is expected to increase norethindrone
concentrations. | None_1: Norethindrone: Consider alternative or additional contraceptive
methods or alternative ARV."
Table 38: Hormonal Contraceptives (also see prescribing information),85,Hormonal Contraceptives (also see prescribing information),,,,"Table 38: Hormonal Contraceptives (also see prescribing information): → Combined oral contraceptives, including ethinyl estradiol, norethindrone, and levonorgestrel | None: Drospirenone: Use with other boosted PIs may cause
hyperkalemia. | None_1: • Ethinyl estradiol: Consider alternative or additional
contraceptive methods or alternative ARV.
• Drospirenone: Monitor for hyperkalemia; consider alternative
contraceptive or alternative ARV."
Table 38: Hormonal Contraceptives (also see prescribing information),85,Hormonal Contraceptives (also see prescribing information),,,,"Table 38: Hormonal Contraceptives (also see prescribing information): → Combined oral contraceptives, including ethinyl estradiol, norethindrone, and levonorgestrel | None: • Levonorgestrel/norgestimate, levonorgestrel: EFV may induce
CYP3A, the enzyme that is primarily responsible for
metabolism of levonorgestrel.
• EFV decreases concentrations of combined progestins. | None_1: • Levonorgestrel/norgestimate, levonorgestrel: Levonorgestrel
or norgestimate effectiveness may be decreased.
• Ethinyl estradiol; norgestimate and metabolites: Use
alternative or additional contraceptive methods; unintended"
Table 38: Hormonal Contraceptives (also see prescribing information),86,Hormonal Contraceptives (also see prescribing information),,,,"Table 38: Hormonal Contraceptives (also see prescribing information): → Combined oral contraceptives, including ethinyl estradiol, norethindrone, and levonorgestrel"
Table 38: Hormonal Contraceptives (also see prescribing information),86,Hormonal Contraceptives (also see prescribing information),,,,"Table 38: Hormonal Contraceptives (also see prescribing information): → Combined oral contraceptives, including ethinyl estradiol, norethindrone, and levonorgestrel | None: Mechanism of Action | None_1: Clinical Comments"
Table 38: Hormonal Contraceptives (also see prescribing information),86,Hormonal Contraceptives (also see prescribing information),,,,"Table 38: Hormonal Contraceptives (also see prescribing information): → Combined oral contraceptives, including ethinyl estradiol, norethindrone, and levonorgestrel | None_1: pregnancies have been reported in individuals using
levonorgestrel implants.
• Norethindrone, drospirenone, etonogestrel: Consider
alternative or additional contraceptive methods or alternative
ARV.
• Ulipristal: Monitor closely for reduced efficacy."
Table 38: Hormonal Contraceptives (also see prescribing information),86,Hormonal Contraceptives (also see prescribing information),,,,"Table 38: Hormonal Contraceptives (also see prescribing information): → Combined oral contraceptives, including ethinyl estradiol, norethindrone, and levonorgestrel | None: Information is based on what is known with EFV drug
interactions. | None_1: • Etonogestrel: No data available; consider alternative or
additional contraceptive methods or alternative ARV.
• Ulipristal: Monitor closely for reduced efficacy."
Table 38: Hormonal Contraceptives (also see prescribing information),86,Hormonal Contraceptives (also see prescribing information),,,,"Table 38: Hormonal Contraceptives (also see prescribing information): → Combined oral contraceptives, including ethinyl estradiol, norethindrone, and levonorgestrel | None: • Ethinyl estradiol: Increased ethinyl estradiol levels are
expected.
• Norethindrone: No interactions are expected. | None_1: Ethinyl estradiol: Daily dose should not exceed 30 mcg. Caution is
advised, particularly in patients with additional risk factors for
thromboembolic events."
Table 38: Hormonal Contraceptives (also see prescribing information),86,Hormonal Contraceptives (also see prescribing information),,,,"Table 38: Hormonal Contraceptives (also see prescribing information): → Combined oral contraceptives, including ethinyl estradiol, norethindrone, and levonorgestrel | None: • Ethinyl estradiol: Increased ethinyl estradiol levels are
expected.
• Norethindrone: No interactions are expected. | None_1: Ethinyl estradiol: Daily dose should not exceed 30 mcg. Caution is
advised, particularly in patients with additional risk factors for
thromboembolic events."
Table 38: Hormonal Contraceptives (also see prescribing information),86,Hormonal Contraceptives (also see prescribing information),,,,"Table 39: Erectile and Sexual Dysfunction Agents (also see prescribing information): → Sildenafil [a], vardenafil, tadalafil [b,c], and alprostadil for men; flibanserin [d] for women"
Table 38: Hormonal Contraceptives (also see prescribing information),86,Hormonal Contraceptives (also see prescribing information),,,,"Table 39: Erectile and Sexual Dysfunction Agents (also see prescribing information): → Sildenafil [a], vardenafil, tadalafil [b,c], and alprostadil for men; flibanserin [d] for women | None: Mechanism of Action | None_1: Clinical Comments"
Table 38: Hormonal Contraceptives (also see prescribing information),86,Hormonal Contraceptives (also see prescribing information),,,,"Table 39: Erectile and Sexual Dysfunction Agents (also see prescribing information): → Sildenafil [a], vardenafil, tadalafil [b,c], and alprostadil for men; flibanserin [d] for women | None: No significant interactions reported. | None_1: No dose adjustments are necessary."
Table 38: Hormonal Contraceptives (also see prescribing information),86,Hormonal Contraceptives (also see prescribing information),,,,"Table 39: Erectile and Sexual Dysfunction Agents (also see prescribing information): → Sildenafil [a], vardenafil, tadalafil [b,c], and alprostadil for men; flibanserin [d] for women | None: PDE5 inhibitors: PDE5 inhibitors are substrates of CYP3A.
Increased PDE5 inhibitor concentrations are expected. | None_1: • PDE5 inhibitors: Avoid concomitant use or use with lowest
effective dose of PDE5 inhibitor (may increase risk of
hypotension, syncope, priapism, and other adverse effects).
• Avanafil: No data available; do not coadminister.
• Sildenafil: Start with 25 mg every 48 hours; monitor for
adverse effects.
• Tadalafil: Start with 5 mg and do not exceed 10 mg every 72
hours; monitor for adverse effects.
• Vardenafil: Administer 2.5 mg every 72 hours; monitor for
adverse effects."
Table 39: Erectile and Sexual Dysfunction Agents (also see prescribing information),87,Erectile and Sexual Dysfunction Agents (also see prescribing information),,,,"Table 39: Erectile and Sexual Dysfunction Agents (also see prescribing information): → Sildenafil [a], vardenafil, tadalafil [b,c], and alprostadil for men; flibanserin [d] for women"
Table 39: Erectile and Sexual Dysfunction Agents (also see prescribing information),87,Erectile and Sexual Dysfunction Agents (also see prescribing information),,,,"Table 39: Erectile and Sexual Dysfunction Agents (also see prescribing information): → Sildenafil [a], vardenafil, tadalafil [b,c], and alprostadil for men; flibanserin [d] for women | None: Mechanism of Action | None_1: Clinical Comments"
Table 39: Erectile and Sexual Dysfunction Agents (also see prescribing information),87,Erectile and Sexual Dysfunction Agents (also see prescribing information),,,,"Table 39: Erectile and Sexual Dysfunction Agents (also see prescribing information): → Sildenafil [a], vardenafil, tadalafil [b,c], and alprostadil for men; flibanserin [d] for women | None: Avanafil: Increased avanafil concentration is expected (for other
oral erectile dysfunction agents, see above). | None_1: Avanafil: Do not exceed 50 mg every 24 hours."
Table 39: Erectile and Sexual Dysfunction Agents (also see prescribing information),87,Erectile and Sexual Dysfunction Agents (also see prescribing information),,,,"Table 39: Erectile and Sexual Dysfunction Agents (also see prescribing information): → Sildenafil [a], vardenafil, tadalafil [b,c], and alprostadil for men; flibanserin [d] for women | None: • PDE5 inhibitors: Increased PDE5 inhibitor concentrations are
expected.
• Flibanserin: Increased flibanserin concentrations are expected. | None_1: • Sildenafil: Start with 25 mg every 48 hours; monitor for
adverse effects.
• Tadalafil: Start with 5 mg and do not exceed 10 mg every 72
hours; monitor for adverse effects.
• Vardenafil: Administer 2.5 mg every 72 hours; monitor for
adverse effects.
• Avanafil, flibanserin: Do not coadminister."
Table 39: Erectile and Sexual Dysfunction Agents (also see prescribing information),87,Erectile and Sexual Dysfunction Agents (also see prescribing information),,,,"Table 39: Erectile and Sexual Dysfunction Agents (also see prescribing information): → Sildenafil [a], vardenafil, tadalafil [b,c], and alprostadil for men; flibanserin [d] for women | None: • PDE5 inhibitors: EFV and ETR may reduce effectiveness of
PDE5 inhibitors (sildenafil, vardenafil, and tadalafil).
• Flibanserin: EFV and ETR may reduce flibanserin
concentrations. | None_1: • PDE5 inhibitors: Monitor for clinical effect; if dose increase is
needed to achieve desired clinical effect, titrate under medical
supervision to lowest effective dose.
• Flibanserin: Do not coadminister."
Table 39: Erectile and Sexual Dysfunction Agents (also see prescribing information),87,Erectile and Sexual Dysfunction Agents (also see prescribing information),,,,"Table 39: Erectile and Sexual Dysfunction Agents (also see prescribing information): → Sildenafil [a], vardenafil, tadalafil [b,c], and alprostadil for men; flibanserin [d] for women | None: PDE5 inhibitors: Moderate inhibition of CYP3A4 and P-gP
potentially increases PDE5 inhibitor levels. | None_1: PDE5 inhibitors, refer to prescribing information and guidance
listed below:
• Avanafil: Do not coadminister.
• Sildenafil: Start with 25 mg every 48 hours; monitor for
adverse effects.
• Tadalafil: Start with 5 mg and do not exceed 10 mg every 72
hours; monitor for adverse effects.
• Vardenafil: Administer 2.5 mg every 72 hours; monitor for
adverse effects."
Table 39: Erectile and Sexual Dysfunction Agents (also see prescribing information),87,Erectile and Sexual Dysfunction Agents (also see prescribing information),,,,"Table 39: Erectile and Sexual Dysfunction Agents (also see prescribing information): → Sildenafil [a], vardenafil, tadalafil [b,c], and alprostadil for men; flibanserin [d] for women | None: PDE5 inhibitors: Moderate inhibition of CYP3A4 and P-gP
potentially increases PDE5 inhibitor levels. | None_1: PDE5 inhibitors, refer to prescribing information and guidance
listed below:
• Avanafil: Do not coadminister.
• Sildenafil: Start with 25 mg every 48 hours; monitor for
adverse effects.
• Tadalafil: Start with 5 mg and do not exceed 10 mg every 72
hours; monitor for adverse effects.
• Vardenafil: Administer 2.5 mg every 72 hours; monitor for
adverse effects."
Table 40: Alpha-Adrenergic Antagonists for Benign Prostatic Hyperplasia (also see prescribing information),88,Alpha-Adrenergic Antagonists for Benign Prostatic Hyperplasia (also see prescribing information),,,,None: Mechanism of Action | None_1: Clinical Comments
Table 40: Alpha-Adrenergic Antagonists for Benign Prostatic Hyperplasia (also see prescribing information),88,Alpha-Adrenergic Antagonists for Benign Prostatic Hyperplasia (also see prescribing information),,,,None: No significant interactions reported. | None_1: No dose adjustments are necessary.
Table 40: Alpha-Adrenergic Antagonists for Benign Prostatic Hyperplasia (also see prescribing information),88,Alpha-Adrenergic Antagonists for Benign Prostatic Hyperplasia (also see prescribing information),,,,"None: Boosted or unboosted atazanavir (i.e., with or without COBI or
RTV) and darunavir boosted with COBI or RTV inhibit CYP3A4 and
other transporters. | None_1: • Alfuzosin, silodosin: Concomitant use is contraindicated.
• Doxazosin, terazosin: PIs may be used concurrently; potential
increases in doxazosin and terazosin levels are possible. Dose
reduction may be necessary.
• Tamsulosin: Avoid unless benefits outweigh risk. If used
together, monitor for tamsulosin-associated adverse effects,
such as hypotension."
Table 40: Alpha-Adrenergic Antagonists for Benign Prostatic Hyperplasia (also see prescribing information),88,Alpha-Adrenergic Antagonists for Benign Prostatic Hyperplasia (also see prescribing information),,,,"None: COBI-boosted EVG inhibits CYP3A4 and other transporters and is
likely to increase levels of select drugs in this class. | None_1: • Alfuzosin, silodosin: Concomitant use is contraindicated.
• Doxazosin, terazosin: May be used; increased levels are
possible.
• Tamsulosin: Avoid unless benefits outweigh risk. If used
together, monitor for tamsulosin-associated adverse effects,
such as hypotension."
Table 40: Alpha-Adrenergic Antagonists for Benign Prostatic Hyperplasia (also see prescribing information),88,Alpha-Adrenergic Antagonists for Benign Prostatic Hyperplasia (also see prescribing information),,,,"None: COBI-boosted EVG inhibits CYP3A4 and other transporters and is
likely to increase levels of select drugs in this class. | None_1: • Alfuzosin, silodosin: Concomitant use is contraindicated.
• Doxazosin, terazosin: May be used; increased levels are
possible.
• Tamsulosin: Avoid unless benefits outweigh risk. If used
together, monitor for tamsulosin-associated adverse effects,
such as hypotension."
Table 40: Alpha-Adrenergic Antagonists for Benign Prostatic Hyperplasia (also see prescribing information),88,Alpha-Adrenergic Antagonists for Benign Prostatic Hyperplasia (also see prescribing information),,,,None: Mechanism of Action | None_1: Clinical Comments
Table 40: Alpha-Adrenergic Antagonists for Benign Prostatic Hyperplasia (also see prescribing information),88,Alpha-Adrenergic Antagonists for Benign Prostatic Hyperplasia (also see prescribing information),,,,None: No significant interactions reported. | None_1: No dose adjustments are necessary.
Table 41: Tobacco and Smoking Cessation Products (also see prescribing information),89,Tobacco and Smoking Cessation Products (also see prescribing information),,,,None: Mechanism of Action | None_1: Clinical Comments
Table 41: Tobacco and Smoking Cessation Products (also see prescribing information),89,Tobacco and Smoking Cessation Products (also see prescribing information),,,,"None: • No significant interactions are expected.
• EFV (but not ETR) may increase bupropion metabolism. | None_1: • No dose adjustments are necessary.
• Bupropion: Monitor for clinical effect and increase as needed,
but do not exceed recommended maximum dose."
Table 41: Tobacco and Smoking Cessation Products (also see prescribing information),89,Tobacco and Smoking Cessation Products (also see prescribing information),,,,"None: • No significant interactions are expected.
• EFV (but not ETR) may increase bupropion metabolism. | None_1: • No dose adjustments are necessary.
• Bupropion: Monitor for clinical effect and increase as needed,
but do not exceed recommended maximum dose."
Table 41: Tobacco and Smoking Cessation Products (also see prescribing information),89,Tobacco and Smoking Cessation Products (also see prescribing information),,,,None: Mechanism of Action | None_1: Clinical Comments
Table 41: Tobacco and Smoking Cessation Products (also see prescribing information),89,Tobacco and Smoking Cessation Products (also see prescribing information),,,,None: No significant interactions reported. | None_1: No dose adjustments are necessary.
Table 41: Tobacco and Smoking Cessation Products (also see prescribing information),89,Tobacco and Smoking Cessation Products (also see prescribing information),,,,"None: Alcohol: ABC is metabolized via alcohol dehydrogenase, and
competitive metabolism may increase exposure to ABC. | None_1: Alcohol:
• Use may increase ABC concentrations; monitor for ABC-related
adverse effects.
• ABC does not appear to increase blood alcohol concentrations."
Table 41: Tobacco and Smoking Cessation Products (also see prescribing information),89,Tobacco and Smoking Cessation Products (also see prescribing information),,,,"None: All contain alcohol and may potentiate symptoms of consumption
of ethanol. | None_1: Disulfiram: ARVs formulated with alcohol induce same aversive
effects as consumption of ethanol."
Table 41: Tobacco and Smoking Cessation Products (also see prescribing information),89,Tobacco and Smoking Cessation Products (also see prescribing information),,,,"None: All contain alcohol and may potentiate symptoms of consumption
of ethanol. | None_1: Disulfiram: ARVs formulated with alcohol induce same aversive
effects as consumption of ethanol."
"Table 43: Methadone, Buprenorphine (BUP), Naloxone (NLX), and Naltrexone [a] (also see prescribing information)",90,"Methadone, Buprenorphine (BUP), Naloxone (NLX), and Naltrexone [a] (also see prescribing information)",,,,None: Mechanism of Action | None_1: Clinical Comments
"Table 43: Methadone, Buprenorphine (BUP), Naloxone (NLX), and Naltrexone [a] (also see prescribing information)",90,"Methadone, Buprenorphine (BUP), Naloxone (NLX), and Naltrexone [a] (also see prescribing information)",,,,"None: BUP, methadone: No significant interactions are expected. | None_1: No dose adjustments are necessary."
"Table 43: Methadone, Buprenorphine (BUP), Naloxone (NLX), and Naltrexone [a] (also see prescribing information)",90,"Methadone, Buprenorphine (BUP), Naloxone (NLX), and Naltrexone [a] (also see prescribing information)",,,,"None: • BUP, norbuprenorphine: ATV greatly increases BUP and
norbuprenorphine concentrations; may decrease ATV
concentrations.
• Methadone: No significant interactions are expected. | None_1: • BUP: Coadministration is not recommended; RTV boosting may
decrease effect.
• Methadone: No dose adjustments are required; exercise
caution because both drugs may increase QT prolongation."
"Table 43: Methadone, Buprenorphine (BUP), Naloxone (NLX), and Naltrexone [a] (also see prescribing information)",90,"Methadone, Buprenorphine (BUP), Naloxone (NLX), and Naltrexone [a] (also see prescribing information)",,,,"None: BUP: RTV-boosted PIs may greatly increase BUP concentrations,
but clinical significance of this is unknown because BUP dosing is
based on Clinical Opiate Withdrawal Scale. | None_1: BUP: When administering with RTV-boosted PIs, monitor for signs
of increased opioid toxicity, including sedation, impaired
cognition, and respiratory distress."
"Table 43: Methadone, Buprenorphine (BUP), Naloxone (NLX), and Naltrexone [a] (also see prescribing information)",90,"Methadone, Buprenorphine (BUP), Naloxone (NLX), and Naltrexone [a] (also see prescribing information)",,,,"None: • BUP/NLX: COBI-boosted PIs may increase BUP concentrations
while decreasing NLX concentrations when given with
sublingual BUP/NLX.
• Methadone: COBI does not appear to have any significant
effect on methadone concentration. | None_1: • BUP, BUP/NLX: When administering with COBI-boosted PIs,
titrate carefully to achieve clinical effect.
• Methadone: Based on efficacy and safety, initiate at lowest
possible dose and titrate to achieve clinical effect; monitor for
signs and symptoms of opiate withdrawal."
"Table 43: Methadone, Buprenorphine (BUP), Naloxone (NLX), and Naltrexone [a] (also see prescribing information)",90,"Methadone, Buprenorphine (BUP), Naloxone (NLX), and Naltrexone [a] (also see prescribing information)",,,,"None: • BUP, BUP/NLX: Combination has no effect on BUP/NLX
concentrations.
• Methadone: RTV-boosted DRV taken twice per day may
reduce methadone concentrations. | None_1: Methadone: Monitor for signs of opiate withdrawal and increase
methadone dose if necessary."
"Table 43: Methadone, Buprenorphine (BUP), Naloxone (NLX), and Naltrexone [a] (also see prescribing information)",90,"Methadone, Buprenorphine (BUP), Naloxone (NLX), and Naltrexone [a] (also see prescribing information)",,,,"None: • BUP: No significant interactions are expected.
• Methadone: RPV mildly reduces methadone concentrations. | None_1: • Methadone: Monitor for signs of methadone withdrawal;
increase dose as necessary.
• Methadone, BUP: Use cautiously with RPV; supratherapeutic
doses of RPV have been known to cause increase in QT
prolongation."
"Table 43: Methadone, Buprenorphine (BUP), Naloxone (NLX), and Naltrexone [a] (also see prescribing information)",90,"Methadone, Buprenorphine (BUP), Naloxone (NLX), and Naltrexone [a] (also see prescribing information)",,,,"None: • BUP: When given with BUP (monotherapy), EFV significantly
reduces BUP concentrations, but no patients developed opioid
withdrawal.
• Methadone: EFV induces methadone metabolism via CYP3A4
and reduces methadone concentrations. | None_1: • BUP: When given with BUP, dose adjustments are unlikely to
be required, but monitor for withdrawal symptoms. If
withdrawal symptoms occur, increase BUP dose accordingly.
• Methadone: Titrate to achieve clinical effect; monitor for signs
and symptoms of opioid withdrawal."
"Table 43: Methadone, Buprenorphine (BUP), Naloxone (NLX), and Naltrexone [a] (also see prescribing information)",90,"Methadone, Buprenorphine (BUP), Naloxone (NLX), and Naltrexone [a] (also see prescribing information)",,,,"None: • BUP: No significant interactions are expected.
• Methadone: ETR may slightly increase methadone
concentrations. | None_1: • BUP, methadone: Titrate opioid or antagonist as required to
achieve clinical effect; monitor for signs of withdrawal or
opioid toxicity.
• Methadone: Monitor for signs of methadone toxicity and
reduce dose if necessary."
"Table 43: Methadone, Buprenorphine (BUP), Naloxone (NLX), and Naltrexone [a] (also see prescribing information)",91,"Methadone, Buprenorphine (BUP), Naloxone (NLX), and Naltrexone [a] (also see prescribing information)",,,,None: Mechanism of Action | None_1: Clinical Comments
"Table 43: Methadone, Buprenorphine (BUP), Naloxone (NLX), and Naltrexone [a] (also see prescribing information)",91,"Methadone, Buprenorphine (BUP), Naloxone (NLX), and Naltrexone [a] (also see prescribing information)",,,,"None: Methadone, BUP: Moderate inhibition of CYP3A4 and P-gP
potentially increases methadone or BUP levels. | None_1: • Patients initiating MAT while already on LEN: Initiate MAT at
lowest initial or maintenance dose.
• Patients initiating LEN while already on MAT: MAT dose
adjustments may be needed.
• Monitor for excess sedation and/or respiratory depression."
"Table 43: Methadone, Buprenorphine (BUP), Naloxone (NLX), and Naltrexone [a] (also see prescribing information)",91,"Methadone, Buprenorphine (BUP), Naloxone (NLX), and Naltrexone [a] (also see prescribing information)",,,,"None: Methadone, BUP: Moderate inhibition of CYP3A4 and P-gP
potentially increases methadone or BUP levels. | None_1: • Patients initiating MAT while already on LEN: Initiate MAT at
lowest initial or maintenance dose.
• Patients initiating LEN while already on MAT: MAT dose
adjustments may be needed.
• Monitor for excess sedation and/or respiratory depression."
"Table 43: Methadone, Buprenorphine (BUP), Naloxone (NLX), and Naltrexone [a] (also see prescribing information)",91,"Methadone, Buprenorphine (BUP), Naloxone (NLX), and Naltrexone [a] (also see prescribing information)",,,,None: Mechanism of Action | None_1: Clinical Comments
"Table 43: Methadone, Buprenorphine (BUP), Naloxone (NLX), and Naltrexone [a] (also see prescribing information)",91,"Methadone, Buprenorphine (BUP), Naloxone (NLX), and Naltrexone [a] (also see prescribing information)",,,,None: No significant interactions reported. | None_1: No dose adjustments are necessary.
"Table 43: Methadone, Buprenorphine (BUP), Naloxone (NLX), and Naltrexone [a] (also see prescribing information)",91,"Methadone, Buprenorphine (BUP), Naloxone (NLX), and Naltrexone [a] (also see prescribing information)",,,,"None: Cyclosporine may increase BIC concentrations to modest degree
via P-gP inhibition. | None_1: Cyclosporine: Monitor for BIC-related adverse effects."
"Table 43: Methadone, Buprenorphine (BUP), Naloxone (NLX), and Naltrexone [a] (also see prescribing information)",91,"Methadone, Buprenorphine (BUP), Naloxone (NLX), and Naltrexone [a] (also see prescribing information)",,,,"None: Everolimus, sirolimus, cyclosporine, tacrolimus: Metabolism
decreased by boosted EVG. | None_1: • Everolimus, sirolimus: Do not use with boosted EVG.
• Cyclosporine, tacrolimus: Dose based on TDM; monitor closely
for adverse effects."
"Table 43: Methadone, Buprenorphine (BUP), Naloxone (NLX), and Naltrexone [a] (also see prescribing information)",91,"Methadone, Buprenorphine (BUP), Naloxone (NLX), and Naltrexone [a] (also see prescribing information)",,,,"None: Everolimus, sirolimus, cyclosporine, tacrolimus: Metabolism
decreased by boosted PIs. | None_1: • Everolimus, sirolimus: Do not use with boosted PIs.
• Cyclosporine, tacrolimus: Dose based on TDM; monitor closely
for adverse effects."
"Table 43: Methadone, Buprenorphine (BUP), Naloxone (NLX), and Naltrexone [a] (also see prescribing information)",91,"Methadone, Buprenorphine (BUP), Naloxone (NLX), and Naltrexone [a] (also see prescribing information)",,,,"None: Cyclosporine, tacrolimus: EFV or ETR may lower concentrations. | None_1: Cyclosporine, tacrolimus:
• Adjust dose of cyclosporine and tacrolimus based on efficacy
and TDM.
• Conduct TDM more frequently for 2 weeks when starting or
stopping NNRTI therapy."
"Table 43: Methadone, Buprenorphine (BUP), Naloxone (NLX), and Naltrexone [a] (also see prescribing information)",91,"Methadone, Buprenorphine (BUP), Naloxone (NLX), and Naltrexone [a] (also see prescribing information)",,,,"None: Cyclosporine, tacrolimus: EFV or ETR may lower concentrations. | None_1: Cyclosporine, tacrolimus:
• Adjust dose of cyclosporine and tacrolimus based on efficacy
and TDM.
• Conduct TDM more frequently for 2 weeks when starting or
stopping NNRTI therapy."
Table 45: Rifamycins and Other Antituberculosis Medications (also see prescribing information),92,Rifamycins and Other Antituberculosis Medications (also see prescribing information),,,,"Table 45: Rifamycins and Other Antituberculosis Medications (also see prescribing information): → Rifampin, rifabutin, rifapentine [a]; isoniazid [b], pyrazinamide [b], ethambutol [b], rifaximin [b]"
Table 45: Rifamycins and Other Antituberculosis Medications (also see prescribing information),92,Rifamycins and Other Antituberculosis Medications (also see prescribing information),,,,"Table 45: Rifamycins and Other Antituberculosis Medications (also see prescribing information): → Rifampin, rifabutin, rifapentine [a]; isoniazid [b], pyrazinamide [b], ethambutol [b], rifaximin [b] | None: Mechanism of Action | None_1: Clinical Comments"
Table 45: Rifamycins and Other Antituberculosis Medications (also see prescribing information),92,Rifamycins and Other Antituberculosis Medications (also see prescribing information),,,,"Table 45: Rifamycins and Other Antituberculosis Medications (also see prescribing information): → Rifampin, rifabutin, rifapentine [a]; isoniazid [b], pyrazinamide [b], ethambutol [b], rifaximin [b] | None: No clinically significant interactions are expected. | None_1: No dose adjustments are necessary."
Table 45: Rifamycins and Other Antituberculosis Medications (also see prescribing information),92,Rifamycins and Other Antituberculosis Medications (also see prescribing information),,,,"Table 45: Rifamycins and Other Antituberculosis Medications (also see prescribing information): → Rifampin, rifabutin, rifapentine [a]; isoniazid [b], pyrazinamide [b], ethambutol [b], rifaximin [b] | None: • Rifabutin, rifapentine: No clinically significant interactions are
expected.
• Rifampin may reduce ABC concentrations. | None_1: • Rifabutin, rifapentine: No dose adjustments are necessary.
• Rifampin: No dose adjustments are recommended for
concomitant use with ABC."
Table 45: Rifamycins and Other Antituberculosis Medications (also see prescribing information),92,Rifamycins and Other Antituberculosis Medications (also see prescribing information),,,,"Table 45: Rifamycins and Other Antituberculosis Medications (also see prescribing information): → Rifampin, rifabutin, rifapentine [a]; isoniazid [b], pyrazinamide [b], ethambutol [b], rifaximin [b] | None: • Rifabutin: CYP3A and P-gP induction is expected to decrease
TAF levels.
• Rifampin, rifapentine: CYP3A induction may reduce TAF
concentrations. | None_1: • Rifampin: Do not coadminister with TAF; consider TDF as
alternative [c].
• Rifabutin, rifapentine: Do not coadminister with TAF unless
benefit outweighs risk; monitor closely for virologic response."
Table 45: Rifamycins and Other Antituberculosis Medications (also see prescribing information),92,Rifamycins and Other Antituberculosis Medications (also see prescribing information),,,,"Table 45: Rifamycins and Other Antituberculosis Medications (also see prescribing information): → Rifampin, rifabutin, rifapentine [a]; isoniazid [b], pyrazinamide [b], ethambutol [b], rifaximin [b] | None: • Rifabutin: CYP3A induction is expected to decrease DOR levels.
• Rifampin, rifapentine: CYP3A induction reduces DOR
bioavailability. | None_1: • Rifabutin: When used concomitantly, increase DOR to 100 mg
twice per day.
• Rifampin, rifapentine:
‒ Concomitant use is contraindicated.
‒ After stopping rifampin or rifapentine, wait 4 weeks before
starting DOR."
Table 45: Rifamycins and Other Antituberculosis Medications (also see prescribing information),92,Rifamycins and Other Antituberculosis Medications (also see prescribing information),,,,"Table 45: Rifamycins and Other Antituberculosis Medications (also see prescribing information): → Rifampin, rifabutin, rifapentine [a]; isoniazid [b], pyrazinamide [b], ethambutol [b], rifaximin [b] | None: • Rifabutin: EFV induction of CYP3A reduces rifabutin
bioavailability, but coadministration does not affect EFV levels.
• Rifampin, rifapentine: No clinically significant interactions are
expected. | None_1: • Rifabutin: With concomitant EFV, dose rifabutin at 450 mg to
600 mg daily.
• Rifampin:
‒ Dose EFV at 600 mg daily when administered concomitantly.
‒ Do not use EFV 400 mg daily.
• Rifapentine: No dose adjustments are necessary."
Table 45: Rifamycins and Other Antituberculosis Medications (also see prescribing information),92,Rifamycins and Other Antituberculosis Medications (also see prescribing information),,,,"Table 45: Rifamycins and Other Antituberculosis Medications (also see prescribing information): → Rifampin, rifabutin, rifapentine [a]; isoniazid [b], pyrazinamide [b], ethambutol [b], rifaximin [b] | None: • Rifabutin: When used concomitantly, increased rifabutin levels
are expected and decreased ETR levels may occur.
• Rifampin, rifapentine: CYP3A induction reduces ETR
bioavailability. | None_1: • Rifabutin:
‒ If ETR and rifabutin are used concomitantly, dose rifabutin
300 mg daily, with no changes to ETR dose. Continue
rifabutin 300 mg daily dosing until at least 2 weeks after
rifabutin is stopped.
‒ Concomitant use of boosted PI with ETR and rifabutin is
contraindicated.
• Rifampin, rifapentine: Concomitant use is contraindicated."
Table 45: Rifamycins and Other Antituberculosis Medications (also see prescribing information),92,Rifamycins and Other Antituberculosis Medications (also see prescribing information),,,,"Table 45: Rifamycins and Other Antituberculosis Medications (also see prescribing information): → Rifampin, rifabutin, rifapentine [a]; isoniazid [b], pyrazinamide [b], ethambutol [b], rifaximin [b] | None: • Rifabutin: No clinically significant interactions are expected.
• Rifampin, rifapentine: Coadministration reduces NVP
concentrations. | None_1: • Rifabutin: No dose adjustments are necessary.
• Rifampin, rifapentine: Do not coadminister."
Table 45: Rifamycins and Other Antituberculosis Medications (also see prescribing information),93,Rifamycins and Other Antituberculosis Medications (also see prescribing information),,,,"Table 45: Rifamycins and Other Antituberculosis Medications (also see prescribing information): → Rifampin, rifabutin, rifapentine [a]; isoniazid [b], pyrazinamide [b], ethambutol [b], rifaximin [b]"
Table 45: Rifamycins and Other Antituberculosis Medications (also see prescribing information),93,Rifamycins and Other Antituberculosis Medications (also see prescribing information),,,,"Table 45: Rifamycins and Other Antituberculosis Medications (also see prescribing information): → Rifampin, rifabutin, rifapentine [a]; isoniazid [b], pyrazinamide [b], ethambutol [b], rifaximin [b] | None: Mechanism of Action | None_1: Clinical Comments"
Table 45: Rifamycins and Other Antituberculosis Medications (also see prescribing information),93,Rifamycins and Other Antituberculosis Medications (also see prescribing information),,,,"Table 45: Rifamycins and Other Antituberculosis Medications (also see prescribing information): → Rifampin, rifabutin, rifapentine [a]; isoniazid [b], pyrazinamide [b], ethambutol [b], rifaximin [b] | None: Rifabutin, rifampin, rifapentine: Coadministration may
significantly reduce RPV concentrations through induction of
CYP450, UGT1A, and/or P-gP systems. | None_1: • Rifabutin:
‒ Oral RPV: Increase RPV dose to 50 mg once daily [DHHS(a)
2024].
‒ Injectable RPV: Concomitant use is contraindicated.
• Rifampin, rifapentine: Concomitant use with oral and
injectable RPV is contraindicated [FDA(b) 2025]."
Table 45: Rifamycins and Other Antituberculosis Medications (also see prescribing information),93,Rifamycins and Other Antituberculosis Medications (also see prescribing information),,,,"Table 45: Rifamycins and Other Antituberculosis Medications (also see prescribing information): → Rifampin, rifabutin, rifapentine [a]; isoniazid [b], pyrazinamide [b], ethambutol [b], rifaximin [b] | None: • Rifabutin does not affect boosted PI levels, but when used
concomitantly, bioavailability of rifabutin and its active
metabolite is increased.
• Rifampin, rifapentine: CYP3A induction reduces bioavailability
of all PIs. | None_1: • Rifabutin:
‒ RTV-boosted PIs: When used concomitantly, reduce
rifabutin to 150 mg 3 times per week.
‒ COBI-boosted PIs: Do not coadminister.
• Rifampin, rifapentine: Concomitant use of PIs and rifampin or
rifapentine is contraindicated."
Table 45: Rifamycins and Other Antituberculosis Medications (also see prescribing information),93,Rifamycins and Other Antituberculosis Medications (also see prescribing information),,,,"Table 45: Rifamycins and Other Antituberculosis Medications (also see prescribing information): → Rifampin, rifabutin, rifapentine [a]; isoniazid [b], pyrazinamide [b], ethambutol [b], rifaximin [b] | None: • Rifabutin: CYP3A and P-gP induction decreases BIC levels.
• Rifampin, rifapentine: CYP3A induction reduces bioavailability. | None_1: • Rifampin: Concomitant use is contraindicated [c].
• Rifabutin, rifapentine: Concomitant use is not recommended
[FDA(a) 2025]."
Table 45: Rifamycins and Other Antituberculosis Medications (also see prescribing information),93,Rifamycins and Other Antituberculosis Medications (also see prescribing information),,,,"Table 45: Rifamycins and Other Antituberculosis Medications (also see prescribing information): → Rifampin, rifabutin, rifapentine [a]; isoniazid [b], pyrazinamide [b], ethambutol [b], rifaximin [b] | None: Rifabutin, rifampin, rifapentine: Coadministration may
significantly reduce CAB concentrations through induction of
CYP450, UGT1A, and/or P-gP system. | None_1: • Rifampin, rifapentine: Concomitant use is contraindicated with
oral CAB.
• Rifabutin: May be used with oral CAB without dosage
adjustment.
• Rifabutin, rifampin, rifapentine: Concomitant use is
contraindicated with injectable CAB [FDA(b) 2025]."
Table 45: Rifamycins and Other Antituberculosis Medications (also see prescribing information),93,Rifamycins and Other Antituberculosis Medications (also see prescribing information),,,,"Table 45: Rifamycins and Other Antituberculosis Medications (also see prescribing information): → Rifampin, rifabutin, rifapentine [a]; isoniazid [b], pyrazinamide [b], ethambutol [b], rifaximin [b] | None: • Rifabutin: No clinically significant interactions expected.
• Rifampin: CYP3A induction reduces DTG bioavailability.
• Rifapentine: Reduced rifapentine levels are expected. | None_1: • Rifabutin: No dose adjustments are necessary.
• Rifampin: When used concomitantly, dose DTG at 50 mg twice
per day instead of 50 mg once per day in patients without
suspected or documented INSTI-associated resistance
mutations. Consider rifabutin in patients with INSTI resistance.
• Rifapentine, once weekly:
‒ If using concomitant DTG 50 mg once daily, monitor for
virologic efficacy.
‒ Do not coadminister with DTG 50 mg twice daily.
• Rifapentine, once daily: Do not coadminister."
Table 45: Rifamycins and Other Antituberculosis Medications (also see prescribing information),93,Rifamycins and Other Antituberculosis Medications (also see prescribing information),,,,"Table 45: Rifamycins and Other Antituberculosis Medications (also see prescribing information): → Rifampin, rifabutin, rifapentine [a]; isoniazid [b], pyrazinamide [b], ethambutol [b], rifaximin [b] | None: • Rifabutin: CYP3A induction is expected to decrease EVG levels.
• Rifampin, rifapentine: CYP3A induction reduces EVG
bioavailability. | None_1: • Rifabutin: Concomitant use is not recommended. When
concomitant use cannot be avoided, dose rifabutin at 150 mg 3
times per week and monitor for response to EVG-containing
regimen.
• Rifampin, rifapentine: Concurrent use with boosted EVG is not
recommended."
Table 45: Rifamycins and Other Antituberculosis Medications (also see prescribing information),94,Rifamycins and Other Antituberculosis Medications (also see prescribing information),,,,"Table 45: Rifamycins and Other Antituberculosis Medications (also see prescribing information): → Rifampin, rifabutin, rifapentine [a]; isoniazid [b], pyrazinamide [b], ethambutol [b], rifaximin [b]"
Table 45: Rifamycins and Other Antituberculosis Medications (also see prescribing information),94,Rifamycins and Other Antituberculosis Medications (also see prescribing information),,,,"Table 45: Rifamycins and Other Antituberculosis Medications (also see prescribing information): → Rifampin, rifabutin, rifapentine [a]; isoniazid [b], pyrazinamide [b], ethambutol [b], rifaximin [b] | None: Mechanism of Action | None_1: Clinical Comments"
Table 45: Rifamycins and Other Antituberculosis Medications (also see prescribing information),94,Rifamycins and Other Antituberculosis Medications (also see prescribing information),,,,"Table 45: Rifamycins and Other Antituberculosis Medications (also see prescribing information): → Rifampin, rifabutin, rifapentine [a]; isoniazid [b], pyrazinamide [b], ethambutol [b], rifaximin [b] | None: • Rifabutin: No clinically significant interactions are expected.
• Rifampin: CYP3A induction reduces RAL bioavailability.
• Rifapentine: Induction of metabolism may reduce RAL
metabolism. | None_1: • Rifabutin: No dose adjustments are necessary.
• Rifampin:
‒ When used concomitantly, dose RAL at 800 mg twice per
day instead of 400 mg twice per day.
‒ Do not use RAL HD.
• Rifapentine:
‒ For 900 mg once-weekly rifapentine and RAL 400 mg twice
daily, no dose adjustments are necessary.
‒ Do not coadminister RAL with once-daily rifapentine."
Table 45: Rifamycins and Other Antituberculosis Medications (also see prescribing information),94,Rifamycins and Other Antituberculosis Medications (also see prescribing information),,,,"Table 45: Rifamycins and Other Antituberculosis Medications (also see prescribing information): → Rifampin, rifabutin, rifapentine [a]; isoniazid [b], pyrazinamide [b], ethambutol [b], rifaximin [b] | None: • Rifabutin: Interaction is not expected.
• Rifampin, rifapentine: CYP3A4 induction reduces FTR
bioavailability. | None_1: • Rifabutin: No dose adjustments are necessary.
• Rifampin, rifapentine: Do not coadminister."
Table 45: Rifamycins and Other Antituberculosis Medications (also see prescribing information),94,Rifamycins and Other Antituberculosis Medications (also see prescribing information),,,,"Table 45: Rifamycins and Other Antituberculosis Medications (also see prescribing information): → Rifampin, rifabutin, rifapentine [a]; isoniazid [b], pyrazinamide [b], ethambutol [b], rifaximin [b] | None: Rifabutin, rifampin, rifapentine: CYP3A4 and P-gP induction
associated with rifamycins potentially decreases LEN levels. | None_1: • Rifampin: Concomitant use is contraindicated.
• Rifabutin, rifapentine: Coadministration is not recommended.
• Consider alternatives."
Table 45: Rifamycins and Other Antituberculosis Medications (also see prescribing information),94,Rifamycins and Other Antituberculosis Medications (also see prescribing information),,,,"Table 45: Rifamycins and Other Antituberculosis Medications (also see prescribing information): → Rifampin, rifabutin, rifapentine [a]; isoniazid [b], pyrazinamide [b], ethambutol [b], rifaximin [b] | None: CYP3A4 and P-gP induction associated with rifamycins potentially
decreases LEN levels. | None_1: • At initiation of strong CYP3A4 inducer in patients already using
LEN PrEP, see Table 4 of the Yeztugo prescribing information
(page 6) for instructions on administering a supplemental dose
of LEN PrEP.
• After stopping use of strong CYP3A4 inducer, continue to
administer LEN PrEP every 6 months as scheduled without
supplemental subcutaneous or oral dosing. Supplemental
dosing only continues until the patient has stopped the
inducer."
Table 45: Rifamycins and Other Antituberculosis Medications (also see prescribing information),94,Rifamycins and Other Antituberculosis Medications (also see prescribing information),,,,"Table 45: Rifamycins and Other Antituberculosis Medications (also see prescribing information): → Rifampin, rifabutin, rifapentine [a]; isoniazid [b], pyrazinamide [b], ethambutol [b], rifaximin [b] | None: CYP3A4 and P-gP induction associated with rifamycins potentially
decreases LEN levels. | None_1: • At initiation of strong CYP3A4 inducer in patients already using
LEN PrEP, see Table 4 of the Yeztugo prescribing information
(page 6) for instructions on administering a supplemental dose
of LEN PrEP.
• After stopping use of strong CYP3A4 inducer, continue to
administer LEN PrEP every 6 months as scheduled without
supplemental subcutaneous or oral dosing. Supplemental
dosing only continues until the patient has stopped the
inducer."
Table 45: Rifamycins and Other Antituberculosis Medications (also see prescribing information),95,Rifamycins and Other Antituberculosis Medications (also see prescribing information),,,,"Table 45: Rifamycins and Other Antituberculosis Medications (also see prescribing information): → Rifampin, rifabutin, rifapentine [a]; isoniazid [b], pyrazinamide [b], ethambutol [b], rifaximin [b]"
Table 45: Rifamycins and Other Antituberculosis Medications (also see prescribing information),95,Rifamycins and Other Antituberculosis Medications (also see prescribing information),,,,"Table 45: Rifamycins and Other Antituberculosis Medications (also see prescribing information): → Rifampin, rifabutin, rifapentine [a]; isoniazid [b], pyrazinamide [b], ethambutol [b], rifaximin [b] | None: Mechanism of Action | None_1: Clinical Comments"
Table 45: Rifamycins and Other Antituberculosis Medications (also see prescribing information),95,Rifamycins and Other Antituberculosis Medications (also see prescribing information),,,,"Table 45: Rifamycins and Other Antituberculosis Medications (also see prescribing information): → Rifampin, rifabutin, rifapentine [a]; isoniazid [b], pyrazinamide [b], ethambutol [b], rifaximin [b] | None: Mechanism of Action | None_1: Clinical Comments"
Table 45: Rifamycins and Other Antituberculosis Medications (also see prescribing information),95,Rifamycins and Other Antituberculosis Medications (also see prescribing information),,,,"Table 46: COVID-19 Therapeutics (also see prescribing information and emergency use authorizations [FDA(c) 2025; FDA(b) 2024]): → Molnupiravir, nirmatrelvir/ritonavir (RTV), monoclonal antibodies"
Table 45: Rifamycins and Other Antituberculosis Medications (also see prescribing information),95,Rifamycins and Other Antituberculosis Medications (also see prescribing information),,,,"Table 46: COVID-19 Therapeutics (also see prescribing information and emergency use authorizations [FDA(c) 2025; FDA(b) 2024]): → Molnupiravir, nirmatrelvir/ritonavir (RTV), monoclonal antibodies | None: Mechanism of Action | None_1: Clinical Comments"
Table 45: Rifamycins and Other Antituberculosis Medications (also see prescribing information),95,Rifamycins and Other Antituberculosis Medications (also see prescribing information),,,,"Table 46: COVID-19 Therapeutics (also see prescribing information and emergency use authorizations [FDA(c) 2025; FDA(b) 2024]): → Molnupiravir, nirmatrelvir/ritonavir (RTV), monoclonal antibodies | None: No clinically significant interactions expected. | None_1: No dose adjustments are necessary."
Table 45: Rifamycins and Other Antituberculosis Medications (also see prescribing information),95,Rifamycins and Other Antituberculosis Medications (also see prescribing information),,,,"Table 46: COVID-19 Therapeutics (also see prescribing information and emergency use authorizations [FDA(c) 2025; FDA(b) 2024]): → Molnupiravir, nirmatrelvir/ritonavir (RTV), monoclonal antibodies | None: • Molnupiravir and monoclonal antibodies do not affect
CYP450, P-gP, or other drug metabolism transporters.
• Nirmatrelvir/RTV: Inhibition of CYP3A4, P-gP, and other
transporters may increase plasma concentrations of other
medications. | None_1: • Molnupiravir, monoclonal antibodies: Drug interactions are
unlikely.
• Nirmatrelvir/RTV: Drug interactions are unlikely; ARV levels
may increase."
Table 45: Rifamycins and Other Antituberculosis Medications (also see prescribing information),95,Rifamycins and Other Antituberculosis Medications (also see prescribing information),,,,"Table 46: COVID-19 Therapeutics (also see prescribing information and emergency use authorizations [FDA(c) 2025; FDA(b) 2024]): → Molnupiravir, nirmatrelvir/ritonavir (RTV), monoclonal antibodies | None: • Molnupiravir and monoclonal antibodies do not affect
CYP450, P-gP, or other drug metabolism transporters.
• Nirmatrelvir/RTV: Inhibition of CYP3A4, P-gP, and other
transporters may increase plasma concentrations of other PIs. | None_1: • Molnupiravir, monoclonal antibodies: Drug interactions are
unlikely.
• Nirmatrelvir/RTV: Patients on RTV- or COBI-containing
regimens should continue treatment for COVID-19 and HIV as
indicated without adjustment. Monitor for increased PI-related
adverse effects."
Table 45: Rifamycins and Other Antituberculosis Medications (also see prescribing information),95,Rifamycins and Other Antituberculosis Medications (also see prescribing information),,,,"Table 46: COVID-19 Therapeutics (also see prescribing information and emergency use authorizations [FDA(c) 2025; FDA(b) 2024]): → Molnupiravir, nirmatrelvir/ritonavir (RTV), monoclonal antibodies | None: • Molnupiravir and monoclonal antibodies do not affect
CYP450, P-gP, or other drug metabolism transporters.
• Nirmatrelvir/RTV: Inhibition of CYP3A4, P-gP, and other
transporters may increase plasma concentrations of other
medications. | None_1: • Molnupiravir, monoclonal antibodies: Drug interactions are
unlikely.
• Nirmatrelvir/RTV: Patients on RTV- or COBI-containing
regimens should continue treatment as indicated. Monitor for
increased EVG-related adverse effects."
Table 45: Rifamycins and Other Antituberculosis Medications (also see prescribing information),95,Rifamycins and Other Antituberculosis Medications (also see prescribing information),,,,"Table 46: COVID-19 Therapeutics (also see prescribing information and emergency use authorizations [FDA(c) 2025; FDA(b) 2024]): → Molnupiravir, nirmatrelvir/ritonavir (RTV), monoclonal antibodies | None: • Molnupiravir and monoclonal antibodies do not affect
CYP450, P-gP, or other drug metabolism transporters.
• Nirmatrelvir/RTV: Inhibition of CYP3A4, P-gP, and other
transporters may increase plasma concentrations of other
medications. | None_1: • Molnupiravir, monoclonal antibodies: Drug interactions are
unlikely.
• Nirmatrelvir/RTV: Patients on RTV- or COBI-containing
regimens should continue treatment as indicated. Monitor for
increased EVG-related adverse effects."
Table 47: Mpox Treatments (also see prescribing information and CDC: Mpox Treatment Information for Healthcare Professionals),96,Mpox Treatments (also see prescribing information and CDC: Mpox Treatment Information for Healthcare Professionals),,,,"Table 47: Mpox Treatments (also see prescribing information and CDC: Mpox Treatment Information for Healthcare Professionals): → Tecovirimat [a], vaccinia immune globulin intravenous (VIGIV), cidofovir, brincidofovir"
Table 47: Mpox Treatments (also see prescribing information and CDC: Mpox Treatment Information for Healthcare Professionals),96,Mpox Treatments (also see prescribing information and CDC: Mpox Treatment Information for Healthcare Professionals),,,,"Table 47: Mpox Treatments (also see prescribing information and CDC: Mpox Treatment Information for Healthcare Professionals): → Tecovirimat [a], vaccinia immune globulin intravenous (VIGIV), cidofovir, brincidofovir | None: Mechanism of Action | None_1: Clinical Comments"
Table 47: Mpox Treatments (also see prescribing information and CDC: Mpox Treatment Information for Healthcare Professionals),96,Mpox Treatments (also see prescribing information and CDC: Mpox Treatment Information for Healthcare Professionals),,,,"Table 47: Mpox Treatments (also see prescribing information and CDC: Mpox Treatment Information for Healthcare Professionals): → Tecovirimat [a], vaccinia immune globulin intravenous (VIGIV), cidofovir, brincidofovir | None: No clinically significant interactions expected. | None_1: No dose adjustments are necessary."
Table 47: Mpox Treatments (also see prescribing information and CDC: Mpox Treatment Information for Healthcare Professionals),96,Mpox Treatments (also see prescribing information and CDC: Mpox Treatment Information for Healthcare Professionals),,,,"Table 47: Mpox Treatments (also see prescribing information and CDC: Mpox Treatment Information for Healthcare Professionals): → Tecovirimat [a], vaccinia immune globulin intravenous (VIGIV), cidofovir, brincidofovir | None: Cidofovir is eliminated via glomerular filtration and active renal
secretion by OAT1 and OAT3. | None_1: • Cidofovir: Avoid coadministration with nephrotoxic agents.
Consider use of TAF in place of TDF and monitor for renal-
related adverse effects.
• Brincidofovir, tecovirimat, VIGIV: Drug interactions are
unlikely."
Table 47: Mpox Treatments (also see prescribing information and CDC: Mpox Treatment Information for Healthcare Professionals),96,Mpox Treatments (also see prescribing information and CDC: Mpox Treatment Information for Healthcare Professionals),,,,"Table 47: Mpox Treatments (also see prescribing information and CDC: Mpox Treatment Information for Healthcare Professionals): → Tecovirimat [a], vaccinia immune globulin intravenous (VIGIV), cidofovir, brincidofovir | None: Tecovirimat is a weak inducer of CYP3A and a weak inhibitor of
CYP2C8 and CYP2C19; use may potentially increase or decrease
plasma concentrations of other medications. | None_1: • Tecovirimat may reduce NNRTI levels, though effects are not
likely to be clinically relevant. No dose adjustment in either
drug is necessary.
• Brincidofovir, cidofovir, VIGIV: Drug interactions are unlikely."
Table 47: Mpox Treatments (also see prescribing information and CDC: Mpox Treatment Information for Healthcare Professionals),96,Mpox Treatments (also see prescribing information and CDC: Mpox Treatment Information for Healthcare Professionals),,,,"Table 47: Mpox Treatments (also see prescribing information and CDC: Mpox Treatment Information for Healthcare Professionals): → Tecovirimat [a], vaccinia immune globulin intravenous (VIGIV), cidofovir, brincidofovir | None: • Brincidofovir is a substrate for OATP1B1 and OATP1B3.
• Tecovirimat is a weak inducer of CYP3A and weak inhibitor of
CYP2C8 and CYP2C19. | None_1: • Brincidofovir: Coadministration with PIs will likely increase
brincidofovir levels. Consider avoiding concurrent PIs if
possible. If unable to change PI, monitor for brincidofovir-
related adverse effects, e.g., LFT elevations,
hyperbilirubinemia, diarrhea, or other GI adverse effects.
Postpone PI dosing for at least 3 hours after brincidofovir
administration.
• Tecovirimat may reduce PI levels, though effects are not likely
to be clinically relevant. No dose adjustment in either drug is
necessary.
• Cidofovir, VIGIV: Drug interactions are unlikely."
Table 47: Mpox Treatments (also see prescribing information and CDC: Mpox Treatment Information for Healthcare Professionals),96,Mpox Treatments (also see prescribing information and CDC: Mpox Treatment Information for Healthcare Professionals),,,,"Table 47: Mpox Treatments (also see prescribing information and CDC: Mpox Treatment Information for Healthcare Professionals): → Tecovirimat [a], vaccinia immune globulin intravenous (VIGIV), cidofovir, brincidofovir | None: • Brincidofovir is a substrate for OATP1B1 and OATP1B3.
• Tecovirimat is weak inducer of CYP3A and weak inhibitor of
CYP2C8 and CYP2C19. | None_1: • Brincidofovir: Coadministration with EVG/COBI will likely
increase brincidofovir levels. Consider avoiding concurrent
EVG/COBI if possible. If unable to change EVG/COBI, monitor
for brincidofovir-related adverse effects, e.g., LFT elevations,
hyperbilirubinemia, diarrhea, or other GI adverse effects.
Postpone EVG/COBI dosing for at least 3 hours after
brincidofovir administration.
• Tecovirimat may reduce EVG/COBI levels, though effects are
not likely to be clinically relevant. No dose adjustment in either
drug is necessary."
Table 47: Mpox Treatments (also see prescribing information and CDC: Mpox Treatment Information for Healthcare Professionals),97,Mpox Treatments (also see prescribing information and CDC: Mpox Treatment Information for Healthcare Professionals),,,,"Table 47: Mpox Treatments (also see prescribing information and CDC: Mpox Treatment Information for Healthcare Professionals): → Tecovirimat [a], vaccinia immune globulin intravenous (VIGIV), cidofovir, brincidofovir"
Table 47: Mpox Treatments (also see prescribing information and CDC: Mpox Treatment Information for Healthcare Professionals),97,Mpox Treatments (also see prescribing information and CDC: Mpox Treatment Information for Healthcare Professionals),,,,"Table 47: Mpox Treatments (also see prescribing information and CDC: Mpox Treatment Information for Healthcare Professionals): → Tecovirimat [a], vaccinia immune globulin intravenous (VIGIV), cidofovir, brincidofovir | None: Mechanism of Action | None_1: Clinical Comments"
Table 47: Mpox Treatments (also see prescribing information and CDC: Mpox Treatment Information for Healthcare Professionals),97,Mpox Treatments (also see prescribing information and CDC: Mpox Treatment Information for Healthcare Professionals),,,,"Table 47: Mpox Treatments (also see prescribing information and CDC: Mpox Treatment Information for Healthcare Professionals): → Tecovirimat [a], vaccinia immune globulin intravenous (VIGIV), cidofovir, brincidofovir | None: • Brincidofovir is a substrate for OATP1B1 and OATP1B3.
• Tecovirimat is a weak inducer of CYP3A and a weak inhibitor of
CYP2C8 and CYP2C19. | None_1: • Brincidofovir: FTR inhibits OATP1B1 and may increase
brincidofovir levels. Avoid concurrent use if possible. If unable
to change therapy, monitor for brincidofovir-related adverse
effects, e.g., LFT elevations, hyperbilirubinemia, diarrhea, or
other GI adverse effects. Postpone FTR dosing for at least 3
hours after brincidofovir administration.
• Tecovirimat may reduce FTR levels, though effects are not
likely to be clinically relevant. No dose adjustment in either
drug is necessary."
Table 47: Mpox Treatments (also see prescribing information and CDC: Mpox Treatment Information for Healthcare Professionals),97,Mpox Treatments (also see prescribing information and CDC: Mpox Treatment Information for Healthcare Professionals),,,,"Table 47: Mpox Treatments (also see prescribing information and CDC: Mpox Treatment Information for Healthcare Professionals): → Tecovirimat [a], vaccinia immune globulin intravenous (VIGIV), cidofovir, brincidofovir | None: Tecovirimat is a weak inducer of CYP3A and a weak inhibitor of
CYP2C8 and CYP2C19. | None_1: Tecovirimat may reduce MVC levels, though effects are not likely
to be clinically relevant. No dose adjustment in either drug is
necessary."
Table 47: Mpox Treatments (also see prescribing information and CDC: Mpox Treatment Information for Healthcare Professionals),97,Mpox Treatments (also see prescribing information and CDC: Mpox Treatment Information for Healthcare Professionals),,,,"Table 47: Mpox Treatments (also see prescribing information and CDC: Mpox Treatment Information for Healthcare Professionals): → Tecovirimat [a], vaccinia immune globulin intravenous (VIGIV), cidofovir, brincidofovir | None: Tecovirimat is a weak inducer of CYP3A and a weak inhibitor of
CYP2C8 and CYP2C19. | None_1: Tecovirimat may reduce MVC levels, though effects are not likely
to be clinically relevant. No dose adjustment in either drug is
necessary."
Table 47: Mpox Treatments (also see prescribing information and CDC: Mpox Treatment Information for Healthcare Professionals),97,Mpox Treatments (also see prescribing information and CDC: Mpox Treatment Information for Healthcare Professionals),,,,"Table 48: Gender-Affirming Hormones [a] [Coleman, et al. 2022; Cirrincione, et al. 2020; Irving and Lehault 2017] (also see prescribing information): → Dutasteride, estradiol, finasteride, goserelin, leuprolide acetate, spironolactone, testosterone"
Table 47: Mpox Treatments (also see prescribing information and CDC: Mpox Treatment Information for Healthcare Professionals),97,Mpox Treatments (also see prescribing information and CDC: Mpox Treatment Information for Healthcare Professionals),,,,"Table 48: Gender-Affirming Hormones [a] [Coleman, et al. 2022; Cirrincione, et al. 2020; Irving and Lehault 2017] (also see prescribing information): → Dutasteride, estradiol, finasteride, goserelin, leuprolide acetate, spironolactone, testosterone | None: Mechanism of Action | None_1: Clinical Comments"
Table 47: Mpox Treatments (also see prescribing information and CDC: Mpox Treatment Information for Healthcare Professionals),97,Mpox Treatments (also see prescribing information and CDC: Mpox Treatment Information for Healthcare Professionals),,,,"Table 48: Gender-Affirming Hormones [a] [Coleman, et al. 2022; Cirrincione, et al. 2020; Irving and Lehault 2017] (also see prescribing information): → Dutasteride, estradiol, finasteride, goserelin, leuprolide acetate, spironolactone, testosterone | None: No clinically significant interactions expected. | None_1: No dose adjustments are necessary."
"Table 48: Gender-Affirming Hormones [a] [Coleman, et al. 2022; Cirrincione, et al. 2020; Irving and Lehault 2017] (also see prescribing information)",98,"Gender-Affirming Hormones [a] [Coleman, et al. 2022; Cirrincione, et al. 2020; Irving and Lehault 2017] (also see prescribing information)",,,,"Table 48: Gender-Affirming Hormones [a] [Coleman, et al. 2022; Cirrincione, et al. 2020; Irving and Lehault 2017] (also see prescribing information): → Dutasteride, estradiol, finasteride, goserelin, leuprolide acetate, spironolactone, testosterone"
"Table 48: Gender-Affirming Hormones [a] [Coleman, et al. 2022; Cirrincione, et al. 2020; Irving and Lehault 2017] (also see prescribing information)",98,"Gender-Affirming Hormones [a] [Coleman, et al. 2022; Cirrincione, et al. 2020; Irving and Lehault 2017] (also see prescribing information)",,,,"Table 48: Gender-Affirming Hormones [a] [Coleman, et al. 2022; Cirrincione, et al. 2020; Irving and Lehault 2017] (also see prescribing information): → Dutasteride, estradiol, finasteride, goserelin, leuprolide acetate, spironolactone, testosterone | None: Mechanism of Action | None_1: Clinical Comments"
"Table 48: Gender-Affirming Hormones [a] [Coleman, et al. 2022; Cirrincione, et al. 2020; Irving and Lehault 2017] (also see prescribing information)",98,"Gender-Affirming Hormones [a] [Coleman, et al. 2022; Cirrincione, et al. 2020; Irving and Lehault 2017] (also see prescribing information)",,,,"Table 48: Gender-Affirming Hormones [a] [Coleman, et al. 2022; Cirrincione, et al. 2020; Irving and Lehault 2017] (also see prescribing information): → Dutasteride, estradiol, finasteride, goserelin, leuprolide acetate, spironolactone, testosterone | None: • Estradiol: COBI-boosted PIs and EVG/COBI may increase
estradiol levels via CYP3A inhibition.
• Finasteride, dutasteride: COBI-boosted PIs and EVG/COBI may
increase finasteride or dutasteride levels, but with minimal
clinical significance.
• Progestins (oral medroxyprogesterone, micronized
progesterone): COBI-boosted PIs and EVG/COBI may increase
progestin levels via CYP3A4 inhibition.
• Testosterone: COBI-boosted PIs and EVG/COBI may increase
testosterone levels via CYP3A4 inhibition. Relevance of this
interaction is expected to be low in transgender men.
• Spironolactone, bicalutamide, leuprolide, goserelin: No
interactions expected. | None_1: • Estradiol: When taken concomitantly with COBI-boosted ARVs,
monitor serum estradiol levels.
• Finasteride, dutasteride, progestins (oral
medroxyprogesterone, micronized progesterone),
testosterone: No dose adjustments are necessary.
• Spironolactone, bicalutamide, leuprolide, goserelin: Drug
interactions are unlikely."
"Table 48: Gender-Affirming Hormones [a] [Coleman, et al. 2022; Cirrincione, et al. 2020; Irving and Lehault 2017] (also see prescribing information)",98,"Gender-Affirming Hormones [a] [Coleman, et al. 2022; Cirrincione, et al. 2020; Irving and Lehault 2017] (also see prescribing information)",,,,"Table 48: Gender-Affirming Hormones [a] [Coleman, et al. 2022; Cirrincione, et al. 2020; Irving and Lehault 2017] (also see prescribing information): → Dutasteride, estradiol, finasteride, goserelin, leuprolide acetate, spironolactone, testosterone | None: Estradiol, dutasteride, finasteride, progestins (oral
medroxyprogesterone, micronized progesterone), testosterone:
No interactions expected. | None_1: N/A"
"Table 48: Gender-Affirming Hormones [a] [Coleman, et al. 2022; Cirrincione, et al. 2020; Irving and Lehault 2017] (also see prescribing information)",98,"Gender-Affirming Hormones [a] [Coleman, et al. 2022; Cirrincione, et al. 2020; Irving and Lehault 2017] (also see prescribing information)",,,,"Table 48: Gender-Affirming Hormones [a] [Coleman, et al. 2022; Cirrincione, et al. 2020; Irving and Lehault 2017] (also see prescribing information): → Dutasteride, estradiol, finasteride, goserelin, leuprolide acetate, spironolactone, testosterone | None: • Estradiol: EFV may reduce estradiol levels via CYP3A induction.
• Finasteride, dutasteride: EFV may reduce finasteride and
dutasteride levels via CYP3A induction.
• Progestins (oral medroxyprogesterone, micronized
progesterone): EFV may reduce progestin levels via CYP3A
induction.
• Testosterone: EFV may reduce testosterone levels via CYP3A
induction.
• Spironolactone, bicalutamide, leuprolide, goserelin: No
interactions expected. | None_1: • Estradiol: Monitor serum estradiol levels; may require
increased estradiol dose.
• Finasteride, dutasteride, progestins (oral
medroxyprogesterone, micronized progesterone),
testosterone: No dose adjustments are necessary.
• Spironolactone, bicalutamide, leuprolide, goserelin: Drug
interactions are unlikely."
"Table 48: Gender-Affirming Hormones [a] [Coleman, et al. 2022; Cirrincione, et al. 2020; Irving and Lehault 2017] (also see prescribing information)",98,"Gender-Affirming Hormones [a] [Coleman, et al. 2022; Cirrincione, et al. 2020; Irving and Lehault 2017] (also see prescribing information)",,,,"Table 48: Gender-Affirming Hormones [a] [Coleman, et al. 2022; Cirrincione, et al. 2020; Irving and Lehault 2017] (also see prescribing information): → Dutasteride, estradiol, finasteride, goserelin, leuprolide acetate, spironolactone, testosterone | None: • Estradiol: ETR may reduce estradiol levels via CYP3A induction.
• Finasteride, dutasteride: ETR may reduce finasteride and
dutasteride levels via CYP3A induction.
• Progestins (oral medroxyprogesterone, micronized
progesterone): ETR may reduce progestin levels via CYP3A
induction.
• Testosterone: ETR may reduce testosterone levels via CYP3A
induction.
• Spironolactone, bicalutamide, leuprolide, goserelin: No
interactions expected | None_1: • Estradiol: Monitor serum estradiol levels; may require
increased estradiol dose.
• Finasteride, dutasteride, progestins (oral
medroxyprogesterone, micronized progesterone),
testosterone: No dose adjustments are necessary.
• Spironolactone, bicalutamide, leuprolide, goserelin: Drug
interactions are unlikely."
"Table 48: Gender-Affirming Hormones [a] [Coleman, et al. 2022; Cirrincione, et al. 2020; Irving and Lehault 2017] (also see prescribing information)",99,"Gender-Affirming Hormones [a] [Coleman, et al. 2022; Cirrincione, et al. 2020; Irving and Lehault 2017] (also see prescribing information)",,,,"Table 48: Gender-Affirming Hormones [a] [Coleman, et al. 2022; Cirrincione, et al. 2020; Irving and Lehault 2017] (also see prescribing information): → Dutasteride, estradiol, finasteride, goserelin, leuprolide acetate, spironolactone, testosterone"
"Table 48: Gender-Affirming Hormones [a] [Coleman, et al. 2022; Cirrincione, et al. 2020; Irving and Lehault 2017] (also see prescribing information)",99,"Gender-Affirming Hormones [a] [Coleman, et al. 2022; Cirrincione, et al. 2020; Irving and Lehault 2017] (also see prescribing information)",,,,"Table 48: Gender-Affirming Hormones [a] [Coleman, et al. 2022; Cirrincione, et al. 2020; Irving and Lehault 2017] (also see prescribing information): → Dutasteride, estradiol, finasteride, goserelin, leuprolide acetate, spironolactone, testosterone | None: Mechanism of Action | None_1: Clinical Comments"
"Table 48: Gender-Affirming Hormones [a] [Coleman, et al. 2022; Cirrincione, et al. 2020; Irving and Lehault 2017] (also see prescribing information)",99,"Gender-Affirming Hormones [a] [Coleman, et al. 2022; Cirrincione, et al. 2020; Irving and Lehault 2017] (also see prescribing information)",,,,"Table 48: Gender-Affirming Hormones [a] [Coleman, et al. 2022; Cirrincione, et al. 2020; Irving and Lehault 2017] (also see prescribing information): → Dutasteride, estradiol, finasteride, goserelin, leuprolide acetate, spironolactone, testosterone | None: • Estradiol: NVP may reduce estradiol levels via CYP3A induction.
• Finasteride, dutasteride: NVP may reduce finasteride and
dutasteride levels via CYP3A induction.
• Progestins (oral medroxyprogesterone, micronized
progesterone): NVP may reduce progestin levels via CYP3A
induction.
• Testosterone: NVP may reduce testosterone levels via CYP3A
induction.
• Spironolactone, bicalutamide, leuprolide, goserelin: No
interactions expected. | None_1: • Estradiol: Monitor serum estradiol levels; may require
increased estradiol dose.
• Finasteride, dutasteride, progestins (oral
medroxyprogesterone, micronized progesterone),
testosterone: No dose adjustments are necessary.
• Spironolactone, bicalutamide, leuprolide, goserelin: Drug
interactions are unlikely."
"Table 48: Gender-Affirming Hormones [a] [Coleman, et al. 2022; Cirrincione, et al. 2020; Irving and Lehault 2017] (also see prescribing information)",99,"Gender-Affirming Hormones [a] [Coleman, et al. 2022; Cirrincione, et al. 2020; Irving and Lehault 2017] (also see prescribing information)",,,,"Table 48: Gender-Affirming Hormones [a] [Coleman, et al. 2022; Cirrincione, et al. 2020; Irving and Lehault 2017] (also see prescribing information): → Dutasteride, estradiol, finasteride, goserelin, leuprolide acetate, spironolactone, testosterone | None: Estradiol, dutasteride, finasteride, progestins (oral
medroxyprogesterone, micronized progesterone), testosterone:
No interactions expected. | None_1: N/A"
"Table 48: Gender-Affirming Hormones [a] [Coleman, et al. 2022; Cirrincione, et al. 2020; Irving and Lehault 2017] (also see prescribing information)",99,"Gender-Affirming Hormones [a] [Coleman, et al. 2022; Cirrincione, et al. 2020; Irving and Lehault 2017] (also see prescribing information)",,,,"Table 48: Gender-Affirming Hormones [a] [Coleman, et al. 2022; Cirrincione, et al. 2020; Irving and Lehault 2017] (also see prescribing information): → Dutasteride, estradiol, finasteride, goserelin, leuprolide acetate, spironolactone, testosterone | None: • Estradiol: RTV may reduce estradiol levels via CYP1A2
induction; RTV may increase estradiol levels via CYP3A4
inhibition.
• Finasteride, dutasteride: RTV-boosted PIs may increase
finasteride or dutasteride levels.
• Progestins (oral medroxyprogesterone, micronized
progesterone): RTV-boosted PIs may increase progestin levels
via CYP3A4 inhibition.
• Testosterone: RTV-boosted PIs may increase testosterone
levels via CYP3A4 inhibition.
• Spironolactone, bicalutamide, leuprolide, goserelin: No
interactions expected. | None_1: • Estradiol: When taken concomitantly with RTV-boosted ARVs,
monitor serum estradiol levels.
• Finasteride, dutasteride, progestins (oral
medroxyprogesterone, micronized progesterone),
testosterone: No dose adjustments are necessary.
• Spironolactone, bicalutamide, leuprolide, goserelin: No
interactions expected."
"Table 48: Gender-Affirming Hormones [a] [Coleman, et al. 2022; Cirrincione, et al. 2020; Irving and Lehault 2017] (also see prescribing information)",99,"Gender-Affirming Hormones [a] [Coleman, et al. 2022; Cirrincione, et al. 2020; Irving and Lehault 2017] (also see prescribing information)",,,,"Table 48: Gender-Affirming Hormones [a] [Coleman, et al. 2022; Cirrincione, et al. 2020; Irving and Lehault 2017] (also see prescribing information): → Dutasteride, estradiol, finasteride, goserelin, leuprolide acetate, spironolactone, testosterone | None: • Estradiol: RTV may reduce estradiol levels via CYP1A2
induction; RTV may increase estradiol levels via CYP3A4
inhibition.
• Finasteride, dutasteride: RTV-boosted PIs may increase
finasteride or dutasteride levels.
• Progestins (oral medroxyprogesterone, micronized
progesterone): RTV-boosted PIs may increase progestin levels
via CYP3A4 inhibition.
• Testosterone: RTV-boosted PIs may increase testosterone
levels via CYP3A4 inhibition.
• Spironolactone, bicalutamide, leuprolide, goserelin: No
interactions expected. | None_1: • Estradiol: When taken concomitantly with RTV-boosted ARVs,
monitor serum estradiol levels.
• Finasteride, dutasteride, progestins (oral
medroxyprogesterone, micronized progesterone),
testosterone: No dose adjustments are necessary.
• Spironolactone, bicalutamide, leuprolide, goserelin: No
interactions expected."
Table 49: ADHD Medications and Lithium (also see prescribing information),100,ADHD Medications and Lithium (also see prescribing information),,,,None: Mechanism of Action | None_1: Clinical Comments
Table 49: ADHD Medications and Lithium (also see prescribing information),100,ADHD Medications and Lithium (also see prescribing information),,,,None: No clinically significant interactions expected. | None_1: No dose adjustments are necessary.
Table 49: ADHD Medications and Lithium (also see prescribing information),100,ADHD Medications and Lithium (also see prescribing information),,,,"None: • Methylphenidate, amphetamine, dextroamphetamine:
CYP2D6 inhibition may increase drug concentrations with
concurrent RTV use.
• Modafinil: CYP3A4 induction may reduce PI levels.
• Lithium: No significant interactions are expected. | None_1: • Methylphenidate, amphetamine, dextroamphetamine may
increase risk of serotonin syndrome when used concurrently
with RTV and other serotonergic medications; interaction may
be less significant with COBI. Consider using lower initial dose
and monitor for serotonin syndrome.
• Modafinil: Avoid concurrent use due to potential loss of
virologic response.
• Lithium: No dose adjustments are necessary."
Table 49: ADHD Medications and Lithium (also see prescribing information),100,ADHD Medications and Lithium (also see prescribing information),,,,"None: • Methylphenidate, amphetamine, dextroamphetamine:
CYP2D6 inhibition may increase drug concentrations with
concurrent RTV use. Less effect found with COBI.
• Modafinil: CYP3A4 induction may reduce EVG and COBI levels.
• Lithium: No significant interactions are expected. | None_1: • Methylphenidate, amphetamine, dextroamphetamine may
increase risk of serotonin syndrome when used concurrently
with RTV and other serotonergic medications; interaction may
be less significant with COBI. Consider using lower initial dose
and monitor for serotonin syndrome.
• Modafinil: Avoid concurrent use due to potential loss of
virologic response.
• Lithium: No dose adjustments are necessary."
Table 49: ADHD Medications and Lithium (also see prescribing information),100,ADHD Medications and Lithium (also see prescribing information),,,,"None: • Modafinil: CYP3A4 induction may reduce NNRTI levels.
• Lithium: No significant interactions are expected. | None_1: • Modafinil: Avoid concurrent use due to potential loss of
virologic response.
• Lithium: No dose adjustments are necessary."
Table 49: ADHD Medications and Lithium (also see prescribing information),100,ADHD Medications and Lithium (also see prescribing information),,,,"None: • Modafinil: CYP3A4 induction may reduce NNRTI levels.
• Lithium: No significant interactions are expected. | None_1: • Modafinil: Avoid concurrent use due to potential loss of
virologic response.
• Lithium: No dose adjustments are necessary."
Untitled Table,109,Not Specified,,,Strength,None_1: Quality of Evidence
Untitled Table,109,Not Specified,,,A: Strong,"None_1: 1 Based on published results of at least 1 randomized clinical trial with clinical outcomes or
validated laboratory endpoints."
Untitled Table,109,Not Specified,,,B: Moderate,"None_1: 1 Based on published results of at least 1 randomized clinical trial with clinical outcomes or
validated laboratory endpoints."
Untitled Table,109,Not Specified,,,C: Optional,"None_1: * Based on either a self-evident conclusion; conclusive, published, in vitro data; or well-
established practice that cannot be tested because ethics would preclude a clinical trial."
Untitled Table,109,Not Specified,,,C: Optional,"None_1: 2 Based on published results of at least 1 well-designed, nonrandomized clinical trial or
observational cohort study with long-term clinical outcomes."
Untitled Table,109,Not Specified,,,C: Optional,"None_1: 2† Extrapolated from published results of well-designed studies (including nonrandomized clinical
trials) conducted in populations other than those specifically addressed by a recommendation.
The source(s) of the extrapolated evidence and the rationale for the extrapolation are provided
in the guideline text. One example would be results of studies conducted predominantly in a
subpopulation (e.g., one gender) that the committee determines to be generalizable to the
population under consideration in the guideline."
Untitled Table,109,Not Specified,,,C: Optional,"None_1: 3 Based on committee expert opinion, with rationale provided in the guideline text."
