drug_abbreviation,page,context
LEN,1,"Drug- Drug Interactions by Antiviral Medication Class section: Updated information on 
lenacapavir (LEN) interactions to specify when used for HIV treatment (see Table 19A) and 
when used for HIV prev"
LEN,1,"Drug- Drug Interactions by Antiviral Medication Class section: Updated information on 
lenacapavir (LEN) interactions to specify when used for HIV treatment (see Table 19A) and 
when used for HIV prev"
ATV,2,".................................................................. 15 
Table 3: Boosted Atazanavir (ATV) Interactions  ................................................................................."
DRV,2,"................................................................... 15 
Table 4: Boosted Darunavir (DRV) Interactions  ................................................................................."
BIC,2,"......................................................................... 30 
Table 5: Bictegravir (BIC) Interactions  ................................................................................."
CAB,2,"........................................................................ 30 
Table 6: Cabotegravir (CAB) Interactions  ................................................................................."
DTG,2,"........................................................................ 31 
Table 7: Dolutegravir (DTG) Interactions  ................................................................................."
EVG,2,"................................................................ 32 
Table 8: Boosted Elvitegravir (EVG) Interactions  ................................................................................."
RAL,2,"......................................................................... 33 
Table 9: Raltegravir (RAL) Interactions  ................................................................................."
DOR,2,"......................................................................... 39 
Table 10: Doravirine (DOR) Interactions  ................................................................................."
RPV,2,"........................................................................ 39 
Table 11: Rilpivirine (RPV) Interactions  ................................................................................."
EFV,2,".......................................................................... 40 
Table 12: Efavirenz (EFV) Interactions  ................................................................................."
ETR,2,"......................................................................... 42 
Table 13: Etravirine (ETR) Interactions  ................................................................................."
ABC,2,"........................................................................... 49 
Table 14: Abacavir (ABC) Interactions  ................................................................................."
TDF,2,"...................................................... 49 
Table 15: Tenofovir Disoproxil Fumarate (TDF) and Tenofovir Alafenamide (TAF) Interactions  ................................. 49 
T
able 16:"
TAF,2,"...................... 49 
Table 15: Tenofovir Disoproxil Fumarate (TDF) and Tenofovir Alafenamide (TAF) Interactions  ................................. 49 
T
able 16: Lamivudine (3TC) and Emtricitabi"
FTC,2,"Interactions  ................................. 49 
T
able 16: Lamivudine (3TC) and Emtricitabine (FTC) Interactions  ............................................................................... 5"
FTR,2,"........................................................................ 51 
Table 17: Fostemsavir (FTR) Interactions  ................................................................................."
MVC,2,".......................................................................... 51 
Table 18: Maraviroc (MVC) Interactions  ................................................................................."
LEN,2,"....................................................................... 53 
Table 19A: Lenacapavir (LEN) Interactions When Used for HIV Treatment  ....................................................."
LEN,2,"....................................................................... 53 
Table 19A: Lenacapavir (LEN) Interactions When Used for HIV Treatment  ....................................................."
TDF,9,"ons  
organ systems [Gallant, et al. 2018; Dharan and Cooper 2017] . Tenofovir disoproxil fumarate (TDF) has been shown to reduce 
bone mineral density and may impair renal function. Tenofovir alafena"
TAF,9,"as been shown to reduce 
bone mineral density and may impair renal function. Tenofovir alafenamide (TAF) does not appear to have a similar effect on 
bone density or kidney function, and increased bon"
TDF,9,"ons  
organ systems [Gallant, et al. 2018; Dharan and Cooper 2017] . Tenofovir disoproxil fumarate (TDF) has been shown to reduce 
bone mineral density and may impair renal function. Tenofovir alafena"
TAF,9,"as been shown to reduce 
bone mineral density and may impair renal function. Tenofovir alafenamide (TAF) does not appear to have a similar effect on 
bone density or kidney function, and increased bon"
BIC,10,"hibitor  CYP Inducer  UGT1A1  Drug Transport Protein Other  
Integrase Strand Inhibitors (INSTIs)  
BIC [1] 3A4 (minor) — — Substrate  Inhibitor of MATE1, OCT2  Chelation  
CAB [2]  — — — Substrate  P"
CAB,10,"rand Inhibitors (INSTIs)  
BIC [1] 3A4 (minor) — — Substrate  Inhibitor of MATE1, OCT2  Chelation  
CAB [2]  — — — Substrate  P-gP substrate; OATP1 
inhibitor  — 
DTG [3] 3A4 (minor) — — Substrate  P-"
DTG,10,"nhibitor of MATE1, OCT2  Chelation  
CAB [2]  — — — Substrate  P-gP substrate; OATP1 
inhibitor  — 
DTG [3] 3A4 (minor) — — Substrate  P-gP substrate; Inhibitor 
of MATE2, OCT2  Chelation  
EVG [4] 3A"
EVG,10,"bitor  — 
DTG [3] 3A4 (minor) — — Substrate  P-gP substrate; Inhibitor 
of MATE2, OCT2  Chelation  
EVG [4] 3A4 — 2C9 Substrate  — Chelation  
RAL [5] — — — Substrate  — Chelation  
Pharmacokinetic Bo"
RAL,10,"P-gP substrate; Inhibitor 
of MATE2, OCT2  Chelation  
EVG [4] 3A4 — 2C9 Substrate  — Chelation  
RAL [5] — — — Substrate  — Chelation  
Pharmacokinetic Boosters 
COBI  [6] 3A4,  2D6 (minor) 3A4,  2"
COBI,10,"3A4 — 2C9 Substrate  — Chelation  
RAL [5] — — — Substrate  — Chelation  
Pharmacokinetic Boosters 
COBI  [6] 3A4,  2D6 (minor) 3A4,  2D6 (minor) — — Inhibitor of P- gP, BCRP, 
OATP, OCT, MATE1  — 
RT"
RTV,10,"COBI  [6] 3A4,  2D6 (minor) 3A4,  2D6 (minor) — — Inhibitor of P- gP, BCRP, 
OATP, OCT, MATE1  — 
RTV [7] 3A4,  2D6 (minor) 3A4, 2C8, 2C9, 2C19, 2D6  1A2, 2B6, 2C9, 2C19  Inducer  Inhibitor of P-gP,"
ATV,10,"2B6, 2C9, 2C19  Inducer  Inhibitor of P-gP, BCRP, 
OATP, OCT, MATE1  — 
Protease Inhibitors (PIs) 
ATV [8] 3A4 3A4, 2C8 (minor)  — Inhibitor  P-gP substrate, inhibitor, 
inducer; OATP inhibitor  GI a"
DRV,10,"— Inhibitor  P-gP substrate, inhibitor, 
inducer; OATP inhibitor  GI absorption (pH -
dependent)  
DRV [9] 3A4 3A4 2C9 — P-gP substrate; OATP 
inhibitor  — 
Non- Nucleoside Reverse Transcriptase Inhi"
DOR,10,"9 — P-gP substrate; OATP 
inhibitor  — 
Non- Nucleoside Reverse Transcriptase Inhibitors (NNRTIs)  
DOR [10]  3A4, 3A5  — — — — — 
EFV [11]  2B6 (primary), 2A6, 3A4  3A4 3A4, 2B6  — — — 
ETR [12]  3A4"
EFV,10,"itor  — 
Non- Nucleoside Reverse Transcriptase Inhibitors (NNRTIs)  
DOR [10]  3A4, 3A5  — — — — — 
EFV [11]  2B6 (primary), 2A6, 3A4  3A4 3A4, 2B6  — — — 
ETR [12]  3A4, 2C9, 2C19  2C9, 2C19  3A4 — P"
ETR,10,"s (NNRTIs)  
DOR [10]  3A4, 3A5  — — — — — 
EFV [11]  2B6 (primary), 2A6, 3A4  3A4 3A4, 2B6  — — — 
ETR [12]  3A4, 2C9, 2C19  2C9, 2C19  3A4 — P-gP inducer  — 
RPV [13]  3A4 — — — — GI absorption (pH-"
RPV,10,"rimary), 2A6, 3A4  3A4 3A4, 2B6  — — — 
ETR [12]  3A4, 2C9, 2C19  2C9, 2C19  3A4 — P-gP inducer  — 
RPV [13]  3A4 — — — — GI absorption (pH-
dependent)  
Nucleoside Reverse Transcriptase Inhibitors (N"
ABC,10,"3A4 — — — — GI absorption (pH-
dependent)  
Nucleoside Reverse Transcriptase Inhibitors (NRTIs)  
ABC [14]  — — — Substrate  — Alcohol dehydrogenase 
substrate  
FTC [15]  — — — — MATE1 substrate  —"
FTC,10,"Transcriptase Inhibitors (NRTIs)  
ABC [14]  — — — Substrate  — Alcohol dehydrogenase 
substrate  
FTC [15]  — — — — MATE1 substrate  — 
3TC [16]  — — — — Substrate of MATE1/2, 
OCT2  — 
TAF [17]  3A"
TAF,10,"substrate  
FTC [15]  — — — — MATE1 substrate  — 
3TC [16]  — — — — Substrate of MATE1/2, 
OCT2  — 
TAF [17]  3A4 (minor) — — — Substrate of P -gP, BCRP, 
OATP  —"
TDF,11,"formation.  
ARV  CYP Substrate  CYP Inhibitor  CYP Inducer  UGT1A1  Drug Transport Protein Other  
TDF [18]  — — — — Substrate of P -gP, OATP, 
MRP — 
Entry Inhibitors (EIs)  
FTR [19]  3A4 — — — Sub"
FTR,11,"nsport Protein Other  
TDF [18]  — — — — Substrate of P -gP, OATP, 
MRP — 
Entry Inhibitors (EIs)  
FTR [19]  3A4 — — — Substrate of P -gP, BCRP; 
Inhibitor of OATP, BCRP  — 
IBA [a] [20]  — — — — — —"
MVC,11,"R [19]  3A4 — — — Substrate of P -gP, BCRP; 
Inhibitor of OATP, BCRP  — 
IBA [a] [20]  — — — — — — 
MVC [21]  3A4 — — — P-gP substrate — 
Capsid Inhibitor  
LEN [22]  3A4 (minor) 3A4 (moderate)  — Sub"
LEN,11,"OATP, BCRP  — 
IBA [a] [20]  — — — — — — 
MVC [21]  3A4 — — — P-gP substrate — 
Capsid Inhibitor  
LEN [22]  3A4 (minor) 3A4 (moderate)  — Substrate (minor)  P-gP substrate — 
Drug name abbreviations"
ABC,11,") 3A4 (moderate)  — Substrate (minor)  P-gP substrate — 
Drug name abbreviations:  3TC, lamivudine; ABC, abacavir; ATV, atazanavir; BIC, bictegravir; CAB, cabotegravir; COBI, cobicistat; DRV, darunavi"
ATV,11,")  — Substrate (minor)  P-gP substrate — 
Drug name abbreviations:  3TC, lamivudine; ABC, abacavir; ATV, atazanavir; BIC, bictegravir; CAB, cabotegravir; COBI, cobicistat; DRV, darunavir; DOR, doravir"
BIC,11,"inor)  P-gP substrate — 
Drug name abbreviations:  3TC, lamivudine; ABC, abacavir; ATV, atazanavir; BIC, bictegravir; CAB, cabotegravir; COBI, cobicistat; DRV, darunavir; DOR, doravirine; DTG, doluteg"
CAB,11,"ate — 
Drug name abbreviations:  3TC, lamivudine; ABC, abacavir; ATV, atazanavir; BIC, bictegravir; CAB, cabotegravir; COBI, cobicistat; DRV, darunavir; DOR, doravirine; DTG, dolutegravir; EFV, 
efavi"
COBI,11,"breviations:  3TC, lamivudine; ABC, abacavir; ATV, atazanavir; BIC, bictegravir; CAB, cabotegravir; COBI, cobicistat; DRV, darunavir; DOR, doravirine; DTG, dolutegravir; EFV, 
efavirenz; ETR, etraviri"
DRV,11,"lamivudine; ABC, abacavir; ATV, atazanavir; BIC, bictegravir; CAB, cabotegravir; COBI, cobicistat; DRV, darunavir; DOR, doravirine; DTG, dolutegravir; EFV, 
efavirenz; ETR, etravirine; EVG, elvitegra"
DOR,11,", abacavir; ATV, atazanavir; BIC, bictegravir; CAB, cabotegravir; COBI, cobicistat; DRV, darunavir; DOR, doravirine; DTG, dolutegravir; EFV, 
efavirenz; ETR, etravirine; EVG, elvitegravir; FTC, emtric"
DTG,11,"atazanavir; BIC, bictegravir; CAB, cabotegravir; COBI, cobicistat; DRV, darunavir; DOR, doravirine; DTG, dolutegravir; EFV, 
efavirenz; ETR, etravirine; EVG, elvitegravir; FTC, emtricitabine; FTR, fos"
EFV,11,"ctegravir; CAB, cabotegravir; COBI, cobicistat; DRV, darunavir; DOR, doravirine; DTG, dolutegravir; EFV, 
efavirenz; ETR, etravirine; EVG, elvitegravir; FTC, emtricitabine; FTR, fostemsavir; IBA, ibal"
ETR,11,"abotegravir; COBI, cobicistat; DRV, darunavir; DOR, doravirine; DTG, dolutegravir; EFV, 
efavirenz; ETR, etravirine; EVG, elvitegravir; FTC, emtricitabine; FTR, fostemsavir; IBA, ibalizumab; LEN, lena"
EVG,11,", cobicistat; DRV, darunavir; DOR, doravirine; DTG, dolutegravir; EFV, 
efavirenz; ETR, etravirine; EVG, elvitegravir; FTC, emtricitabine; FTR, fostemsavir; IBA, ibalizumab; LEN, lenacapavir; MVC, mar"
FTC,11,"darunavir; DOR, doravirine; DTG, dolutegravir; EFV, 
efavirenz; ETR, etravirine; EVG, elvitegravir; FTC, emtricitabine; FTR, fostemsavir; IBA, ibalizumab; LEN, lenacapavir; MVC, maraviroc; RAL, ralteg"
FTR,11,"nsport Protein Other  
TDF [18]  — — — — Substrate of P -gP, OATP, 
MRP — 
Entry Inhibitors (EIs)  
FTR [19]  3A4 — — — Substrate of P -gP, BCRP; 
Inhibitor of OATP, BCRP  — 
IBA [a] [20]  — — — — — —"
LEN,11,"OATP, BCRP  — 
IBA [a] [20]  — — — — — — 
MVC [21]  3A4 — — — P-gP substrate — 
Capsid Inhibitor  
LEN [22]  3A4 (minor) 3A4 (moderate)  — Substrate (minor)  P-gP substrate — 
Drug name abbreviations"
MVC,11,"R [19]  3A4 — — — Substrate of P -gP, BCRP; 
Inhibitor of OATP, BCRP  — 
IBA [a] [20]  — — — — — — 
MVC [21]  3A4 — — — P-gP substrate — 
Capsid Inhibitor  
LEN [22]  3A4 (minor) 3A4 (moderate)  — Sub"
RAL,11,"itegravir; FTC, emtricitabine; FTR, fostemsavir; IBA, ibalizumab; LEN, lenacapavir; MVC, maraviroc; RAL, raltegravir; RPV, rilpivirine; RTV, ritonavir; TAF, 
tenofovir alafenamide; TDF,  tenofovir dis"
RPV,11,"tricitabine; FTR, fostemsavir; IBA, ibalizumab; LEN, lenacapavir; MVC, maraviroc; RAL, raltegravir; RPV, rilpivirine; RTV, ritonavir; TAF, 
tenofovir alafenamide; TDF,  tenofovir disoproxil fumarate."
RTV,11,"fostemsavir; IBA, ibalizumab; LEN, lenacapavir; MVC, maraviroc; RAL, raltegravir; RPV, rilpivirine; RTV, ritonavir; TAF, 
tenofovir alafenamide; TDF,  tenofovir disoproxil fumarate.  
Other abbreviati"
TAF,11,", ibalizumab; LEN, lenacapavir; MVC, maraviroc; RAL, raltegravir; RPV, rilpivirine; RTV, ritonavir; TAF, 
tenofovir alafenamide; TDF,  tenofovir disoproxil fumarate.  
Other abbreviations:  BCRP, brea"
TDF,11,"formation.  
ARV  CYP Substrate  CYP Inhibitor  CYP Inducer  UGT1A1  Drug Transport Protein Other  
TDF [18]  — — — — Substrate of P -gP, OATP, 
MRP — 
Entry Inhibitors (EIs)  
FTR [19]  3A4 — — — Sub"
TDF,13,"this area of pharmacotherapeutic research is rapidly evolving. An example of such an interaction is TDF with diclofena c 
[Morelle, et al. 2009] , which are both substrates of OATP1B3 and compete for"
ATV,15,"A COMMITTEE OCTOBER 7 , 2025 15 
 
Boosted Protease Inhibitors (PIs)  
Table 3: Boosted Atazanavir (ATV) Interactions  (also see prescribing information) 
Class or Drug  Mechanism of Action  Clinical"
ATV,15,"A COMMITTEE OCTOBER 7 , 2025 15 
 
Boosted Protease Inhibitors (PIs)  
Table 3: Boosted Atazanavir (ATV) Interactions  (also see prescribing information) 
Class or Drug  Mechanism of Action  Clinical"
ATV,15,"A COMMITTEE OCTOBER 7 , 2025 15 
 
Boosted Protease Inhibitors (PIs)  
Table 3: Boosted Atazanavir (ATV) Interactions  (also see prescribing information) 
Class or Drug  Mechanism of Action  Clinical"
ATV,15,"A COMMITTEE OCTOBER 7 , 2025 15 
 
Boosted Protease Inhibitors (PIs)  
Table 3: Boosted Atazanavir (ATV) Interactions  (also see prescribing information) 
Class or Drug  Mechanism of Action  Clinical"
ATV,15,"A COMMITTEE OCTOBER 7 , 2025 15 
 
Boosted Protease Inhibitors (PIs)  
Table 3: Boosted Atazanavir (ATV) Interactions  (also see prescribing information) 
Class or Drug  Mechanism of Action  Clinical"
ATV,15,"A COMMITTEE OCTOBER 7 , 2025 15 
 
Boosted Protease Inhibitors (PIs)  
Table 3: Boosted Atazanavir (ATV) Interactions  (also see prescribing information) 
Class or Drug  Mechanism of Action  Clinical"
RTV,15,"ive acid -reducing agent, alternative PI, or 
boosted ATV.  
• Timing:  Administer ≥12 hours before RTV- or COBI -boosted 
ATV.  
• ART-naive:  Do not exceed omeprazole 20  mg per day or 
equivalent ("
COBI,15,"-reducing agent, alternative PI, or 
boosted ATV.  
• Timing:  Administer ≥12 hours before RTV- or COBI -boosted 
ATV.  
• ART-naive:  Do not exceed omeprazole 20  mg per day or 
equivalent (pantopra"
ATV,15,"A COMMITTEE OCTOBER 7 , 2025 15 
 
Boosted Protease Inhibitors (PIs)  
Table 3: Boosted Atazanavir (ATV) Interactions  (also see prescribing information) 
Class or Drug  Mechanism of Action  Clinical"
ATV,15,"A COMMITTEE OCTOBER 7 , 2025 15 
 
Boosted Protease Inhibitors (PIs)  
Table 3: Boosted Atazanavir (ATV) Interactions  (also see prescribing information) 
Class or Drug  Mechanism of Action  Clinical"
ATV,15,"A COMMITTEE OCTOBER 7 , 2025 15 
 
Boosted Protease Inhibitors (PIs)  
Table 3: Boosted Atazanavir (ATV) Interactions  (also see prescribing information) 
Class or Drug  Mechanism of Action  Clinical"
ATV,15,"A COMMITTEE OCTOBER 7 , 2025 15 
 
Boosted Protease Inhibitors (PIs)  
Table 3: Boosted Atazanavir (ATV) Interactions  (also see prescribing information) 
Class or Drug  Mechanism of Action  Clinical"
ATV,15,"A COMMITTEE OCTOBER 7 , 2025 15 
 
Boosted Protease Inhibitors (PIs)  
Table 3: Boosted Atazanavir (ATV) Interactions  (also see prescribing information) 
Class or Drug  Mechanism of Action  Clinical"
RTV,15,"ive acid -reducing agent, alternative PI, or 
boosted ATV.  
• Timing:  Administer ≥12 hours before RTV- or COBI -boosted 
ATV.  
• ART-naive:  Do not exceed omeprazole 20  mg per day or 
equivalent ("
ATV,15,"A COMMITTEE OCTOBER 7 , 2025 15 
 
Boosted Protease Inhibitors (PIs)  
Table 3: Boosted Atazanavir (ATV) Interactions  (also see prescribing information) 
Class or Drug  Mechanism of Action  Clinical"
COBI,15,"-reducing agent, alternative PI, or 
boosted ATV.  
• Timing:  Administer ≥12 hours before RTV- or COBI -boosted 
ATV.  
• ART-naive:  Do not exceed omeprazole 20  mg per day or 
equivalent (pantopra"
RTV,15,"ive acid -reducing agent, alternative PI, or 
boosted ATV.  
• Timing:  Administer ≥12 hours before RTV- or COBI -boosted 
ATV.  
• ART-naive:  Do not exceed omeprazole 20  mg per day or 
equivalent ("
ATV,15,"A COMMITTEE OCTOBER 7 , 2025 15 
 
Boosted Protease Inhibitors (PIs)  
Table 3: Boosted Atazanavir (ATV) Interactions  (also see prescribing information) 
Class or Drug  Mechanism of Action  Clinical"
RTV,15,"ive acid -reducing agent, alternative PI, or 
boosted ATV.  
• Timing:  Administer ≥12 hours before RTV- or COBI -boosted 
ATV.  
• ART-naive:  Do not exceed omeprazole 20  mg per day or 
equivalent ("
ATV,15,"A COMMITTEE OCTOBER 7 , 2025 15 
 
Boosted Protease Inhibitors (PIs)  
Table 3: Boosted Atazanavir (ATV) Interactions  (also see prescribing information) 
Class or Drug  Mechanism of Action  Clinical"
ATV,15,"A COMMITTEE OCTOBER 7 , 2025 15 
 
Boosted Protease Inhibitors (PIs)  
Table 3: Boosted Atazanavir (ATV) Interactions  (also see prescribing information) 
Class or Drug  Mechanism of Action  Clinical"
ATV,15,"A COMMITTEE OCTOBER 7 , 2025 15 
 
Boosted Protease Inhibitors (PIs)  
Table 3: Boosted Atazanavir (ATV) Interactions  (also see prescribing information) 
Class or Drug  Mechanism of Action  Clinical"
RTV,15,"ive acid -reducing agent, alternative PI, or 
boosted ATV.  
• Timing:  Administer ≥12 hours before RTV- or COBI -boosted 
ATV.  
• ART-naive:  Do not exceed omeprazole 20  mg per day or 
equivalent ("
ATV,15,"A COMMITTEE OCTOBER 7 , 2025 15 
 
Boosted Protease Inhibitors (PIs)  
Table 3: Boosted Atazanavir (ATV) Interactions  (also see prescribing information) 
Class or Drug  Mechanism of Action  Clinical"
ATV,15,"A COMMITTEE OCTOBER 7 , 2025 15 
 
Boosted Protease Inhibitors (PIs)  
Table 3: Boosted Atazanavir (ATV) Interactions  (also see prescribing information) 
Class or Drug  Mechanism of Action  Clinical"
ATV,15,"A COMMITTEE OCTOBER 7 , 2025 15 
 
Boosted Protease Inhibitors (PIs)  
Table 3: Boosted Atazanavir (ATV) Interactions  (also see prescribing information) 
Class or Drug  Mechanism of Action  Clinical"
ATV,15,"A COMMITTEE OCTOBER 7 , 2025 15 
 
Boosted Protease Inhibitors (PIs)  
Table 3: Boosted Atazanavir (ATV) Interactions  (also see prescribing information) 
Class or Drug  Mechanism of Action  Clinical"
ATV,16,"lines.org  
 
 
MEDICAL CARE CRITERIA COMMITTEE OCTOBER 7 , 2025 16 
 
Table 3: Boosted Atazanavir (ATV) Interactions  (also see prescribing information) 
Class or Drug  Mechanism of Action  Clinical"
ATV,16,"lines.org  
 
 
MEDICAL CARE CRITERIA COMMITTEE OCTOBER 7 , 2025 16 
 
Table 3: Boosted Atazanavir (ATV) Interactions  (also see prescribing information) 
Class or Drug  Mechanism of Action  Clinical"
COBI,16,"gic antagonists 
for benign prostatic 
hyperplasia  Boosted or unboosted ATV (i.e., with or without COBI or RTV) 
inhibits CYP3A4 and other transporters.  • Alfuzosin, silodosin Concomitant use is con"
RTV,16,"gonists 
for benign prostatic 
hyperplasia  Boosted or unboosted ATV (i.e., with or without COBI or RTV) 
inhibits CYP3A4 and other transporters.  • Alfuzosin, silodosin Concomitant use is contraindic"
ATV,16,"lines.org  
 
 
MEDICAL CARE CRITERIA COMMITTEE OCTOBER 7 , 2025 16 
 
Table 3: Boosted Atazanavir (ATV) Interactions  (also see prescribing information) 
Class or Drug  Mechanism of Action  Clinical"
COBI,16,"gic antagonists 
for benign prostatic 
hyperplasia  Boosted or unboosted ATV (i.e., with or without COBI or RTV) 
inhibits CYP3A4 and other transporters.  • Alfuzosin, silodosin Concomitant use is con"
ATV,16,"lines.org  
 
 
MEDICAL CARE CRITERIA COMMITTEE OCTOBER 7 , 2025 16 
 
Table 3: Boosted Atazanavir (ATV) Interactions  (also see prescribing information) 
Class or Drug  Mechanism of Action  Clinical"
ATV,16,"lines.org  
 
 
MEDICAL CARE CRITERIA COMMITTEE OCTOBER 7 , 2025 16 
 
Table 3: Boosted Atazanavir (ATV) Interactions  (also see prescribing information) 
Class or Drug  Mechanism of Action  Clinical"
ATV,16,"lines.org  
 
 
MEDICAL CARE CRITERIA COMMITTEE OCTOBER 7 , 2025 16 
 
Table 3: Boosted Atazanavir (ATV) Interactions  (also see prescribing information) 
Class or Drug  Mechanism of Action  Clinical"
ATV,16,"lines.org  
 
 
MEDICAL CARE CRITERIA COMMITTEE OCTOBER 7 , 2025 16 
 
Table 3: Boosted Atazanavir (ATV) Interactions  (also see prescribing information) 
Class or Drug  Mechanism of Action  Clinical"
COBI,16,"gic antagonists 
for benign prostatic 
hyperplasia  Boosted or unboosted ATV (i.e., with or without COBI or RTV) 
inhibits CYP3A4 and other transporters.  • Alfuzosin, silodosin Concomitant use is con"
ATV,16,"lines.org  
 
 
MEDICAL CARE CRITERIA COMMITTEE OCTOBER 7 , 2025 16 
 
Table 3: Boosted Atazanavir (ATV) Interactions  (also see prescribing information) 
Class or Drug  Mechanism of Action  Clinical"
ATV,16,"lines.org  
 
 
MEDICAL CARE CRITERIA COMMITTEE OCTOBER 7 , 2025 16 
 
Table 3: Boosted Atazanavir (ATV) Interactions  (also see prescribing information) 
Class or Drug  Mechanism of Action  Clinical"
ATV,16,"lines.org  
 
 
MEDICAL CARE CRITERIA COMMITTEE OCTOBER 7 , 2025 16 
 
Table 3: Boosted Atazanavir (ATV) Interactions  (also see prescribing information) 
Class or Drug  Mechanism of Action  Clinical"
ATV,16,"lines.org  
 
 
MEDICAL CARE CRITERIA COMMITTEE OCTOBER 7 , 2025 16 
 
Table 3: Boosted Atazanavir (ATV) Interactions  (also see prescribing information) 
Class or Drug  Mechanism of Action  Clinical"
RTV,16,"gonists 
for benign prostatic 
hyperplasia  Boosted or unboosted ATV (i.e., with or without COBI or RTV) 
inhibits CYP3A4 and other transporters.  • Alfuzosin, silodosin Concomitant use is contraindic"
COBI,16,"gic antagonists 
for benign prostatic 
hyperplasia  Boosted or unboosted ATV (i.e., with or without COBI or RTV) 
inhibits CYP3A4 and other transporters.  • Alfuzosin, silodosin Concomitant use is con"
RTV,16,"gonists 
for benign prostatic 
hyperplasia  Boosted or unboosted ATV (i.e., with or without COBI or RTV) 
inhibits CYP3A4 and other transporters.  • Alfuzosin, silodosin Concomitant use is contraindic"
COBI,16,"gic antagonists 
for benign prostatic 
hyperplasia  Boosted or unboosted ATV (i.e., with or without COBI or RTV) 
inhibits CYP3A4 and other transporters.  • Alfuzosin, silodosin Concomitant use is con"
ATV,17,"lines.org  
 
 
MEDICAL CARE CRITERIA COMMITTEE OCTOBER 7 , 2025 17 
 
Table 3: Boosted Atazanavir (ATV) Interactions  (also see prescribing information) 
Class or Drug  Mechanism of Action  Clinical"
ATV,17,"lines.org  
 
 
MEDICAL CARE CRITERIA COMMITTEE OCTOBER 7 , 2025 17 
 
Table 3: Boosted Atazanavir (ATV) Interactions  (also see prescribing information) 
Class or Drug  Mechanism of Action  Clinical"
ATV,17,"lines.org  
 
 
MEDICAL CARE CRITERIA COMMITTEE OCTOBER 7 , 2025 17 
 
Table 3: Boosted Atazanavir (ATV) Interactions  (also see prescribing information) 
Class or Drug  Mechanism of Action  Clinical"
COBI,17,"To avoid increased bleeding risk, do not use 
ticagrelor with strong CYP3A inhibitors, particularly COBI and RTV.  
• Clopidogrel, vorapaxar:  Do not coadminister.  
• Prasugrel:  No dose adjustments"
RTV,17,"increased bleeding risk, do not use 
ticagrelor with strong CYP3A inhibitors, particularly COBI and RTV.  
• Clopidogrel, vorapaxar:  Do not coadminister.  
• Prasugrel:  No dose adjustments are neces"
COBI,17,"To avoid increased bleeding risk, do not use 
ticagrelor with strong CYP3A inhibitors, particularly COBI and RTV.  
• Clopidogrel, vorapaxar:  Do not coadminister.  
• Prasugrel:  No dose adjustments"
RTV,17,"increased bleeding risk, do not use 
ticagrelor with strong CYP3A inhibitors, particularly COBI and RTV.  
• Clopidogrel, vorapaxar:  Do not coadminister.  
• Prasugrel:  No dose adjustments are neces"
COBI,17,"To avoid increased bleeding risk, do not use 
ticagrelor with strong CYP3A inhibitors, particularly COBI and RTV.  
• Clopidogrel, vorapaxar:  Do not coadminister.  
• Prasugrel:  No dose adjustments"
RTV,17,"increased bleeding risk, do not use 
ticagrelor with strong CYP3A inhibitors, particularly COBI and RTV.  
• Clopidogrel, vorapaxar:  Do not coadminister.  
• Prasugrel:  No dose adjustments are neces"
ATV,17,"lines.org  
 
 
MEDICAL CARE CRITERIA COMMITTEE OCTOBER 7 , 2025 17 
 
Table 3: Boosted Atazanavir (ATV) Interactions  (also see prescribing information) 
Class or Drug  Mechanism of Action  Clinical"
ATV,18,"lines.org  
 
 
MEDICAL CARE CRITERIA COMMITTEE OCTOBER 7 , 2025 18 
 
Table 3: Boosted Atazanavir (ATV) Interactions  (also see prescribing information) 
Class or Drug  Mechanism of Action  Clinical"
ATV,18,"lines.org  
 
 
MEDICAL CARE CRITERIA COMMITTEE OCTOBER 7 , 2025 18 
 
Table 3: Boosted Atazanavir (ATV) Interactions  (also see prescribing information) 
Class or Drug  Mechanism of Action  Clinical"
RTV,18,"Boosted PIs may moderately increase haloperidol 
concentrations. 
• Aripiprazole, brexpiprazole:  RTV-boosted PIs may increase 
aripiprazole and brexpiprazole levels. 
• Risperidone: Boosted PIs may"
ATV,18,"lines.org  
 
 
MEDICAL CARE CRITERIA COMMITTEE OCTOBER 7 , 2025 18 
 
Table 3: Boosted Atazanavir (ATV) Interactions  (also see prescribing information) 
Class or Drug  Mechanism of Action  Clinical"
ATV,19,"lines.org  
 
 
MEDICAL CARE CRITERIA COMMITTEE OCTOBER 7 , 2025 19 
 
Table 3: Boosted Atazanavir (ATV) Interactions  (also see prescribing information) 
Class or Drug  Mechanism of Action  Clinical"
ATV,19,"lines.org  
 
 
MEDICAL CARE CRITERIA COMMITTEE OCTOBER 7 , 2025 19 
 
Table 3: Boosted Atazanavir (ATV) Interactions  (also see prescribing information) 
Class or Drug  Mechanism of Action  Clinical"
ETR,19,"ibit daclatasvir metabolism via CYP3A4.  Decrease daclatasvir dose to 30  mg per day.  
Etravirine (ETR)  
[Orrell, et al. 2015]  • ETR is a substrate and inducer of CYP3A4.  
• COBI and ATV are subst"
ETR,19,"ibit daclatasvir metabolism via CYP3A4.  Decrease daclatasvir dose to 30  mg per day.  
Etravirine (ETR)  
[Orrell, et al. 2015]  • ETR is a substrate and inducer of CYP3A4.  
• COBI and ATV are subst"
COBI,19,"er day.  
Etravirine (ETR)  
[Orrell, et al. 2015]  • ETR is a substrate and inducer of CYP3A4.  
• COBI and ATV are substrates and inhibitors of CYP3A4.  • Administration with RTV -boosted ATV result"
ATV,19,"lines.org  
 
 
MEDICAL CARE CRITERIA COMMITTEE OCTOBER 7 , 2025 19 
 
Table 3: Boosted Atazanavir (ATV) Interactions  (also see prescribing information) 
Class or Drug  Mechanism of Action  Clinical"
RTV,19,"inducer of CYP3A4.  
• COBI and ATV are substrates and inhibitors of CYP3A4.  • Administration with RTV -boosted ATV results in decreases in 
ATV exposure, but decrease is not considered relevant; no"
ATV,19,"lines.org  
 
 
MEDICAL CARE CRITERIA COMMITTEE OCTOBER 7 , 2025 19 
 
Table 3: Boosted Atazanavir (ATV) Interactions  (also see prescribing information) 
Class or Drug  Mechanism of Action  Clinical"
ATV,19,"lines.org  
 
 
MEDICAL CARE CRITERIA COMMITTEE OCTOBER 7 , 2025 19 
 
Table 3: Boosted Atazanavir (ATV) Interactions  (also see prescribing information) 
Class or Drug  Mechanism of Action  Clinical"
ETR,19,"ibit daclatasvir metabolism via CYP3A4.  Decrease daclatasvir dose to 30  mg per day.  
Etravirine (ETR)  
[Orrell, et al. 2015]  • ETR is a substrate and inducer of CYP3A4.  
• COBI and ATV are subst"
COBI,19,"er day.  
Etravirine (ETR)  
[Orrell, et al. 2015]  • ETR is a substrate and inducer of CYP3A4.  
• COBI and ATV are substrates and inhibitors of CYP3A4.  • Administration with RTV -boosted ATV result"
COBI,19,"er day.  
Etravirine (ETR)  
[Orrell, et al. 2015]  • ETR is a substrate and inducer of CYP3A4.  
• COBI and ATV are substrates and inhibitors of CYP3A4.  • Administration with RTV -boosted ATV result"
ETR,19,"ibit daclatasvir metabolism via CYP3A4.  Decrease daclatasvir dose to 30  mg per day.  
Etravirine (ETR)  
[Orrell, et al. 2015]  • ETR is a substrate and inducer of CYP3A4.  
• COBI and ATV are subst"
ATV,19,"lines.org  
 
 
MEDICAL CARE CRITERIA COMMITTEE OCTOBER 7 , 2025 19 
 
Table 3: Boosted Atazanavir (ATV) Interactions  (also see prescribing information) 
Class or Drug  Mechanism of Action  Clinical"
ETR,19,"ibit daclatasvir metabolism via CYP3A4.  Decrease daclatasvir dose to 30  mg per day.  
Etravirine (ETR)  
[Orrell, et al. 2015]  • ETR is a substrate and inducer of CYP3A4.  
• COBI and ATV are subst"
ATV,19,"lines.org  
 
 
MEDICAL CARE CRITERIA COMMITTEE OCTOBER 7 , 2025 19 
 
Table 3: Boosted Atazanavir (ATV) Interactions  (also see prescribing information) 
Class or Drug  Mechanism of Action  Clinical"
ATV,19,"lines.org  
 
 
MEDICAL CARE CRITERIA COMMITTEE OCTOBER 7 , 2025 19 
 
Table 3: Boosted Atazanavir (ATV) Interactions  (also see prescribing information) 
Class or Drug  Mechanism of Action  Clinical"
LEN,19,"oosted ATV. ETR with unboosted ATV results in significant decreases in ATV exposure.  
Lenacapavir (LEN)  CYP3A4 and P -gP inhibition potentially increases LEN levels.  Do not coadminister.  
Sleep me"
LEN,19,"oosted ATV. ETR with unboosted ATV results in significant decreases in ATV exposure.  
Lenacapavir (LEN)  CYP3A4 and P -gP inhibition potentially increases LEN levels.  Do not coadminister.  
Sleep me"
COBI,19,"er day.  
Etravirine (ETR)  
[Orrell, et al. 2015]  • ETR is a substrate and inducer of CYP3A4.  
• COBI and ATV are substrates and inhibitors of CYP3A4.  • Administration with RTV -boosted ATV result"
RTV,19,"inducer of CYP3A4.  
• COBI and ATV are substrates and inhibitors of CYP3A4.  • Administration with RTV -boosted ATV results in decreases in 
ATV exposure, but decrease is not considered relevant; no"
ATV,20,"lines.org  
 
 
MEDICAL CARE CRITERIA COMMITTEE OCTOBER 7 , 2025 20 
 
Table 3: Boosted Atazanavir (ATV) Interactions  (also see prescribing information) 
Class or Drug  Mechanism of Action  Clinical"
RTV,20,"abolized by CYP3A; thus, boosted PIs will 
increase concentrations of this drug.  
• Dipyridamole:  RTV-boosted PIs may induce UGT enzymes, 
which are responsible for metabolism of dipyridamole (not"
COBI,20,"d PIs may induce UGT enzymes, 
which are responsible for metabolism of dipyridamole (not 
seen with COBI).  • Cilostazol:  Monitor for antiplatelet effect; may be necessary to 
use alternative antipla"
COBI,20,"d PIs may induce UGT enzymes, 
which are responsible for metabolism of dipyridamole (not 
seen with COBI).  • Cilostazol:  Monitor for antiplatelet effect; may be necessary to 
use alternative antipla"
COBI,20,"d PIs may induce UGT enzymes, 
which are responsible for metabolism of dipyridamole (not 
seen with COBI).  • Cilostazol:  Monitor for antiplatelet effect; may be necessary to 
use alternative antipla"
RTV,20,"abolized by CYP3A; thus, boosted PIs will 
increase concentrations of this drug.  
• Dipyridamole:  RTV-boosted PIs may induce UGT enzymes, 
which are responsible for metabolism of dipyridamole (not"
COBI,20,"d PIs may induce UGT enzymes, 
which are responsible for metabolism of dipyridamole (not 
seen with COBI).  • Cilostazol:  Monitor for antiplatelet effect; may be necessary to 
use alternative antipla"
ATV,20,"lines.org  
 
 
MEDICAL CARE CRITERIA COMMITTEE OCTOBER 7 , 2025 20 
 
Table 3: Boosted Atazanavir (ATV) Interactions  (also see prescribing information) 
Class or Drug  Mechanism of Action  Clinical"
ATV,21,"lines.org  
 
 
MEDICAL CARE CRITERIA COMMITTEE OCTOBER 7 , 2025 21 
 
Table 3: Boosted Atazanavir (ATV) Interactions  (also see prescribing information) 
Class or Drug  Mechanism of Action  Clinical"
COBI,21,"potent active metabolite seen when 
tramadol is metabolized by CYP2D6.  When tramadol is given with COBI or RTV, monitoring for 
tramadol- related adverse effects and analgesic effect may be 
required"
RTV,21,"ctive metabolite seen when 
tramadol is metabolized by CYP2D6.  When tramadol is given with COBI or RTV, monitoring for 
tramadol- related adverse effects and analgesic effect may be 
required as clin"
RTV,21,"ctive metabolite seen when 
tramadol is metabolized by CYP2D6.  When tramadol is given with COBI or RTV, monitoring for 
tramadol- related adverse effects and analgesic effect may be 
required as clin"
COBI,21,"potent active metabolite seen when 
tramadol is metabolized by CYP2D6.  When tramadol is given with COBI or RTV, monitoring for 
tramadol- related adverse effects and analgesic effect may be 
required"
COBI,21,"potent active metabolite seen when 
tramadol is metabolized by CYP2D6.  When tramadol is given with COBI or RTV, monitoring for 
tramadol- related adverse effects and analgesic effect may be 
required"
RTV,21,"ctive metabolite seen when 
tramadol is metabolized by CYP2D6.  When tramadol is given with COBI or RTV, monitoring for 
tramadol- related adverse effects and analgesic effect may be 
required as clin"
COBI,21,"potent active metabolite seen when 
tramadol is metabolized by CYP2D6.  When tramadol is given with COBI or RTV, monitoring for 
tramadol- related adverse effects and analgesic effect may be 
required"
RTV,21,"ctive metabolite seen when 
tramadol is metabolized by CYP2D6.  When tramadol is given with COBI or RTV, monitoring for 
tramadol- related adverse effects and analgesic effect may be 
required as clin"
COBI,21,"potent active metabolite seen when 
tramadol is metabolized by CYP2D6.  When tramadol is given with COBI or RTV, monitoring for 
tramadol- related adverse effects and analgesic effect may be 
required"
ATV,22,"lines.org  
 
 
MEDICAL CARE CRITERIA COMMITTEE OCTOBER 7 , 2025 22 
 
Table 3: Boosted Atazanavir (ATV) Interactions  (also see prescribing information) 
Class or Drug  Mechanism of Action  Clinical"
RTV,22,"l antibodies  do not affect 
CYP450, P -gP, or other drug metabolism transporters.  
• Nirmatrelvir/RTV: Inhibition of CYP3A4, P -gP, and other 
transporters may increase plasma concentrations of othe"
RTV,22,"l antibodies  do not affect 
CYP450, P -gP, or other drug metabolism transporters.  
• Nirmatrelvir/RTV: Inhibition of CYP3A4, P -gP, and other 
transporters may increase plasma concentrations of othe"
RTV,22,"l antibodies  do not affect 
CYP450, P -gP, or other drug metabolism transporters.  
• Nirmatrelvir/RTV: Inhibition of CYP3A4, P -gP, and other 
transporters may increase plasma concentrations of othe"
COBI,22,"monoclonal antibodies: Drug interactions are 
unlikely.  
• Nirmatrelvir/RTV: Patients on RTV - or COBI -containing 
regimens should continue treatment for COVID- 19 and HIV as 
indicated without adj"
RTV,22,"l antibodies  do not affect 
CYP450, P -gP, or other drug metabolism transporters.  
• Nirmatrelvir/RTV: Inhibition of CYP3A4, P -gP, and other 
transporters may increase plasma concentrations of othe"
RTV,22,"l antibodies  do not affect 
CYP450, P -gP, or other drug metabolism transporters.  
• Nirmatrelvir/RTV: Inhibition of CYP3A4, P -gP, and other 
transporters may increase plasma concentrations of othe"
COBI,22,"monoclonal antibodies: Drug interactions are 
unlikely.  
• Nirmatrelvir/RTV: Patients on RTV - or COBI -containing 
regimens should continue treatment for COVID- 19 and HIV as 
indicated without adj"
COBI,22,"monoclonal antibodies: Drug interactions are 
unlikely.  
• Nirmatrelvir/RTV: Patients on RTV - or COBI -containing 
regimens should continue treatment for COVID- 19 and HIV as 
indicated without adj"
EVG,22,"P, 
cytochrome P450; DHHS, U.S. Department of Health and Human Services; DVT, deep vein thrombosis; EVG, elvitegravir; GFR, glome rular filtration rate; GI, gastrointestinal; GLP- 1, 
glucagon -like p"
RTV,22,"l antibodies  do not affect 
CYP450, P -gP, or other drug metabolism transporters.  
• Nirmatrelvir/RTV: Inhibition of CYP3A4, P -gP, and other 
transporters may increase plasma concentrations of othe"
DRV,23,"elines.org  
 
 
MEDICAL CARE CRITERIA COMMITTEE OCTOBER 7 , 2025 23 
 
Table 4: Boosted Darunavir (DRV) Interactions  (also see prescribing information) 
Class or Drug  Mechanism of Action  Clinical"
DRV,23,"elines.org  
 
 
MEDICAL CARE CRITERIA COMMITTEE OCTOBER 7 , 2025 23 
 
Table 4: Boosted Darunavir (DRV) Interactions  (also see prescribing information) 
Class or Drug  Mechanism of Action  Clinical"
COBI,23,"4, CYP2D6, 
OATP1B1, and drug transporter P -gP; boosted DRV greatly 
increases concentrations.  
• COBI inhibits CYP3A4, CYP2D6, OATP1B1, and P -gP. • Concomitant use is contraindicated due to potent"
DRV,23,"elines.org  
 
 
MEDICAL CARE CRITERIA COMMITTEE OCTOBER 7 , 2025 23 
 
Table 4: Boosted Darunavir (DRV) Interactions  (also see prescribing information) 
Class or Drug  Mechanism of Action  Clinical"
DRV,23,"elines.org  
 
 
MEDICAL CARE CRITERIA COMMITTEE OCTOBER 7 , 2025 23 
 
Table 4: Boosted Darunavir (DRV) Interactions  (also see prescribing information) 
Class or Drug  Mechanism of Action  Clinical"
COBI,23,"4, CYP2D6, 
OATP1B1, and drug transporter P -gP; boosted DRV greatly 
increases concentrations.  
• COBI inhibits CYP3A4, CYP2D6, OATP1B1, and P -gP. • Concomitant use is contraindicated due to potent"
RTV,23,"vastatin levels are significantly 
increased.  
• Pravastatin is an OATP1B1 substrate.  
• COBI and RTV may modestly inhibit OATP1B1.  
• Although moderate increases are possible, low doses are 
consi"
DRV,23,"elines.org  
 
 
MEDICAL CARE CRITERIA COMMITTEE OCTOBER 7 , 2025 23 
 
Table 4: Boosted Darunavir (DRV) Interactions  (also see prescribing information) 
Class or Drug  Mechanism of Action  Clinical"
DRV,23,"elines.org  
 
 
MEDICAL CARE CRITERIA COMMITTEE OCTOBER 7 , 2025 23 
 
Table 4: Boosted Darunavir (DRV) Interactions  (also see prescribing information) 
Class or Drug  Mechanism of Action  Clinical"
RTV,23,"vastatin levels are significantly 
increased.  
• Pravastatin is an OATP1B1 substrate.  
• COBI and RTV may modestly inhibit OATP1B1.  
• Although moderate increases are possible, low doses are 
consi"
DRV,23,"elines.org  
 
 
MEDICAL CARE CRITERIA COMMITTEE OCTOBER 7 , 2025 23 
 
Table 4: Boosted Darunavir (DRV) Interactions  (also see prescribing information) 
Class or Drug  Mechanism of Action  Clinical"
DRV,23,"elines.org  
 
 
MEDICAL CARE CRITERIA COMMITTEE OCTOBER 7 , 2025 23 
 
Table 4: Boosted Darunavir (DRV) Interactions  (also see prescribing information) 
Class or Drug  Mechanism of Action  Clinical"
RTV,23,"vastatin levels are significantly 
increased.  
• Pravastatin is an OATP1B1 substrate.  
• COBI and RTV may modestly inhibit OATP1B1.  
• Although moderate increases are possible, low doses are 
consi"
DRV,23,"elines.org  
 
 
MEDICAL CARE CRITERIA COMMITTEE OCTOBER 7 , 2025 23 
 
Table 4: Boosted Darunavir (DRV) Interactions  (also see prescribing information) 
Class or Drug  Mechanism of Action  Clinical"
COBI,23,"4, CYP2D6, 
OATP1B1, and drug transporter P -gP; boosted DRV greatly 
increases concentrations.  
• COBI inhibits CYP3A4, CYP2D6, OATP1B1, and P -gP. • Concomitant use is contraindicated due to potent"
DRV,23,"elines.org  
 
 
MEDICAL CARE CRITERIA COMMITTEE OCTOBER 7 , 2025 23 
 
Table 4: Boosted Darunavir (DRV) Interactions  (also see prescribing information) 
Class or Drug  Mechanism of Action  Clinical"
ATV,23,". 2014]  • Boosted PIs inhibit most factor Xa inhibitors (except dabigatran) via CYP3A or P -gP. 
• ATV is a minor inhibitor of CYP2C8.  
• RTV and COBI inhibit P -gP. 
• Apixaban is a substrate of CY"
RTV,23,"vastatin levels are significantly 
increased.  
• Pravastatin is an OATP1B1 substrate.  
• COBI and RTV may modestly inhibit OATP1B1.  
• Although moderate increases are possible, low doses are 
consi"
COBI,23,"4, CYP2D6, 
OATP1B1, and drug transporter P -gP; boosted DRV greatly 
increases concentrations.  
• COBI inhibits CYP3A4, CYP2D6, OATP1B1, and P -gP. • Concomitant use is contraindicated due to potent"
RTV,23,"vastatin levels are significantly 
increased.  
• Pravastatin is an OATP1B1 substrate.  
• COBI and RTV may modestly inhibit OATP1B1.  
• Although moderate increases are possible, low doses are 
consi"
COBI,23,"4, CYP2D6, 
OATP1B1, and drug transporter P -gP; boosted DRV greatly 
increases concentrations.  
• COBI inhibits CYP3A4, CYP2D6, OATP1B1, and P -gP. • Concomitant use is contraindicated due to potent"
DRV,24,"elines.org  
 
 
MEDICAL CARE CRITERIA COMMITTEE OCTOBER 7 , 2025 24 
 
Table 4: Boosted Darunavir (DRV) Interactions  (also see prescribing information) 
Class or Drug  Mechanism of Action  Clinical"
RTV,24,"abolized by CYP3A; thus, boosted PIs will 
increase concentrations of this drug.  
• Dipyridamole:  RTV-boosted PIs may induce UGT enzymes, 
which are responsible for metabolism of dipyridamole (not"
COBI,24,"d PIs may induce UGT enzymes, 
which are responsible for metabolism of dipyridamole (not 
seen with COBI).  
• Ticagrelor:  Strong CYP3A4 inhibitors may increase ticagrelor 
exposure.  
• Clopidogrel:"
DRV,24,"elines.org  
 
 
MEDICAL CARE CRITERIA COMMITTEE OCTOBER 7 , 2025 24 
 
Table 4: Boosted Darunavir (DRV) Interactions  (also see prescribing information) 
Class or Drug  Mechanism of Action  Clinical"
DRV,24,"elines.org  
 
 
MEDICAL CARE CRITERIA COMMITTEE OCTOBER 7 , 2025 24 
 
Table 4: Boosted Darunavir (DRV) Interactions  (also see prescribing information) 
Class or Drug  Mechanism of Action  Clinical"
COBI,24,"d PIs may induce UGT enzymes, 
which are responsible for metabolism of dipyridamole (not 
seen with COBI).  
• Ticagrelor:  Strong CYP3A4 inhibitors may increase ticagrelor 
exposure.  
• Clopidogrel:"
COBI,24,"d PIs may induce UGT enzymes, 
which are responsible for metabolism of dipyridamole (not 
seen with COBI).  
• Ticagrelor:  Strong CYP3A4 inhibitors may increase ticagrelor 
exposure.  
• Clopidogrel:"
RTV,24,"abolized by CYP3A; thus, boosted PIs will 
increase concentrations of this drug.  
• Dipyridamole:  RTV-boosted PIs may induce UGT enzymes, 
which are responsible for metabolism of dipyridamole (not"
DRV,24,"elines.org  
 
 
MEDICAL CARE CRITERIA COMMITTEE OCTOBER 7 , 2025 24 
 
Table 4: Boosted Darunavir (DRV) Interactions  (also see prescribing information) 
Class or Drug  Mechanism of Action  Clinical"
COBI,24,"d PIs may induce UGT enzymes, 
which are responsible for metabolism of dipyridamole (not 
seen with COBI).  
• Ticagrelor:  Strong CYP3A4 inhibitors may increase ticagrelor 
exposure.  
• Clopidogrel:"
RTV,24,"abolized by CYP3A; thus, boosted PIs will 
increase concentrations of this drug.  
• Dipyridamole:  RTV-boosted PIs may induce UGT enzymes, 
which are responsible for metabolism of dipyridamole (not"
COBI,24,"d PIs may induce UGT enzymes, 
which are responsible for metabolism of dipyridamole (not 
seen with COBI).  
• Ticagrelor:  Strong CYP3A4 inhibitors may increase ticagrelor 
exposure.  
• Clopidogrel:"
RTV,24,"abolized by CYP3A; thus, boosted PIs will 
increase concentrations of this drug.  
• Dipyridamole:  RTV-boosted PIs may induce UGT enzymes, 
which are responsible for metabolism of dipyridamole (not"
COBI,24,"d PIs may induce UGT enzymes, 
which are responsible for metabolism of dipyridamole (not 
seen with COBI).  
• Ticagrelor:  Strong CYP3A4 inhibitors may increase ticagrelor 
exposure.  
• Clopidogrel:"
RTV,24,"abolized by CYP3A; thus, boosted PIs will 
increase concentrations of this drug.  
• Dipyridamole:  RTV-boosted PIs may induce UGT enzymes, 
which are responsible for metabolism of dipyridamole (not"
DRV,25,"elines.org  
 
 
MEDICAL CARE CRITERIA COMMITTEE OCTOBER 7 , 2025 25 
 
Table 4: Boosted Darunavir (DRV) Interactions  (also see prescribing information) 
Class or Drug  Mechanism of Action  Clinical"
DRV,25,"elines.org  
 
 
MEDICAL CARE CRITERIA COMMITTEE OCTOBER 7 , 2025 25 
 
Table 4: Boosted Darunavir (DRV) Interactions  (also see prescribing information) 
Class or Drug  Mechanism of Action  Clinical"
COBI,25,"to avoid increased risk of hyperkalemia 
and hypotension.  
Antidiabetic medications  • Metformin:  COBI is known to inhibit MATE1, which is involved 
in metformin elimination, thus increasing metform"
RTV,25,"rate of CYP3A ; levels may be increased  by 
CYP3A4 inhibitors . 
• Canagliflozin , bexagliflozin : RTV induces UGT and may 
decrease concentrations; no significant interactions are 
expected  with CO"
COBI,25,"to avoid increased risk of hyperkalemia 
and hypotension.  
Antidiabetic medications  • Metformin:  COBI is known to inhibit MATE1, which is involved 
in metformin elimination, thus increasing metform"
DRV,25,"elines.org  
 
 
MEDICAL CARE CRITERIA COMMITTEE OCTOBER 7 , 2025 25 
 
Table 4: Boosted Darunavir (DRV) Interactions  (also see prescribing information) 
Class or Drug  Mechanism of Action  Clinical"
DRV,26,"elines.org  
 
 
MEDICAL CARE CRITERIA COMMITTEE OCTOBER 7 , 2025 26 
 
Table 4: Boosted Darunavir (DRV) Interactions  (also see prescribing information) 
Class or Drug  Mechanism of Action  Clinical"
RTV,26,": Boosted PIs may moderately increase haloperidol 
concentrations. 
• Aripiprazole, brexpiprazole:  RTV-boosted PIs may increase 
aripiprazole and brexpiprazole levels.  
• Risperidone: Boosted PIs ma"
DRV,26,"elines.org  
 
 
MEDICAL CARE CRITERIA COMMITTEE OCTOBER 7 , 2025 26 
 
Table 4: Boosted Darunavir (DRV) Interactions  (also see prescribing information) 
Class or Drug  Mechanism of Action  Clinical"
DRV,27,"elines.org  
 
 
MEDICAL CARE CRITERIA COMMITTEE OCTOBER 7 , 2025 27 
 
Table 4: Boosted Darunavir (DRV) Interactions  (also see prescribing information) 
Class or Drug  Mechanism of Action  Clinical"
COBI,27,"CYP3A4.  Decrease daclatasvir dose to 30  mg per day.  
Sleep medications  
[Kishi, et al. 2015]  • COBI inhibits CYP3A.  
• Suvorexant  is a substrate of CYP3A.  
• Zolpidem, suvorexant:  Boosted PIs"
RTV,27,"dem, suvorexant:  Boosted PIs may increase zolpidem and 
suvorexant concentrations.  
• Ramelteon:  RTV-boosted PIs may reduce ramelteon efficacy.  • Zolpidem:  Administer lowest effective dose; monit"
DRV,27,"elines.org  
 
 
MEDICAL CARE CRITERIA COMMITTEE OCTOBER 7 , 2025 27 
 
Table 4: Boosted Darunavir (DRV) Interactions  (also see prescribing information) 
Class or Drug  Mechanism of Action  Clinical"
DRV,28,"elines.org  
 
 
MEDICAL CARE CRITERIA COMMITTEE OCTOBER 7 , 2025 28 
 
Table 4: Boosted Darunavir (DRV) Interactions  (also see prescribing information) 
Class or Drug  Mechanism of Action  Clinical"
COBI,28,"potent active metabolite seen when 
tramadol is metabolized by CYP2D6.  When tramadol is given with COBI or RTV, monitoring for 
tramadol- related adverse effects and analgesic effect may be 
required"
RTV,28,"ctive metabolite seen when 
tramadol is metabolized by CYP2D6.  When tramadol is given with COBI or RTV, monitoring for 
tramadol- related adverse effects and analgesic effect may be 
required as clin"
RTV,28,"ctive metabolite seen when 
tramadol is metabolized by CYP2D6.  When tramadol is given with COBI or RTV, monitoring for 
tramadol- related adverse effects and analgesic effect may be 
required as clin"
DRV,28,"elines.org  
 
 
MEDICAL CARE CRITERIA COMMITTEE OCTOBER 7 , 2025 28 
 
Table 4: Boosted Darunavir (DRV) Interactions  (also see prescribing information) 
Class or Drug  Mechanism of Action  Clinical"
COBI,28,"potent active metabolite seen when 
tramadol is metabolized by CYP2D6.  When tramadol is given with COBI or RTV, monitoring for 
tramadol- related adverse effects and analgesic effect may be 
required"
DRV,28,"elines.org  
 
 
MEDICAL CARE CRITERIA COMMITTEE OCTOBER 7 , 2025 28 
 
Table 4: Boosted Darunavir (DRV) Interactions  (also see prescribing information) 
Class or Drug  Mechanism of Action  Clinical"
COBI,28,"potent active metabolite seen when 
tramadol is metabolized by CYP2D6.  When tramadol is given with COBI or RTV, monitoring for 
tramadol- related adverse effects and analgesic effect may be 
required"
RTV,28,"ctive metabolite seen when 
tramadol is metabolized by CYP2D6.  When tramadol is given with COBI or RTV, monitoring for 
tramadol- related adverse effects and analgesic effect may be 
required as clin"
COBI,28,"potent active metabolite seen when 
tramadol is metabolized by CYP2D6.  When tramadol is given with COBI or RTV, monitoring for 
tramadol- related adverse effects and analgesic effect may be 
required"
DRV,28,"elines.org  
 
 
MEDICAL CARE CRITERIA COMMITTEE OCTOBER 7 , 2025 28 
 
Table 4: Boosted Darunavir (DRV) Interactions  (also see prescribing information) 
Class or Drug  Mechanism of Action  Clinical"
COBI,28,"potent active metabolite seen when 
tramadol is metabolized by CYP2D6.  When tramadol is given with COBI or RTV, monitoring for 
tramadol- related adverse effects and analgesic effect may be 
required"
RTV,28,"ctive metabolite seen when 
tramadol is metabolized by CYP2D6.  When tramadol is given with COBI or RTV, monitoring for 
tramadol- related adverse effects and analgesic effect may be 
required as clin"
DRV,28,"elines.org  
 
 
MEDICAL CARE CRITERIA COMMITTEE OCTOBER 7 , 2025 28 
 
Table 4: Boosted Darunavir (DRV) Interactions  (also see prescribing information) 
Class or Drug  Mechanism of Action  Clinical"
RTV,28,"ctive metabolite seen when 
tramadol is metabolized by CYP2D6.  When tramadol is given with COBI or RTV, monitoring for 
tramadol- related adverse effects and analgesic effect may be 
required as clin"
DRV,28,"elines.org  
 
 
MEDICAL CARE CRITERIA COMMITTEE OCTOBER 7 , 2025 28 
 
Table 4: Boosted Darunavir (DRV) Interactions  (also see prescribing information) 
Class or Drug  Mechanism of Action  Clinical"
COBI,28,"potent active metabolite seen when 
tramadol is metabolized by CYP2D6.  When tramadol is given with COBI or RTV, monitoring for 
tramadol- related adverse effects and analgesic effect may be 
required"
DRV,28,"elines.org  
 
 
MEDICAL CARE CRITERIA COMMITTEE OCTOBER 7 , 2025 28 
 
Table 4: Boosted Darunavir (DRV) Interactions  (also see prescribing information) 
Class or Drug  Mechanism of Action  Clinical"
RTV,28,"ctive metabolite seen when 
tramadol is metabolized by CYP2D6.  When tramadol is given with COBI or RTV, monitoring for 
tramadol- related adverse effects and analgesic effect may be 
required as clin"
DRV,28,"elines.org  
 
 
MEDICAL CARE CRITERIA COMMITTEE OCTOBER 7 , 2025 28 
 
Table 4: Boosted Darunavir (DRV) Interactions  (also see prescribing information) 
Class or Drug  Mechanism of Action  Clinical"
DRV,28,"elines.org  
 
 
MEDICAL CARE CRITERIA COMMITTEE OCTOBER 7 , 2025 28 
 
Table 4: Boosted Darunavir (DRV) Interactions  (also see prescribing information) 
Class or Drug  Mechanism of Action  Clinical"
RTV,28,"ctive metabolite seen when 
tramadol is metabolized by CYP2D6.  When tramadol is given with COBI or RTV, monitoring for 
tramadol- related adverse effects and analgesic effect may be 
required as clin"
COBI,28,"potent active metabolite seen when 
tramadol is metabolized by CYP2D6.  When tramadol is given with COBI or RTV, monitoring for 
tramadol- related adverse effects and analgesic effect may be 
required"
DRV,29,"elines.org  
 
 
MEDICAL CARE CRITERIA COMMITTEE OCTOBER 7 , 2025 29 
 
Table 4: Boosted Darunavir (DRV) Interactions  (also see prescribing information) 
Class or Drug  Mechanism of Action  Clinical"
RTV,29,"l antibodies  do not affect 
CYP450, P -gP, or other drug metabolism transporters.  
• Nirmatrelvir/RTV: Inhibition of CYP3A4, P -gP, and other 
transporters may increase plasma concentrations of othe"
RTV,29,"l antibodies  do not affect 
CYP450, P -gP, or other drug metabolism transporters.  
• Nirmatrelvir/RTV: Inhibition of CYP3A4, P -gP, and other 
transporters may increase plasma concentrations of othe"
RTV,29,"l antibodies  do not affect 
CYP450, P -gP, or other drug metabolism transporters.  
• Nirmatrelvir/RTV: Inhibition of CYP3A4, P -gP, and other 
transporters may increase plasma concentrations of othe"
COBI,29,"monoclonal antibodies: Drug interactions are 
unlikely.  
• Nirmatrelvir/RTV: Patients on RTV - or COBI -containing 
regimens should continue treatment for COVID- 19 and HIV as 
indicated without adj"
RTV,29,"l antibodies  do not affect 
CYP450, P -gP, or other drug metabolism transporters.  
• Nirmatrelvir/RTV: Inhibition of CYP3A4, P -gP, and other 
transporters may increase plasma concentrations of othe"
RTV,29,"l antibodies  do not affect 
CYP450, P -gP, or other drug metabolism transporters.  
• Nirmatrelvir/RTV: Inhibition of CYP3A4, P -gP, and other 
transporters may increase plasma concentrations of othe"
COBI,29,"monoclonal antibodies: Drug interactions are 
unlikely.  
• Nirmatrelvir/RTV: Patients on RTV - or COBI -containing 
regimens should continue treatment for COVID- 19 and HIV as 
indicated without adj"
BIC,29,"yperactivity disorder; ART, antiretroviral therapy; ARV, antiretroviral; AUC, area under the curve; BIC, bictegravir ; COBI, cobicistat; CrCl, creatinine 
clearance; CYP, cytochrome P450; DHHS, U.S. D"
COBI,29,"monoclonal antibodies: Drug interactions are 
unlikely.  
• Nirmatrelvir/RTV: Patients on RTV - or COBI -containing 
regimens should continue treatment for COVID- 19 and HIV as 
indicated without adj"
DTG,29,"l, creatinine 
clearance; CYP, cytochrome P450; DHHS, U.S. Department of Health and Human Services; DTG, dolutegravir; DVT, deep vein thrombosis; GFR, glomerular filtration rate; GI, gastrointestinal;"
RTV,29,"l antibodies  do not affect 
CYP450, P -gP, or other drug metabolism transporters.  
• Nirmatrelvir/RTV: Inhibition of CYP3A4, P -gP, and other 
transporters may increase plasma concentrations of othe"
BIC,30,"MITTEE OCTOBER 7 , 2025 30 
 
Integrase Strand Transfer Inhibitors (INSTIs)  
Table 5: Bictegravir (BIC) Interactions (also see prescribing information)  
Class or Drug  Mechanism of Action  Clinical"
BIC,30,"MITTEE OCTOBER 7 , 2025 30 
 
Integrase Strand Transfer Inhibitors (INSTIs)  
Table 5: Bictegravir (BIC) Interactions (also see prescribing information)  
Class or Drug  Mechanism of Action  Clinical"
BIC,30,"MITTEE OCTOBER 7 , 2025 30 
 
Integrase Strand Transfer Inhibitors (INSTIs)  
Table 5: Bictegravir (BIC) Interactions (also see prescribing information)  
Class or Drug  Mechanism of Action  Clinical"
BIC,30,"MITTEE OCTOBER 7 , 2025 30 
 
Integrase Strand Transfer Inhibitors (INSTIs)  
Table 5: Bictegravir (BIC) Interactions (also see prescribing information)  
Class or Drug  Mechanism of Action  Clinical"
BIC,30,"MITTEE OCTOBER 7 , 2025 30 
 
Integrase Strand Transfer Inhibitors (INSTIs)  
Table 5: Bictegravir (BIC) Interactions (also see prescribing information)  
Class or Drug  Mechanism of Action  Clinical"
BIC,30,"MITTEE OCTOBER 7 , 2025 30 
 
Integrase Strand Transfer Inhibitors (INSTIs)  
Table 5: Bictegravir (BIC) Interactions (also see prescribing information)  
Class or Drug  Mechanism of Action  Clinical"
BIC,30,"MITTEE OCTOBER 7 , 2025 30 
 
Integrase Strand Transfer Inhibitors (INSTIs)  
Table 5: Bictegravir (BIC) Interactions (also see prescribing information)  
Class or Drug  Mechanism of Action  Clinical"
BIC,30,"MITTEE OCTOBER 7 , 2025 30 
 
Integrase Strand Transfer Inhibitors (INSTIs)  
Table 5: Bictegravir (BIC) Interactions (also see prescribing information)  
Class or Drug  Mechanism of Action  Clinical"
BIC,30,"MITTEE OCTOBER 7 , 2025 30 
 
Integrase Strand Transfer Inhibitors (INSTIs)  
Table 5: Bictegravir (BIC) Interactions (also see prescribing information)  
Class or Drug  Mechanism of Action  Clinical"
BIC,30,"MITTEE OCTOBER 7 , 2025 30 
 
Integrase Strand Transfer Inhibitors (INSTIs)  
Table 5: Bictegravir (BIC) Interactions (also see prescribing information)  
Class or Drug  Mechanism of Action  Clinical"
BIC,30,"MITTEE OCTOBER 7 , 2025 30 
 
Integrase Strand Transfer Inhibitors (INSTIs)  
Table 5: Bictegravir (BIC) Interactions (also see prescribing information)  
Class or Drug  Mechanism of Action  Clinical"
BIC,30,"MITTEE OCTOBER 7 , 2025 30 
 
Integrase Strand Transfer Inhibitors (INSTIs)  
Table 5: Bictegravir (BIC) Interactions (also see prescribing information)  
Class or Drug  Mechanism of Action  Clinical"
BIC,30,"MITTEE OCTOBER 7 , 2025 30 
 
Integrase Strand Transfer Inhibitors (INSTIs)  
Table 5: Bictegravir (BIC) Interactions (also see prescribing information)  
Class or Drug  Mechanism of Action  Clinical"
BIC,30,"MITTEE OCTOBER 7 , 2025 30 
 
Integrase Strand Transfer Inhibitors (INSTIs)  
Table 5: Bictegravir (BIC) Interactions (also see prescribing information)  
Class or Drug  Mechanism of Action  Clinical"
BIC,30,"MITTEE OCTOBER 7 , 2025 30 
 
Integrase Strand Transfer Inhibitors (INSTIs)  
Table 5: Bictegravir (BIC) Interactions (also see prescribing information)  
Class or Drug  Mechanism of Action  Clinical"
RTV,30,"l antibodies  do not affect 
CYP450, P -gP, or other drug metabolism transporters.  
• Nirmatrelvir/RTV: Inhibition of CYP3A4, P -gP, and other 
transporters may increase plasma concentrations of othe"
RTV,30,"l antibodies  do not affect 
CYP450, P -gP, or other drug metabolism transporters.  
• Nirmatrelvir/RTV: Inhibition of CYP3A4, P -gP, and other 
transporters may increase plasma concentrations of othe"
BIC,30,"MITTEE OCTOBER 7 , 2025 30 
 
Integrase Strand Transfer Inhibitors (INSTIs)  
Table 5: Bictegravir (BIC) Interactions (also see prescribing information)  
Class or Drug  Mechanism of Action  Clinical"
DTG,30,"reviations:  3TC, lamivudine; ARV, antiretroviral; AUC, area under the curve; CYP, cytochrome P450; DTG, dolutegravir; FTC, emtricitabine;  INSTI, integrase strand transfer inhibitor; 
MATE, multidrug"
FTC,30,"amivudine; ARV, antiretroviral; AUC, area under the curve; CYP, cytochrome P450; DTG, dolutegravir; FTC, emtricitabine;  INSTI, integrase strand transfer inhibitor; 
MATE, multidrug and toxin extrusio"
RTV,30,"l antibodies  do not affect 
CYP450, P -gP, or other drug metabolism transporters.  
• Nirmatrelvir/RTV: Inhibition of CYP3A4, P -gP, and other 
transporters may increase plasma concentrations of othe"
TAF,30,"idrug and toxin extrusion; OCT, organic cation transporter; P -gP, P- glycoprotein; RTV, ritonavir; TAF, tenofovir alafenamide; TB, tuberculosis; TDF, tenofovir; TDM, therapeutic 
drug monitoring."
TDF,30,"transporter; P -gP, P- glycoprotein; RTV, ritonavir; TAF, tenofovir alafenamide; TB, tuberculosis; TDF, tenofovir; TDM, therapeutic 
drug monitoring."
BIC,31,"ivguidelines.org  
 
 
MEDICAL CARE CRITERIA COMMITTEE OCTOBER 7 , 2025 31 
 
Table 5: Bictegravir (BIC) Interactions (also see prescribing information)  
Class or Drug  Mechanism of Action  Clinical"
BIC,31,"ivguidelines.org  
 
 
MEDICAL CARE CRITERIA COMMITTEE OCTOBER 7 , 2025 31 
 
Table 5: Bictegravir (BIC) Interactions (also see prescribing information)  
Class or Drug  Mechanism of Action  Clinical"
TAF,31,"Class or Drug  Mechanism of Action  Clinical Comments  
Note:  
a. The INSIGHT study evaluated BIC/TAF/FTC given twice daily with rifampin for managing TB and showed viral suppression rates similar t"
FTC,31,"ss or Drug  Mechanism of Action  Clinical Comments  
Note:  
a. The INSIGHT study evaluated BIC/TAF/FTC given twice daily with rifampin for managing TB and showed viral suppression rates similar to DT"
DTG,31,"F/FTC given twice daily with rifampin for managing TB and showed viral suppression rates similar to DTG  given twice daily with TDF/3TC, with trough 
BIC C min and AUC significantly reduced. Biktarvy"
TDF,31,"rifampin for managing TB and showed viral suppression rates similar to DTG  given twice daily with TDF/3TC, with trough 
BIC C min and AUC significantly reduced. Biktarvy is contraindicated for coadm"
BIC,31,"ivguidelines.org  
 
 
MEDICAL CARE CRITERIA COMMITTEE OCTOBER 7 , 2025 31 
 
Table 5: Bictegravir (BIC) Interactions (also see prescribing information)  
Class or Drug  Mechanism of Action  Clinical"
CAB,31,"x 
treatments; gender -affirming hormones; ADHD medications and lithium.  
 
Table 6: Cabotegravir (CAB) Interactions (also see prescribing information)  
The combination CAB/RPV antiretroviral therap"
CAB,31,"x 
treatments; gender -affirming hormones; ADHD medications and lithium.  
 
Table 6: Cabotegravir (CAB) Interactions (also see prescribing information)  
The combination CAB/RPV antiretroviral therap"
RPV,31,"Table 6: Cabotegravir (CAB) Interactions (also see prescribing information)  
The combination CAB/RPV antiretroviral therapy regimen can be used during an oral medication lead -in period and then as"
RPV,31,"Table 6: Cabotegravir (CAB) Interactions (also see prescribing information)  
The combination CAB/RPV antiretroviral therapy regimen can be used during an oral medication lead -in period and then as"
CAB,31,"x 
treatments; gender -affirming hormones; ADHD medications and lithium.  
 
Table 6: Cabotegravir (CAB) Interactions (also see prescribing information)  
The combination CAB/RPV antiretroviral therap"
CAB,31,"x 
treatments; gender -affirming hormones; ADHD medications and lithium.  
 
Table 6: Cabotegravir (CAB) Interactions (also see prescribing information)  
The combination CAB/RPV antiretroviral therap"
CAB,31,"x 
treatments; gender -affirming hormones; ADHD medications and lithium.  
 
Table 6: Cabotegravir (CAB) Interactions (also see prescribing information)  
The combination CAB/RPV antiretroviral therap"
CAB,31,"x 
treatments; gender -affirming hormones; ADHD medications and lithium.  
 
Table 6: Cabotegravir (CAB) Interactions (also see prescribing information)  
The combination CAB/RPV antiretroviral therap"
CAB,31,"x 
treatments; gender -affirming hormones; ADHD medications and lithium.  
 
Table 6: Cabotegravir (CAB) Interactions (also see prescribing information)  
The combination CAB/RPV antiretroviral therap"
CAB,31,"x 
treatments; gender -affirming hormones; ADHD medications and lithium.  
 
Table 6: Cabotegravir (CAB) Interactions (also see prescribing information)  
The combination CAB/RPV antiretroviral therap"
CAB,31,"x 
treatments; gender -affirming hormones; ADHD medications and lithium.  
 
Table 6: Cabotegravir (CAB) Interactions (also see prescribing information)  
The combination CAB/RPV antiretroviral therap"
CAB,31,"x 
treatments; gender -affirming hormones; ADHD medications and lithium.  
 
Table 6: Cabotegravir (CAB) Interactions (also see prescribing information)  
The combination CAB/RPV antiretroviral therap"
CAB,31,"x 
treatments; gender -affirming hormones; ADHD medications and lithium.  
 
Table 6: Cabotegravir (CAB) Interactions (also see prescribing information)  
The combination CAB/RPV antiretroviral therap"
RPV,31,"Table 6: Cabotegravir (CAB) Interactions (also see prescribing information)  
The combination CAB/RPV antiretroviral therapy regimen can be used during an oral medication lead -in period and then as"
DTG,32,"vguidelines.org  
 
 
MEDICAL CARE CRITERIA COMMITTEE OCTOBER 7 , 2025 32 
 
Table 7: Dolutegravir (DTG) Interactions (also see prescribing information)  
Class or Drug  Mechanism of Action  Clinical"
DTG,32,"vguidelines.org  
 
 
MEDICAL CARE CRITERIA COMMITTEE OCTOBER 7 , 2025 32 
 
Table 7: Dolutegravir (DTG) Interactions (also see prescribing information)  
Class or Drug  Mechanism of Action  Clinical"
DTG,32,"vguidelines.org  
 
 
MEDICAL CARE CRITERIA COMMITTEE OCTOBER 7 , 2025 32 
 
Table 7: Dolutegravir (DTG) Interactions (also see prescribing information)  
Class or Drug  Mechanism of Action  Clinical"
DTG,32,"vguidelines.org  
 
 
MEDICAL CARE CRITERIA COMMITTEE OCTOBER 7 , 2025 32 
 
Table 7: Dolutegravir (DTG) Interactions (also see prescribing information)  
Class or Drug  Mechanism of Action  Clinical"
DTG,32,"vguidelines.org  
 
 
MEDICAL CARE CRITERIA COMMITTEE OCTOBER 7 , 2025 32 
 
Table 7: Dolutegravir (DTG) Interactions (also see prescribing information)  
Class or Drug  Mechanism of Action  Clinical"
DTG,32,"vguidelines.org  
 
 
MEDICAL CARE CRITERIA COMMITTEE OCTOBER 7 , 2025 32 
 
Table 7: Dolutegravir (DTG) Interactions (also see prescribing information)  
Class or Drug  Mechanism of Action  Clinical"
DTG,32,"vguidelines.org  
 
 
MEDICAL CARE CRITERIA COMMITTEE OCTOBER 7 , 2025 32 
 
Table 7: Dolutegravir (DTG) Interactions (also see prescribing information)  
Class or Drug  Mechanism of Action  Clinical"
DTG,32,"vguidelines.org  
 
 
MEDICAL CARE CRITERIA COMMITTEE OCTOBER 7 , 2025 32 
 
Table 7: Dolutegravir (DTG) Interactions (also see prescribing information)  
Class or Drug  Mechanism of Action  Clinical"
DTG,32,"vguidelines.org  
 
 
MEDICAL CARE CRITERIA COMMITTEE OCTOBER 7 , 2025 32 
 
Table 7: Dolutegravir (DTG) Interactions (also see prescribing information)  
Class or Drug  Mechanism of Action  Clinical"
DTG,32,"vguidelines.org  
 
 
MEDICAL CARE CRITERIA COMMITTEE OCTOBER 7 , 2025 32 
 
Table 7: Dolutegravir (DTG) Interactions (also see prescribing information)  
Class or Drug  Mechanism of Action  Clinical"
DTG,32,"vguidelines.org  
 
 
MEDICAL CARE CRITERIA COMMITTEE OCTOBER 7 , 2025 32 
 
Table 7: Dolutegravir (DTG) Interactions (also see prescribing information)  
Class or Drug  Mechanism of Action  Clinical"
ETR,32,"ated adverse effects.  
• Reduce atenolol dose if necessary or switch to another ARV.  
Etravirine (ETR)  
[Green, et al. 2017]  • ETR induces UGT1A1 and CYP3A enzymes.  
• DTG is a substrate of UGT1A"
ETR,32,"ated adverse effects.  
• Reduce atenolol dose if necessary or switch to another ARV.  
Etravirine (ETR)  
[Green, et al. 2017]  • ETR induces UGT1A1 and CYP3A enzymes.  
• DTG is a substrate of UGT1A"
DTG,32,"vguidelines.org  
 
 
MEDICAL CARE CRITERIA COMMITTEE OCTOBER 7 , 2025 32 
 
Table 7: Dolutegravir (DTG) Interactions (also see prescribing information)  
Class or Drug  Mechanism of Action  Clinical"
ETR,32,"ated adverse effects.  
• Reduce atenolol dose if necessary or switch to another ARV.  
Etravirine (ETR)  
[Green, et al. 2017]  • ETR induces UGT1A1 and CYP3A enzymes.  
• DTG is a substrate of UGT1A"
DTG,32,"vguidelines.org  
 
 
MEDICAL CARE CRITERIA COMMITTEE OCTOBER 7 , 2025 32 
 
Table 7: Dolutegravir (DTG) Interactions (also see prescribing information)  
Class or Drug  Mechanism of Action  Clinical"
DTG,32,"vguidelines.org  
 
 
MEDICAL CARE CRITERIA COMMITTEE OCTOBER 7 , 2025 32 
 
Table 7: Dolutegravir (DTG) Interactions (also see prescribing information)  
Class or Drug  Mechanism of Action  Clinical"
DTG,32,"vguidelines.org  
 
 
MEDICAL CARE CRITERIA COMMITTEE OCTOBER 7 , 2025 32 
 
Table 7: Dolutegravir (DTG) Interactions (also see prescribing information)  
Class or Drug  Mechanism of Action  Clinical"
DTG,32,"vguidelines.org  
 
 
MEDICAL CARE CRITERIA COMMITTEE OCTOBER 7 , 2025 32 
 
Table 7: Dolutegravir (DTG) Interactions (also see prescribing information)  
Class or Drug  Mechanism of Action  Clinical"
DTG,32,"vguidelines.org  
 
 
MEDICAL CARE CRITERIA COMMITTEE OCTOBER 7 , 2025 32 
 
Table 7: Dolutegravir (DTG) Interactions (also see prescribing information)  
Class or Drug  Mechanism of Action  Clinical"
DTG,32,"vguidelines.org  
 
 
MEDICAL CARE CRITERIA COMMITTEE OCTOBER 7 , 2025 32 
 
Table 7: Dolutegravir (DTG) Interactions (also see prescribing information)  
Class or Drug  Mechanism of Action  Clinical"
DTG,33,"vguidelines.org  
 
 
MEDICAL CARE CRITERIA COMMITTEE OCTOBER 7 , 2025 33 
 
Table 7: Dolutegravir (DTG) Interactions (also see prescribing information)  
Class or Drug  Mechanism of Action  Clinical"
EVG,33,"tments; gender -affirming hormones; ADHD medications and lithium. 
 
Table 8: Boosted Elvitegravir (EVG) Interactions  (also see prescribing information)  
Class or Drug  Mechanism of Action  Clinical"
EVG,33,"tments; gender -affirming hormones; ADHD medications and lithium. 
 
Table 8: Boosted Elvitegravir (EVG) Interactions  (also see prescribing information)  
Class or Drug  Mechanism of Action  Clinical"
EVG,33,"tments; gender -affirming hormones; ADHD medications and lithium. 
 
Table 8: Boosted Elvitegravir (EVG) Interactions  (also see prescribing information)  
Class or Drug  Mechanism of Action  Clinical"
COBI,33,"rate doses by at least 2 hours.  
Alpha -adrenergic antagonists 
for benign prostatic 
hyperplasia  COBI -boosted EVG inhibits CYP3A4 and other transporters and is 
likely to increase levels of select"
EVG,33,"tments; gender -affirming hormones; ADHD medications and lithium. 
 
Table 8: Boosted Elvitegravir (EVG) Interactions  (also see prescribing information)  
Class or Drug  Mechanism of Action  Clinical"
COBI,33,"rate doses by at least 2 hours.  
Alpha -adrenergic antagonists 
for benign prostatic 
hyperplasia  COBI -boosted EVG inhibits CYP3A4 and other transporters and is 
likely to increase levels of select"
EVG,34,"nes.org  
 
 
MEDICAL CARE CRITERIA COMMITTEE OCTOBER 7 , 2025 34 
 
Table 8: Boosted Elvitegravir (EVG) Interactions  (also see prescribing information)  
Class or Drug  Mechanism of Action  Clinical"
COBI,34,"clopidogrel  
[Tseng, et al. 2017; Egan, et al. 
2014]  • Cilostazol  may be metabolized by CYP3A; COBI -boosted EVG 
can increase concentrations of this drug.  
• Ticagrelor:  Strong CYP3A4 inhibito"
EVG,34,"nes.org  
 
 
MEDICAL CARE CRITERIA COMMITTEE OCTOBER 7 , 2025 34 
 
Table 8: Boosted Elvitegravir (EVG) Interactions  (also see prescribing information)  
Class or Drug  Mechanism of Action  Clinical"
EVG,34,"nes.org  
 
 
MEDICAL CARE CRITERIA COMMITTEE OCTOBER 7 , 2025 34 
 
Table 8: Boosted Elvitegravir (EVG) Interactions  (also see prescribing information)  
Class or Drug  Mechanism of Action  Clinical"
EVG,34,"nes.org  
 
 
MEDICAL CARE CRITERIA COMMITTEE OCTOBER 7 , 2025 34 
 
Table 8: Boosted Elvitegravir (EVG) Interactions  (also see prescribing information)  
Class or Drug  Mechanism of Action  Clinical"
COBI,34,"clopidogrel  
[Tseng, et al. 2017; Egan, et al. 
2014]  • Cilostazol  may be metabolized by CYP3A; COBI -boosted EVG 
can increase concentrations of this drug.  
• Ticagrelor:  Strong CYP3A4 inhibito"
RTV,34,"ncreased bleeding risk, do not use 
ticagrelor with strong CYP3A inhibitors, particularly COBI and 
RTV.  
• Clopidogrel, vorapaxar:  Do not coadminister. 
• Prasugrel:  No dose adjustments are necess"
EVG,34,"nes.org  
 
 
MEDICAL CARE CRITERIA COMMITTEE OCTOBER 7 , 2025 34 
 
Table 8: Boosted Elvitegravir (EVG) Interactions  (also see prescribing information)  
Class or Drug  Mechanism of Action  Clinical"
EVG,34,"nes.org  
 
 
MEDICAL CARE CRITERIA COMMITTEE OCTOBER 7 , 2025 34 
 
Table 8: Boosted Elvitegravir (EVG) Interactions  (also see prescribing information)  
Class or Drug  Mechanism of Action  Clinical"
EVG,34,"nes.org  
 
 
MEDICAL CARE CRITERIA COMMITTEE OCTOBER 7 , 2025 34 
 
Table 8: Boosted Elvitegravir (EVG) Interactions  (also see prescribing information)  
Class or Drug  Mechanism of Action  Clinical"
COBI,34,"clopidogrel  
[Tseng, et al. 2017; Egan, et al. 
2014]  • Cilostazol  may be metabolized by CYP3A; COBI -boosted EVG 
can increase concentrations of this drug.  
• Ticagrelor:  Strong CYP3A4 inhibito"
EVG,34,"nes.org  
 
 
MEDICAL CARE CRITERIA COMMITTEE OCTOBER 7 , 2025 34 
 
Table 8: Boosted Elvitegravir (EVG) Interactions  (also see prescribing information)  
Class or Drug  Mechanism of Action  Clinical"
COBI,34,"clopidogrel  
[Tseng, et al. 2017; Egan, et al. 
2014]  • Cilostazol  may be metabolized by CYP3A; COBI -boosted EVG 
can increase concentrations of this drug.  
• Ticagrelor:  Strong CYP3A4 inhibito"
EVG,34,"nes.org  
 
 
MEDICAL CARE CRITERIA COMMITTEE OCTOBER 7 , 2025 34 
 
Table 8: Boosted Elvitegravir (EVG) Interactions  (also see prescribing information)  
Class or Drug  Mechanism of Action  Clinical"
COBI,34,"clopidogrel  
[Tseng, et al. 2017; Egan, et al. 
2014]  • Cilostazol  may be metabolized by CYP3A; COBI -boosted EVG 
can increase concentrations of this drug.  
• Ticagrelor:  Strong CYP3A4 inhibito"
EVG,34,"nes.org  
 
 
MEDICAL CARE CRITERIA COMMITTEE OCTOBER 7 , 2025 34 
 
Table 8: Boosted Elvitegravir (EVG) Interactions  (also see prescribing information)  
Class or Drug  Mechanism of Action  Clinical"
EVG,34,"nes.org  
 
 
MEDICAL CARE CRITERIA COMMITTEE OCTOBER 7 , 2025 34 
 
Table 8: Boosted Elvitegravir (EVG) Interactions  (also see prescribing information)  
Class or Drug  Mechanism of Action  Clinical"
COBI,34,"clopidogrel  
[Tseng, et al. 2017; Egan, et al. 
2014]  • Cilostazol  may be metabolized by CYP3A; COBI -boosted EVG 
can increase concentrations of this drug.  
• Ticagrelor:  Strong CYP3A4 inhibito"
COBI,34,"clopidogrel  
[Tseng, et al. 2017; Egan, et al. 
2014]  • Cilostazol  may be metabolized by CYP3A; COBI -boosted EVG 
can increase concentrations of this drug.  
• Ticagrelor:  Strong CYP3A4 inhibito"
EVG,34,"nes.org  
 
 
MEDICAL CARE CRITERIA COMMITTEE OCTOBER 7 , 2025 34 
 
Table 8: Boosted Elvitegravir (EVG) Interactions  (also see prescribing information)  
Class or Drug  Mechanism of Action  Clinical"
COBI,34,"clopidogrel  
[Tseng, et al. 2017; Egan, et al. 
2014]  • Cilostazol  may be metabolized by CYP3A; COBI -boosted EVG 
can increase concentrations of this drug.  
• Ticagrelor:  Strong CYP3A4 inhibito"
EVG,34,"nes.org  
 
 
MEDICAL CARE CRITERIA COMMITTEE OCTOBER 7 , 2025 34 
 
Table 8: Boosted Elvitegravir (EVG) Interactions  (also see prescribing information)  
Class or Drug  Mechanism of Action  Clinical"
EVG,34,"nes.org  
 
 
MEDICAL CARE CRITERIA COMMITTEE OCTOBER 7 , 2025 34 
 
Table 8: Boosted Elvitegravir (EVG) Interactions  (also see prescribing information)  
Class or Drug  Mechanism of Action  Clinical"
EVG,34,"nes.org  
 
 
MEDICAL CARE CRITERIA COMMITTEE OCTOBER 7 , 2025 34 
 
Table 8: Boosted Elvitegravir (EVG) Interactions  (also see prescribing information)  
Class or Drug  Mechanism of Action  Clinical"
COBI,34,"clopidogrel  
[Tseng, et al. 2017; Egan, et al. 
2014]  • Cilostazol  may be metabolized by CYP3A; COBI -boosted EVG 
can increase concentrations of this drug.  
• Ticagrelor:  Strong CYP3A4 inhibito"
EVG,35,"nes.org  
 
 
MEDICAL CARE CRITERIA COMMITTEE OCTOBER 7 , 2025 35 
 
Table 8: Boosted Elvitegravir (EVG) Interactions  (also see prescribing information)  
Class or Drug  Mechanism of Action  Clinical"
COBI,35,"statin 
[Custodio, et al. 2014]  • Rosuvastatin is a substrate of OATP1B1, OATP1B3, and CYP2C9.  
• COBI inhibits OATP.  
• EVG induces CYP2C9.  
• Boosted EVG may moderately increase concentrations."
EVG,35,"nes.org  
 
 
MEDICAL CARE CRITERIA COMMITTEE OCTOBER 7 , 2025 35 
 
Table 8: Boosted Elvitegravir (EVG) Interactions  (also see prescribing information)  
Class or Drug  Mechanism of Action  Clinical"
EVG,35,"nes.org  
 
 
MEDICAL CARE CRITERIA COMMITTEE OCTOBER 7 , 2025 35 
 
Table 8: Boosted Elvitegravir (EVG) Interactions  (also see prescribing information)  
Class or Drug  Mechanism of Action  Clinical"
COBI,35,"statin 
[Custodio, et al. 2014]  • Rosuvastatin is a substrate of OATP1B1, OATP1B3, and CYP2C9.  
• COBI inhibits OATP.  
• EVG induces CYP2C9.  
• Boosted EVG may moderately increase concentrations."
EVG,35,"nes.org  
 
 
MEDICAL CARE CRITERIA COMMITTEE OCTOBER 7 , 2025 35 
 
Table 8: Boosted Elvitegravir (EVG) Interactions  (also see prescribing information)  
Class or Drug  Mechanism of Action  Clinical"
EVG,35,"nes.org  
 
 
MEDICAL CARE CRITERIA COMMITTEE OCTOBER 7 , 2025 35 
 
Table 8: Boosted Elvitegravir (EVG) Interactions  (also see prescribing information)  
Class or Drug  Mechanism of Action  Clinical"
EVG,35,"nes.org  
 
 
MEDICAL CARE CRITERIA COMMITTEE OCTOBER 7 , 2025 35 
 
Table 8: Boosted Elvitegravir (EVG) Interactions  (also see prescribing information)  
Class or Drug  Mechanism of Action  Clinical"
EVG,36,"nes.org  
 
 
MEDICAL CARE CRITERIA COMMITTEE OCTOBER 7 , 2025 36 
 
Table 8: Boosted Elvitegravir (EVG) Interactions  (also see prescribing information)  
Class or Drug  Mechanism of Action  Clinical"
COBI,36,"ose; monitor 
closely for adverse effects.  
Midazolam, triazolam  Levels likely to be increased by COBI -boosted EVG.  • Midazolam: 
‒ Oral: Concomitant use is contraindicated.  
‒ Parenteral: Admini"
EVG,36,"nes.org  
 
 
MEDICAL CARE CRITERIA COMMITTEE OCTOBER 7 , 2025 36 
 
Table 8: Boosted Elvitegravir (EVG) Interactions  (also see prescribing information)  
Class or Drug  Mechanism of Action  Clinical"
COBI,36,"ose; monitor 
closely for adverse effects.  
Midazolam, triazolam  Levels likely to be increased by COBI -boosted EVG.  • Midazolam: 
‒ Oral: Concomitant use is contraindicated.  
‒ Parenteral: Admini"
COBI,36,"ose; monitor 
closely for adverse effects.  
Midazolam, triazolam  Levels likely to be increased by COBI -boosted EVG.  • Midazolam: 
‒ Oral: Concomitant use is contraindicated.  
‒ Parenteral: Admini"
EVG,37,"nes.org  
 
 
MEDICAL CARE CRITERIA COMMITTEE OCTOBER 7 , 2025 37 
 
Table 8: Boosted Elvitegravir (EVG) Interactions  (also see prescribing information)  
Class or Drug  Mechanism of Action  Clinical"
EVG,37,"nes.org  
 
 
MEDICAL CARE CRITERIA COMMITTEE OCTOBER 7 , 2025 37 
 
Table 8: Boosted Elvitegravir (EVG) Interactions  (also see prescribing information)  
Class or Drug  Mechanism of Action  Clinical"
COBI,37,"potent active metabolite seen 
when tramadol is metabolized by CYP2D6.  When tramadol is given with COBI or RTV, monitoring for 
tramadol- related adverse effects and analgesic effect may be 
required"
RTV,37,"ctive metabolite seen 
when tramadol is metabolized by CYP2D6.  When tramadol is given with COBI or RTV, monitoring for 
tramadol- related adverse effects and analgesic effect may be 
required as clin"
EVG,37,"nes.org  
 
 
MEDICAL CARE CRITERIA COMMITTEE OCTOBER 7 , 2025 37 
 
Table 8: Boosted Elvitegravir (EVG) Interactions  (also see prescribing information)  
Class or Drug  Mechanism of Action  Clinical"
EVG,37,"nes.org  
 
 
MEDICAL CARE CRITERIA COMMITTEE OCTOBER 7 , 2025 37 
 
Table 8: Boosted Elvitegravir (EVG) Interactions  (also see prescribing information)  
Class or Drug  Mechanism of Action  Clinical"
EVG,37,"nes.org  
 
 
MEDICAL CARE CRITERIA COMMITTEE OCTOBER 7 , 2025 37 
 
Table 8: Boosted Elvitegravir (EVG) Interactions  (also see prescribing information)  
Class or Drug  Mechanism of Action  Clinical"
EVG,37,"nes.org  
 
 
MEDICAL CARE CRITERIA COMMITTEE OCTOBER 7 , 2025 37 
 
Table 8: Boosted Elvitegravir (EVG) Interactions  (also see prescribing information)  
Class or Drug  Mechanism of Action  Clinical"
EVG,37,"nes.org  
 
 
MEDICAL CARE CRITERIA COMMITTEE OCTOBER 7 , 2025 37 
 
Table 8: Boosted Elvitegravir (EVG) Interactions  (also see prescribing information)  
Class or Drug  Mechanism of Action  Clinical"
EVG,37,"nes.org  
 
 
MEDICAL CARE CRITERIA COMMITTEE OCTOBER 7 , 2025 37 
 
Table 8: Boosted Elvitegravir (EVG) Interactions  (also see prescribing information)  
Class or Drug  Mechanism of Action  Clinical"
RTV,37,"ctive metabolite seen 
when tramadol is metabolized by CYP2D6.  When tramadol is given with COBI or RTV, monitoring for 
tramadol- related adverse effects and analgesic effect may be 
required as clin"
RTV,37,"ctive metabolite seen 
when tramadol is metabolized by CYP2D6.  When tramadol is given with COBI or RTV, monitoring for 
tramadol- related adverse effects and analgesic effect may be 
required as clin"
RTV,37,"ctive metabolite seen 
when tramadol is metabolized by CYP2D6.  When tramadol is given with COBI or RTV, monitoring for 
tramadol- related adverse effects and analgesic effect may be 
required as clin"
COBI,37,"potent active metabolite seen 
when tramadol is metabolized by CYP2D6.  When tramadol is given with COBI or RTV, monitoring for 
tramadol- related adverse effects and analgesic effect may be 
required"
EVG,37,"nes.org  
 
 
MEDICAL CARE CRITERIA COMMITTEE OCTOBER 7 , 2025 37 
 
Table 8: Boosted Elvitegravir (EVG) Interactions  (also see prescribing information)  
Class or Drug  Mechanism of Action  Clinical"
EVG,37,"nes.org  
 
 
MEDICAL CARE CRITERIA COMMITTEE OCTOBER 7 , 2025 37 
 
Table 8: Boosted Elvitegravir (EVG) Interactions  (also see prescribing information)  
Class or Drug  Mechanism of Action  Clinical"
COBI,37,"potent active metabolite seen 
when tramadol is metabolized by CYP2D6.  When tramadol is given with COBI or RTV, monitoring for 
tramadol- related adverse effects and analgesic effect may be 
required"
EVG,37,"nes.org  
 
 
MEDICAL CARE CRITERIA COMMITTEE OCTOBER 7 , 2025 37 
 
Table 8: Boosted Elvitegravir (EVG) Interactions  (also see prescribing information)  
Class or Drug  Mechanism of Action  Clinical"
COBI,37,"potent active metabolite seen 
when tramadol is metabolized by CYP2D6.  When tramadol is given with COBI or RTV, monitoring for 
tramadol- related adverse effects and analgesic effect may be 
required"
EVG,37,"nes.org  
 
 
MEDICAL CARE CRITERIA COMMITTEE OCTOBER 7 , 2025 37 
 
Table 8: Boosted Elvitegravir (EVG) Interactions  (also see prescribing information)  
Class or Drug  Mechanism of Action  Clinical"
COBI,37,"potent active metabolite seen 
when tramadol is metabolized by CYP2D6.  When tramadol is given with COBI or RTV, monitoring for 
tramadol- related adverse effects and analgesic effect may be 
required"
EVG,37,"nes.org  
 
 
MEDICAL CARE CRITERIA COMMITTEE OCTOBER 7 , 2025 37 
 
Table 8: Boosted Elvitegravir (EVG) Interactions  (also see prescribing information)  
Class or Drug  Mechanism of Action  Clinical"
COBI,37,"potent active metabolite seen 
when tramadol is metabolized by CYP2D6.  When tramadol is given with COBI or RTV, monitoring for 
tramadol- related adverse effects and analgesic effect may be 
required"
EVG,38,"nes.org  
 
 
MEDICAL CARE CRITERIA COMMITTEE OCTOBER 7 , 2025 38 
 
Table 8: Boosted Elvitegravir (EVG) Interactions  (also see prescribing information)  
Class or Drug  Mechanism of Action  Clinical"
EVG,38,"nes.org  
 
 
MEDICAL CARE CRITERIA COMMITTEE OCTOBER 7 , 2025 38 
 
Table 8: Boosted Elvitegravir (EVG) Interactions  (also see prescribing information)  
Class or Drug  Mechanism of Action  Clinical"
COBI,38,"nformation)  
Class or Drug  Mechanism of Action  Clinical Comments  
• Tecovirimat  may reduce EVG/COBI levels, though effects are 
not likely to be clinically relevant. No dose adjustment in either"
RTV,38,"phetamine, dextroamphetamine:  
CYP2D6 inhibition may increase drug concentrations with 
concurrent RTV use. Less effect found with COBI.  
• Modafinil:  CYP3A4 induction may reduce EVG and COBI level"
COBI,38,"nformation)  
Class or Drug  Mechanism of Action  Clinical Comments  
• Tecovirimat  may reduce EVG/COBI levels, though effects are 
not likely to be clinically relevant. No dose adjustment in either"
EVG,38,"nes.org  
 
 
MEDICAL CARE CRITERIA COMMITTEE OCTOBER 7 , 2025 38 
 
Table 8: Boosted Elvitegravir (EVG) Interactions  (also see prescribing information)  
Class or Drug  Mechanism of Action  Clinical"
COBI,38,"nformation)  
Class or Drug  Mechanism of Action  Clinical Comments  
• Tecovirimat  may reduce EVG/COBI levels, though effects are 
not likely to be clinically relevant. No dose adjustment in either"
RTV,38,"phetamine, dextroamphetamine:  
CYP2D6 inhibition may increase drug concentrations with 
concurrent RTV use. Less effect found with COBI.  
• Modafinil:  CYP3A4 induction may reduce EVG and COBI level"
COBI,38,"nformation)  
Class or Drug  Mechanism of Action  Clinical Comments  
• Tecovirimat  may reduce EVG/COBI levels, though effects are 
not likely to be clinically relevant. No dose adjustment in either"
COBI,38,"nformation)  
Class or Drug  Mechanism of Action  Clinical Comments  
• Tecovirimat  may reduce EVG/COBI levels, though effects are 
not likely to be clinically relevant. No dose adjustment in either"
RTV,38,"phetamine, dextroamphetamine:  
CYP2D6 inhibition may increase drug concentrations with 
concurrent RTV use. Less effect found with COBI.  
• Modafinil:  CYP3A4 induction may reduce EVG and COBI level"
RAL,38,"ne, buprenorphine, naloxone, and naltrexone; gender -affirming 
hormones.  
 
Table 9: Raltegravir (RAL) Interactions (also see prescribing information)  
Class or Drug  Mechanism of Action  Clinical"
RAL,38,"ne, buprenorphine, naloxone, and naltrexone; gender -affirming 
hormones.  
 
Table 9: Raltegravir (RAL) Interactions (also see prescribing information)  
Class or Drug  Mechanism of Action  Clinical"
RAL,38,"ne, buprenorphine, naloxone, and naltrexone; gender -affirming 
hormones.  
 
Table 9: Raltegravir (RAL) Interactions (also see prescribing information)  
Class or Drug  Mechanism of Action  Clinical"
RAL,38,"ne, buprenorphine, naloxone, and naltrexone; gender -affirming 
hormones.  
 
Table 9: Raltegravir (RAL) Interactions (also see prescribing information)  
Class or Drug  Mechanism of Action  Clinical"
RAL,38,"ne, buprenorphine, naloxone, and naltrexone; gender -affirming 
hormones.  
 
Table 9: Raltegravir (RAL) Interactions (also see prescribing information)  
Class or Drug  Mechanism of Action  Clinical"
RAL,38,"ne, buprenorphine, naloxone, and naltrexone; gender -affirming 
hormones.  
 
Table 9: Raltegravir (RAL) Interactions (also see prescribing information)  
Class or Drug  Mechanism of Action  Clinical"
RAL,38,"ne, buprenorphine, naloxone, and naltrexone; gender -affirming 
hormones.  
 
Table 9: Raltegravir (RAL) Interactions (also see prescribing information)  
Class or Drug  Mechanism of Action  Clinical"
RAL,38,"ne, buprenorphine, naloxone, and naltrexone; gender -affirming 
hormones.  
 
Table 9: Raltegravir (RAL) Interactions (also see prescribing information)  
Class or Drug  Mechanism of Action  Clinical"
RAL,38,"ne, buprenorphine, naloxone, and naltrexone; gender -affirming 
hormones.  
 
Table 9: Raltegravir (RAL) Interactions (also see prescribing information)  
Class or Drug  Mechanism of Action  Clinical"
RAL,39,"ivguidelines.org  
 
 
MEDICAL CARE CRITERIA COMMITTEE OCTOBER 7 , 2025 39 
 
Table 9: Raltegravir (RAL) Interactions (also see prescribing information)  
Class or Drug  Mechanism of Action  Clinical"
RAL,39,"ivguidelines.org  
 
 
MEDICAL CARE CRITERIA COMMITTEE OCTOBER 7 , 2025 39 
 
Table 9: Raltegravir (RAL) Interactions (also see prescribing information)  
Class or Drug  Mechanism of Action  Clinical"
RAL,39,"ivguidelines.org  
 
 
MEDICAL CARE CRITERIA COMMITTEE OCTOBER 7 , 2025 39 
 
Table 9: Raltegravir (RAL) Interactions (also see prescribing information)  
Class or Drug  Mechanism of Action  Clinical"
DOR,39,"ons and lithium. 
Non -Nucleoside Reverse Transcriptase Inhibitors (NNRTIs)  
Table 10: Doravirine (DOR) Interactions (also see prescribing information)  
Class or Drug  Mechanism of Action  Clinical"
DOR,39,"ons and lithium. 
Non -Nucleoside Reverse Transcriptase Inhibitors (NNRTIs)  
Table 10: Doravirine (DOR) Interactions (also see prescribing information)  
Class or Drug  Mechanism of Action  Clinical"
DOR,39,"ons and lithium. 
Non -Nucleoside Reverse Transcriptase Inhibitors (NNRTIs)  
Table 10: Doravirine (DOR) Interactions (also see prescribing information)  
Class or Drug  Mechanism of Action  Clinical"
DOR,39,"ons and lithium. 
Non -Nucleoside Reverse Transcriptase Inhibitors (NNRTIs)  
Table 10: Doravirine (DOR) Interactions (also see prescribing information)  
Class or Drug  Mechanism of Action  Clinical"
DOR,39,"ons and lithium. 
Non -Nucleoside Reverse Transcriptase Inhibitors (NNRTIs)  
Table 10: Doravirine (DOR) Interactions (also see prescribing information)  
Class or Drug  Mechanism of Action  Clinical"
DOR,39,"ons and lithium. 
Non -Nucleoside Reverse Transcriptase Inhibitors (NNRTIs)  
Table 10: Doravirine (DOR) Interactions (also see prescribing information)  
Class or Drug  Mechanism of Action  Clinical"
DOR,39,"ons and lithium. 
Non -Nucleoside Reverse Transcriptase Inhibitors (NNRTIs)  
Table 10: Doravirine (DOR) Interactions (also see prescribing information)  
Class or Drug  Mechanism of Action  Clinical"
DOR,40,"ivguidelines.org  
 
 
MEDICAL CARE CRITERIA COMMITTEE OCTOBER 7 , 2025 40 
 
Table 10: Doravirine (DOR) Interactions (also see prescribing information)  
Class or Drug  Mechanism of Action  Clinical"
RPV,40,"immunosuppressants; COVID -19 therapeutics; gender -affirming hormones.  
 
Table 11: Rilpivirine (RPV) Interactions (also see prescribing information)  
The combination CAB/RPV antiretroviral therap"
CAB,40,".  
 
Table 11: Rilpivirine (RPV) Interactions (also see prescribing information)  
The combination CAB/RPV antiretroviral therapy regimen can be used during an oral medication lead -in period and the"
RPV,40,"immunosuppressants; COVID -19 therapeutics; gender -affirming hormones.  
 
Table 11: Rilpivirine (RPV) Interactions (also see prescribing information)  
The combination CAB/RPV antiretroviral therap"
CAB,40,".  
 
Table 11: Rilpivirine (RPV) Interactions (also see prescribing information)  
The combination CAB/RPV antiretroviral therapy regimen can be used during an oral medication lead -in period and the"
RPV,40,"immunosuppressants; COVID -19 therapeutics; gender -affirming hormones.  
 
Table 11: Rilpivirine (RPV) Interactions (also see prescribing information)  
The combination CAB/RPV antiretroviral therap"
RPV,40,"immunosuppressants; COVID -19 therapeutics; gender -affirming hormones.  
 
Table 11: Rilpivirine (RPV) Interactions (also see prescribing information)  
The combination CAB/RPV antiretroviral therap"
RPV,40,"immunosuppressants; COVID -19 therapeutics; gender -affirming hormones.  
 
Table 11: Rilpivirine (RPV) Interactions (also see prescribing information)  
The combination CAB/RPV antiretroviral therap"
RPV,40,"immunosuppressants; COVID -19 therapeutics; gender -affirming hormones.  
 
Table 11: Rilpivirine (RPV) Interactions (also see prescribing information)  
The combination CAB/RPV antiretroviral therap"
RPV,40,"immunosuppressants; COVID -19 therapeutics; gender -affirming hormones.  
 
Table 11: Rilpivirine (RPV) Interactions (also see prescribing information)  
The combination CAB/RPV antiretroviral therap"
RPV,40,"immunosuppressants; COVID -19 therapeutics; gender -affirming hormones.  
 
Table 11: Rilpivirine (RPV) Interactions (also see prescribing information)  
The combination CAB/RPV antiretroviral therap"
RPV,40,"immunosuppressants; COVID -19 therapeutics; gender -affirming hormones.  
 
Table 11: Rilpivirine (RPV) Interactions (also see prescribing information)  
The combination CAB/RPV antiretroviral therap"
RPV,40,"immunosuppressants; COVID -19 therapeutics; gender -affirming hormones.  
 
Table 11: Rilpivirine (RPV) Interactions (also see prescribing information)  
The combination CAB/RPV antiretroviral therap"
RPV,40,"immunosuppressants; COVID -19 therapeutics; gender -affirming hormones.  
 
Table 11: Rilpivirine (RPV) Interactions (also see prescribing information)  
The combination CAB/RPV antiretroviral therap"
RPV,40,"immunosuppressants; COVID -19 therapeutics; gender -affirming hormones.  
 
Table 11: Rilpivirine (RPV) Interactions (also see prescribing information)  
The combination CAB/RPV antiretroviral therap"
RPV,40,"immunosuppressants; COVID -19 therapeutics; gender -affirming hormones.  
 
Table 11: Rilpivirine (RPV) Interactions (also see prescribing information)  
The combination CAB/RPV antiretroviral therap"
RPV,40,"immunosuppressants; COVID -19 therapeutics; gender -affirming hormones.  
 
Table 11: Rilpivirine (RPV) Interactions (also see prescribing information)  
The combination CAB/RPV antiretroviral therap"
RPV,41,"vguidelines.org  
 
 
MEDICAL CARE CRITERIA COMMITTEE OCTOBER 7 , 2025 41 
 
Table 11: Rilpivirine (RPV) Interactions (also see prescribing information)  
The combination CAB/RPV antiretroviral therap"
CAB,41,"41 
 
Table 11: Rilpivirine (RPV) Interactions (also see prescribing information)  
The combination CAB/RPV antiretroviral therapy regimen can be used during an oral medication lead -in period and the"
RPV,41,"vguidelines.org  
 
 
MEDICAL CARE CRITERIA COMMITTEE OCTOBER 7 , 2025 41 
 
Table 11: Rilpivirine (RPV) Interactions (also see prescribing information)  
The combination CAB/RPV antiretroviral therap"
CAB,41,"41 
 
Table 11: Rilpivirine (RPV) Interactions (also see prescribing information)  
The combination CAB/RPV antiretroviral therapy regimen can be used during an oral medication lead -in period and the"
RPV,41,"vguidelines.org  
 
 
MEDICAL CARE CRITERIA COMMITTEE OCTOBER 7 , 2025 41 
 
Table 11: Rilpivirine (RPV) Interactions (also see prescribing information)  
The combination CAB/RPV antiretroviral therap"
RPV,41,"vguidelines.org  
 
 
MEDICAL CARE CRITERIA COMMITTEE OCTOBER 7 , 2025 41 
 
Table 11: Rilpivirine (RPV) Interactions (also see prescribing information)  
The combination CAB/RPV antiretroviral therap"
RPV,41,"vguidelines.org  
 
 
MEDICAL CARE CRITERIA COMMITTEE OCTOBER 7 , 2025 41 
 
Table 11: Rilpivirine (RPV) Interactions (also see prescribing information)  
The combination CAB/RPV antiretroviral therap"
RPV,41,"vguidelines.org  
 
 
MEDICAL CARE CRITERIA COMMITTEE OCTOBER 7 , 2025 41 
 
Table 11: Rilpivirine (RPV) Interactions (also see prescribing information)  
The combination CAB/RPV antiretroviral therap"
RPV,41,"vguidelines.org  
 
 
MEDICAL CARE CRITERIA COMMITTEE OCTOBER 7 , 2025 41 
 
Table 11: Rilpivirine (RPV) Interactions (also see prescribing information)  
The combination CAB/RPV antiretroviral therap"
RPV,41,"vguidelines.org  
 
 
MEDICAL CARE CRITERIA COMMITTEE OCTOBER 7 , 2025 41 
 
Table 11: Rilpivirine (RPV) Interactions (also see prescribing information)  
The combination CAB/RPV antiretroviral therap"
RPV,41,"vguidelines.org  
 
 
MEDICAL CARE CRITERIA COMMITTEE OCTOBER 7 , 2025 41 
 
Table 11: Rilpivirine (RPV) Interactions (also see prescribing information)  
The combination CAB/RPV antiretroviral therap"
RPV,41,"vguidelines.org  
 
 
MEDICAL CARE CRITERIA COMMITTEE OCTOBER 7 , 2025 41 
 
Table 11: Rilpivirine (RPV) Interactions (also see prescribing information)  
The combination CAB/RPV antiretroviral therap"
RPV,41,"vguidelines.org  
 
 
MEDICAL CARE CRITERIA COMMITTEE OCTOBER 7 , 2025 41 
 
Table 11: Rilpivirine (RPV) Interactions (also see prescribing information)  
The combination CAB/RPV antiretroviral therap"
RPV,41,"vguidelines.org  
 
 
MEDICAL CARE CRITERIA COMMITTEE OCTOBER 7 , 2025 41 
 
Table 11: Rilpivirine (RPV) Interactions (also see prescribing information)  
The combination CAB/RPV antiretroviral therap"
RPV,41,"vguidelines.org  
 
 
MEDICAL CARE CRITERIA COMMITTEE OCTOBER 7 , 2025 41 
 
Table 11: Rilpivirine (RPV) Interactions (also see prescribing information)  
The combination CAB/RPV antiretroviral therap"
RPV,41,"vguidelines.org  
 
 
MEDICAL CARE CRITERIA COMMITTEE OCTOBER 7 , 2025 41 
 
Table 11: Rilpivirine (RPV) Interactions (also see prescribing information)  
The combination CAB/RPV antiretroviral therap"
RPV,41,"vguidelines.org  
 
 
MEDICAL CARE CRITERIA COMMITTEE OCTOBER 7 , 2025 41 
 
Table 11: Rilpivirine (RPV) Interactions (also see prescribing information)  
The combination CAB/RPV antiretroviral therap"
RPV,41,"vguidelines.org  
 
 
MEDICAL CARE CRITERIA COMMITTEE OCTOBER 7 , 2025 41 
 
Table 11: Rilpivirine (RPV) Interactions (also see prescribing information)  
The combination CAB/RPV antiretroviral therap"
CAB,41,"41 
 
Table 11: Rilpivirine (RPV) Interactions (also see prescribing information)  
The combination CAB/RPV antiretroviral therapy regimen can be used during an oral medication lead -in period and the"
RPV,42,"vguidelines.org  
 
 
MEDICAL CARE CRITERIA COMMITTEE OCTOBER 7 , 2025 42 
 
Table 11: Rilpivirine (RPV) Interactions (also see prescribing information)  
The combination CAB/RPV antiretroviral therap"
CAB,42,"42 
 
Table 11: Rilpivirine (RPV) Interactions (also see prescribing information)  
The combination CAB/RPV antiretroviral therapy regimen can be used during an oral medication lead -in period and the"
RPV,42,"vguidelines.org  
 
 
MEDICAL CARE CRITERIA COMMITTEE OCTOBER 7 , 2025 42 
 
Table 11: Rilpivirine (RPV) Interactions (also see prescribing information)  
The combination CAB/RPV antiretroviral therap"
CAB,42,"42 
 
Table 11: Rilpivirine (RPV) Interactions (also see prescribing information)  
The combination CAB/RPV antiretroviral therapy regimen can be used during an oral medication lead -in period and the"
EFV,42,"e; immunosuppressants; COVID -19 therapeutics; gender -affirming hormones.  
 
Table 12: Efavirenz (EFV) Interactions (also see prescribing information)  
Class or Drug  Mechanism of Action  Clinical"
EFV,42,"e; immunosuppressants; COVID -19 therapeutics; gender -affirming hormones.  
 
Table 12: Efavirenz (EFV) Interactions (also see prescribing information)  
Class or Drug  Mechanism of Action  Clinical"
EFV,42,"e; immunosuppressants; COVID -19 therapeutics; gender -affirming hormones.  
 
Table 12: Efavirenz (EFV) Interactions (also see prescribing information)  
Class or Drug  Mechanism of Action  Clinical"
EFV,42,"e; immunosuppressants; COVID -19 therapeutics; gender -affirming hormones.  
 
Table 12: Efavirenz (EFV) Interactions (also see prescribing information)  
Class or Drug  Mechanism of Action  Clinical"
EFV,42,"e; immunosuppressants; COVID -19 therapeutics; gender -affirming hormones.  
 
Table 12: Efavirenz (EFV) Interactions (also see prescribing information)  
Class or Drug  Mechanism of Action  Clinical"
EFV,42,"e; immunosuppressants; COVID -19 therapeutics; gender -affirming hormones.  
 
Table 12: Efavirenz (EFV) Interactions (also see prescribing information)  
Class or Drug  Mechanism of Action  Clinical"
EFV,42,"e; immunosuppressants; COVID -19 therapeutics; gender -affirming hormones.  
 
Table 12: Efavirenz (EFV) Interactions (also see prescribing information)  
Class or Drug  Mechanism of Action  Clinical"
EFV,42,"e; immunosuppressants; COVID -19 therapeutics; gender -affirming hormones.  
 
Table 12: Efavirenz (EFV) Interactions (also see prescribing information)  
Class or Drug  Mechanism of Action  Clinical"
EFV,42,"e; immunosuppressants; COVID -19 therapeutics; gender -affirming hormones.  
 
Table 12: Efavirenz (EFV) Interactions (also see prescribing information)  
Class or Drug  Mechanism of Action  Clinical"
EFV,42,"e; immunosuppressants; COVID -19 therapeutics; gender -affirming hormones.  
 
Table 12: Efavirenz (EFV) Interactions (also see prescribing information)  
Class or Drug  Mechanism of Action  Clinical"
EFV,42,"e; immunosuppressants; COVID -19 therapeutics; gender -affirming hormones.  
 
Table 12: Efavirenz (EFV) Interactions (also see prescribing information)  
Class or Drug  Mechanism of Action  Clinical"
EFV,42,"e; immunosuppressants; COVID -19 therapeutics; gender -affirming hormones.  
 
Table 12: Efavirenz (EFV) Interactions (also see prescribing information)  
Class or Drug  Mechanism of Action  Clinical"
EFV,43,"hivguidelines.org  
 
 
MEDICAL CARE CRITERIA COMMITTEE OCTOBER 7 , 2025 43 
 
Table 12: Efavirenz (EFV) Interactions (also see prescribing information)  
Class or Drug  Mechanism of Action  Clinical"
EFV,43,"hivguidelines.org  
 
 
MEDICAL CARE CRITERIA COMMITTEE OCTOBER 7 , 2025 43 
 
Table 12: Efavirenz (EFV) Interactions (also see prescribing information)  
Class or Drug  Mechanism of Action  Clinical"
EFV,43,"hivguidelines.org  
 
 
MEDICAL CARE CRITERIA COMMITTEE OCTOBER 7 , 2025 43 
 
Table 12: Efavirenz (EFV) Interactions (also see prescribing information)  
Class or Drug  Mechanism of Action  Clinical"
EFV,43,"hivguidelines.org  
 
 
MEDICAL CARE CRITERIA COMMITTEE OCTOBER 7 , 2025 43 
 
Table 12: Efavirenz (EFV) Interactions (also see prescribing information)  
Class or Drug  Mechanism of Action  Clinical"
EFV,43,"hivguidelines.org  
 
 
MEDICAL CARE CRITERIA COMMITTEE OCTOBER 7 , 2025 43 
 
Table 12: Efavirenz (EFV) Interactions (also see prescribing information)  
Class or Drug  Mechanism of Action  Clinical"
EFV,43,"hivguidelines.org  
 
 
MEDICAL CARE CRITERIA COMMITTEE OCTOBER 7 , 2025 43 
 
Table 12: Efavirenz (EFV) Interactions (also see prescribing information)  
Class or Drug  Mechanism of Action  Clinical"
EFV,43,"hivguidelines.org  
 
 
MEDICAL CARE CRITERIA COMMITTEE OCTOBER 7 , 2025 43 
 
Table 12: Efavirenz (EFV) Interactions (also see prescribing information)  
Class or Drug  Mechanism of Action  Clinical"
EFV,43,"hivguidelines.org  
 
 
MEDICAL CARE CRITERIA COMMITTEE OCTOBER 7 , 2025 43 
 
Table 12: Efavirenz (EFV) Interactions (also see prescribing information)  
Class or Drug  Mechanism of Action  Clinical"
EFV,43,"hivguidelines.org  
 
 
MEDICAL CARE CRITERIA COMMITTEE OCTOBER 7 , 2025 43 
 
Table 12: Efavirenz (EFV) Interactions (also see prescribing information)  
Class or Drug  Mechanism of Action  Clinical"
EFV,43,"hivguidelines.org  
 
 
MEDICAL CARE CRITERIA COMMITTEE OCTOBER 7 , 2025 43 
 
Table 12: Efavirenz (EFV) Interactions (also see prescribing information)  
Class or Drug  Mechanism of Action  Clinical"
EFV,43,"hivguidelines.org  
 
 
MEDICAL CARE CRITERIA COMMITTEE OCTOBER 7 , 2025 43 
 
Table 12: Efavirenz (EFV) Interactions (also see prescribing information)  
Class or Drug  Mechanism of Action  Clinical"
EFV,43,"hivguidelines.org  
 
 
MEDICAL CARE CRITERIA COMMITTEE OCTOBER 7 , 2025 43 
 
Table 12: Efavirenz (EFV) Interactions (also see prescribing information)  
Class or Drug  Mechanism of Action  Clinical"
EFV,43,"hivguidelines.org  
 
 
MEDICAL CARE CRITERIA COMMITTEE OCTOBER 7 , 2025 43 
 
Table 12: Efavirenz (EFV) Interactions (also see prescribing information)  
Class or Drug  Mechanism of Action  Clinical"
EFV,43,"hivguidelines.org  
 
 
MEDICAL CARE CRITERIA COMMITTEE OCTOBER 7 , 2025 43 
 
Table 12: Efavirenz (EFV) Interactions (also see prescribing information)  
Class or Drug  Mechanism of Action  Clinical"
EFV,43,"hivguidelines.org  
 
 
MEDICAL CARE CRITERIA COMMITTEE OCTOBER 7 , 2025 43 
 
Table 12: Efavirenz (EFV) Interactions (also see prescribing information)  
Class or Drug  Mechanism of Action  Clinical"
EFV,44,"hivguidelines.org  
 
 
MEDICAL CARE CRITERIA COMMITTEE OCTOBER 7 , 2025 44 
 
Table 12: Efavirenz (EFV) Interactions (also see prescribing information)  
Class or Drug  Mechanism of Action  Clinical"
EFV,44,"hivguidelines.org  
 
 
MEDICAL CARE CRITERIA COMMITTEE OCTOBER 7 , 2025 44 
 
Table 12: Efavirenz (EFV) Interactions (also see prescribing information)  
Class or Drug  Mechanism of Action  Clinical"
EFV,44,"hivguidelines.org  
 
 
MEDICAL CARE CRITERIA COMMITTEE OCTOBER 7 , 2025 44 
 
Table 12: Efavirenz (EFV) Interactions (also see prescribing information)  
Class or Drug  Mechanism of Action  Clinical"
EFV,44,"hivguidelines.org  
 
 
MEDICAL CARE CRITERIA COMMITTEE OCTOBER 7 , 2025 44 
 
Table 12: Efavirenz (EFV) Interactions (also see prescribing information)  
Class or Drug  Mechanism of Action  Clinical"
EFV,44,"hivguidelines.org  
 
 
MEDICAL CARE CRITERIA COMMITTEE OCTOBER 7 , 2025 44 
 
Table 12: Efavirenz (EFV) Interactions (also see prescribing information)  
Class or Drug  Mechanism of Action  Clinical"
EFV,44,"hivguidelines.org  
 
 
MEDICAL CARE CRITERIA COMMITTEE OCTOBER 7 , 2025 44 
 
Table 12: Efavirenz (EFV) Interactions (also see prescribing information)  
Class or Drug  Mechanism of Action  Clinical"
EFV,44,"hivguidelines.org  
 
 
MEDICAL CARE CRITERIA COMMITTEE OCTOBER 7 , 2025 44 
 
Table 12: Efavirenz (EFV) Interactions (also see prescribing information)  
Class or Drug  Mechanism of Action  Clinical"
EFV,44,"hivguidelines.org  
 
 
MEDICAL CARE CRITERIA COMMITTEE OCTOBER 7 , 2025 44 
 
Table 12: Efavirenz (EFV) Interactions (also see prescribing information)  
Class or Drug  Mechanism of Action  Clinical"
EFV,44,"hivguidelines.org  
 
 
MEDICAL CARE CRITERIA COMMITTEE OCTOBER 7 , 2025 44 
 
Table 12: Efavirenz (EFV) Interactions (also see prescribing information)  
Class or Drug  Mechanism of Action  Clinical"
EFV,44,"hivguidelines.org  
 
 
MEDICAL CARE CRITERIA COMMITTEE OCTOBER 7 , 2025 44 
 
Table 12: Efavirenz (EFV) Interactions (also see prescribing information)  
Class or Drug  Mechanism of Action  Clinical"
EFV,44,"hivguidelines.org  
 
 
MEDICAL CARE CRITERIA COMMITTEE OCTOBER 7 , 2025 44 
 
Table 12: Efavirenz (EFV) Interactions (also see prescribing information)  
Class or Drug  Mechanism of Action  Clinical"
EFV,44,"hivguidelines.org  
 
 
MEDICAL CARE CRITERIA COMMITTEE OCTOBER 7 , 2025 44 
 
Table 12: Efavirenz (EFV) Interactions (also see prescribing information)  
Class or Drug  Mechanism of Action  Clinical"
EFV,44,"hivguidelines.org  
 
 
MEDICAL CARE CRITERIA COMMITTEE OCTOBER 7 , 2025 44 
 
Table 12: Efavirenz (EFV) Interactions (also see prescribing information)  
Class or Drug  Mechanism of Action  Clinical"
EFV,44,"hivguidelines.org  
 
 
MEDICAL CARE CRITERIA COMMITTEE OCTOBER 7 , 2025 44 
 
Table 12: Efavirenz (EFV) Interactions (also see prescribing information)  
Class or Drug  Mechanism of Action  Clinical"
EFV,44,"hivguidelines.org  
 
 
MEDICAL CARE CRITERIA COMMITTEE OCTOBER 7 , 2025 44 
 
Table 12: Efavirenz (EFV) Interactions (also see prescribing information)  
Class or Drug  Mechanism of Action  Clinical"
EFV,45,"hivguidelines.org  
 
 
MEDICAL CARE CRITERIA COMMITTEE OCTOBER 7 , 2025 45 
 
Table 12: Efavirenz (EFV) Interactions (also see prescribing information)  
Class or Drug  Mechanism of Action  Clinical"
RTV,45,"l antibodies  do not affect 
CYP450, P -gP, or other drug metabolism transporters.  
• Nirmatrelvir/RTV: Inhibition of CYP3A4, P -gP, and other 
transporters may increase plasma concentrations of othe"
RTV,45,"l antibodies  do not affect 
CYP450, P -gP, or other drug metabolism transporters.  
• Nirmatrelvir/RTV: Inhibition of CYP3A4, P -gP, and other 
transporters may increase plasma concentrations of othe"
EFV,45,"hivguidelines.org  
 
 
MEDICAL CARE CRITERIA COMMITTEE OCTOBER 7 , 2025 45 
 
Table 12: Efavirenz (EFV) Interactions (also see prescribing information)  
Class or Drug  Mechanism of Action  Clinical"
EFV,45,"hivguidelines.org  
 
 
MEDICAL CARE CRITERIA COMMITTEE OCTOBER 7 , 2025 45 
 
Table 12: Efavirenz (EFV) Interactions (also see prescribing information)  
Class or Drug  Mechanism of Action  Clinical"
EFV,45,"hivguidelines.org  
 
 
MEDICAL CARE CRITERIA COMMITTEE OCTOBER 7 , 2025 45 
 
Table 12: Efavirenz (EFV) Interactions (also see prescribing information)  
Class or Drug  Mechanism of Action  Clinical"
EFV,45,"hivguidelines.org  
 
 
MEDICAL CARE CRITERIA COMMITTEE OCTOBER 7 , 2025 45 
 
Table 12: Efavirenz (EFV) Interactions (also see prescribing information)  
Class or Drug  Mechanism of Action  Clinical"
EFV,45,"hivguidelines.org  
 
 
MEDICAL CARE CRITERIA COMMITTEE OCTOBER 7 , 2025 45 
 
Table 12: Efavirenz (EFV) Interactions (also see prescribing information)  
Class or Drug  Mechanism of Action  Clinical"
LEN,45,"terone, micronized progesterone ), 
testosterone: No dose adjustments are necessary . 
Lenacapavir (LEN)  CYP3A4 and P -gP induction associated with concomitant HIV 
treatment potentially deceases LEN"
LEN,45,"terone, micronized progesterone ), 
testosterone: No dose adjustments are necessary . 
Lenacapavir (LEN)  CYP3A4 and P -gP induction associated with concomitant HIV 
treatment potentially deceases LEN"
RTV,45,"l antibodies  do not affect 
CYP450, P -gP, or other drug metabolism transporters.  
• Nirmatrelvir/RTV: Inhibition of CYP3A4, P -gP, and other 
transporters may increase plasma concentrations of othe"
ETR,45,"for benign 
prostatic hyperplasia; alcohol,  disulfiram, and acamprosate.  
 
Table 13: Etravirine (ETR) Interactions (also see prescribing information)  
Class or Drug  Mechanism of Action  Clinical"
ETR,45,"for benign 
prostatic hyperplasia; alcohol,  disulfiram, and acamprosate.  
 
Table 13: Etravirine (ETR) Interactions (also see prescribing information)  
Class or Drug  Mechanism of Action  Clinical"
ETR,45,"for benign 
prostatic hyperplasia; alcohol,  disulfiram, and acamprosate.  
 
Table 13: Etravirine (ETR) Interactions (also see prescribing information)  
Class or Drug  Mechanism of Action  Clinical"
ETR,46,"ivguidelines.org  
 
 
MEDICAL CARE CRITERIA COMMITTEE OCTOBER 7 , 2025 46 
 
Table 13: Etravirine (ETR) Interactions (also see prescribing information)  
Class or Drug  Mechanism of Action  Clinical"
ETR,46,"ivguidelines.org  
 
 
MEDICAL CARE CRITERIA COMMITTEE OCTOBER 7 , 2025 46 
 
Table 13: Etravirine (ETR) Interactions (also see prescribing information)  
Class or Drug  Mechanism of Action  Clinical"
ETR,46,"ivguidelines.org  
 
 
MEDICAL CARE CRITERIA COMMITTEE OCTOBER 7 , 2025 46 
 
Table 13: Etravirine (ETR) Interactions (also see prescribing information)  
Class or Drug  Mechanism of Action  Clinical"
ETR,46,"ivguidelines.org  
 
 
MEDICAL CARE CRITERIA COMMITTEE OCTOBER 7 , 2025 46 
 
Table 13: Etravirine (ETR) Interactions (also see prescribing information)  
Class or Drug  Mechanism of Action  Clinical"
ETR,46,"ivguidelines.org  
 
 
MEDICAL CARE CRITERIA COMMITTEE OCTOBER 7 , 2025 46 
 
Table 13: Etravirine (ETR) Interactions (also see prescribing information)  
Class or Drug  Mechanism of Action  Clinical"
ETR,46,"ivguidelines.org  
 
 
MEDICAL CARE CRITERIA COMMITTEE OCTOBER 7 , 2025 46 
 
Table 13: Etravirine (ETR) Interactions (also see prescribing information)  
Class or Drug  Mechanism of Action  Clinical"
ETR,46,"ivguidelines.org  
 
 
MEDICAL CARE CRITERIA COMMITTEE OCTOBER 7 , 2025 46 
 
Table 13: Etravirine (ETR) Interactions (also see prescribing information)  
Class or Drug  Mechanism of Action  Clinical"
ETR,46,"ivguidelines.org  
 
 
MEDICAL CARE CRITERIA COMMITTEE OCTOBER 7 , 2025 46 
 
Table 13: Etravirine (ETR) Interactions (also see prescribing information)  
Class or Drug  Mechanism of Action  Clinical"
ETR,46,"ivguidelines.org  
 
 
MEDICAL CARE CRITERIA COMMITTEE OCTOBER 7 , 2025 46 
 
Table 13: Etravirine (ETR) Interactions (also see prescribing information)  
Class or Drug  Mechanism of Action  Clinical"
ETR,46,"ivguidelines.org  
 
 
MEDICAL CARE CRITERIA COMMITTEE OCTOBER 7 , 2025 46 
 
Table 13: Etravirine (ETR) Interactions (also see prescribing information)  
Class or Drug  Mechanism of Action  Clinical"
ETR,46,"ivguidelines.org  
 
 
MEDICAL CARE CRITERIA COMMITTEE OCTOBER 7 , 2025 46 
 
Table 13: Etravirine (ETR) Interactions (also see prescribing information)  
Class or Drug  Mechanism of Action  Clinical"
ETR,46,"ivguidelines.org  
 
 
MEDICAL CARE CRITERIA COMMITTEE OCTOBER 7 , 2025 46 
 
Table 13: Etravirine (ETR) Interactions (also see prescribing information)  
Class or Drug  Mechanism of Action  Clinical"
ETR,46,"ivguidelines.org  
 
 
MEDICAL CARE CRITERIA COMMITTEE OCTOBER 7 , 2025 46 
 
Table 13: Etravirine (ETR) Interactions (also see prescribing information)  
Class or Drug  Mechanism of Action  Clinical"
ETR,46,"ivguidelines.org  
 
 
MEDICAL CARE CRITERIA COMMITTEE OCTOBER 7 , 2025 46 
 
Table 13: Etravirine (ETR) Interactions (also see prescribing information)  
Class or Drug  Mechanism of Action  Clinical"
ETR,46,"ivguidelines.org  
 
 
MEDICAL CARE CRITERIA COMMITTEE OCTOBER 7 , 2025 46 
 
Table 13: Etravirine (ETR) Interactions (also see prescribing information)  
Class or Drug  Mechanism of Action  Clinical"
ETR,46,"ivguidelines.org  
 
 
MEDICAL CARE CRITERIA COMMITTEE OCTOBER 7 , 2025 46 
 
Table 13: Etravirine (ETR) Interactions (also see prescribing information)  
Class or Drug  Mechanism of Action  Clinical"
ETR,47,"ivguidelines.org  
 
 
MEDICAL CARE CRITERIA COMMITTEE OCTOBER 7 , 2025 47 
 
Table 13: Etravirine (ETR) Interactions (also see prescribing information)  
Class or Drug  Mechanism of Action  Clinical"
ETR,47,"ivguidelines.org  
 
 
MEDICAL CARE CRITERIA COMMITTEE OCTOBER 7 , 2025 47 
 
Table 13: Etravirine (ETR) Interactions (also see prescribing information)  
Class or Drug  Mechanism of Action  Clinical"
EFV,47,"effect; monitor for efficacy.  
Hormonal contraceptives  Information is based on what is known with EFV drug 
interactions.  • Etonogestrel: No data available; consider alternative or 
additional cont"
ETR,47,"ivguidelines.org  
 
 
MEDICAL CARE CRITERIA COMMITTEE OCTOBER 7 , 2025 47 
 
Table 13: Etravirine (ETR) Interactions (also see prescribing information)  
Class or Drug  Mechanism of Action  Clinical"
ETR,47,"ivguidelines.org  
 
 
MEDICAL CARE CRITERIA COMMITTEE OCTOBER 7 , 2025 47 
 
Table 13: Etravirine (ETR) Interactions (also see prescribing information)  
Class or Drug  Mechanism of Action  Clinical"
ETR,47,"ivguidelines.org  
 
 
MEDICAL CARE CRITERIA COMMITTEE OCTOBER 7 , 2025 47 
 
Table 13: Etravirine (ETR) Interactions (also see prescribing information)  
Class or Drug  Mechanism of Action  Clinical"
ETR,47,"ivguidelines.org  
 
 
MEDICAL CARE CRITERIA COMMITTEE OCTOBER 7 , 2025 47 
 
Table 13: Etravirine (ETR) Interactions (also see prescribing information)  
Class or Drug  Mechanism of Action  Clinical"
ETR,47,"ivguidelines.org  
 
 
MEDICAL CARE CRITERIA COMMITTEE OCTOBER 7 , 2025 47 
 
Table 13: Etravirine (ETR) Interactions (also see prescribing information)  
Class or Drug  Mechanism of Action  Clinical"
ETR,47,"ivguidelines.org  
 
 
MEDICAL CARE CRITERIA COMMITTEE OCTOBER 7 , 2025 47 
 
Table 13: Etravirine (ETR) Interactions (also see prescribing information)  
Class or Drug  Mechanism of Action  Clinical"
ETR,47,"ivguidelines.org  
 
 
MEDICAL CARE CRITERIA COMMITTEE OCTOBER 7 , 2025 47 
 
Table 13: Etravirine (ETR) Interactions (also see prescribing information)  
Class or Drug  Mechanism of Action  Clinical"
ATV,47,"CYP3A, lowering daclatasvir levels.  Increase dose of daclatasvir to 90  mg per day.  
Atazanavir (ATV)  
[Marzolini, et al. 2016; Orrell, 
et al. 2015]  • ETR is a substrate and inducer of CYP3A4."
ETR,47,"ivguidelines.org  
 
 
MEDICAL CARE CRITERIA COMMITTEE OCTOBER 7 , 2025 47 
 
Table 13: Etravirine (ETR) Interactions (also see prescribing information)  
Class or Drug  Mechanism of Action  Clinical"
COBI,47,")  
[Marzolini, et al. 2016; Orrell, 
et al. 2015]  • ETR is a substrate and inducer of CYP3A4.  
• COBI and ATV are substrates and inhibitors of CYP3A4.  • Administration with RTV -boosted ATV result"
ATV,47,"CYP3A, lowering daclatasvir levels.  Increase dose of daclatasvir to 90  mg per day.  
Atazanavir (ATV)  
[Marzolini, et al. 2016; Orrell, 
et al. 2015]  • ETR is a substrate and inducer of CYP3A4."
RTV,47,"inducer of CYP3A4.  
• COBI and ATV are substrates and inhibitors of CYP3A4.  • Administration with RTV -boosted ATV results in decreased ATV 
exposure, but decrease is not considered relevant; no dos"
ATV,47,"CYP3A, lowering daclatasvir levels.  Increase dose of daclatasvir to 90  mg per day.  
Atazanavir (ATV)  
[Marzolini, et al. 2016; Orrell, 
et al. 2015]  • ETR is a substrate and inducer of CYP3A4."
ATV,47,"CYP3A, lowering daclatasvir levels.  Increase dose of daclatasvir to 90  mg per day.  
Atazanavir (ATV)  
[Marzolini, et al. 2016; Orrell, 
et al. 2015]  • ETR is a substrate and inducer of CYP3A4."
ETR,47,"ivguidelines.org  
 
 
MEDICAL CARE CRITERIA COMMITTEE OCTOBER 7 , 2025 47 
 
Table 13: Etravirine (ETR) Interactions (also see prescribing information)  
Class or Drug  Mechanism of Action  Clinical"
COBI,47,")  
[Marzolini, et al. 2016; Orrell, 
et al. 2015]  • ETR is a substrate and inducer of CYP3A4.  
• COBI and ATV are substrates and inhibitors of CYP3A4.  • Administration with RTV -boosted ATV result"
COBI,47,")  
[Marzolini, et al. 2016; Orrell, 
et al. 2015]  • ETR is a substrate and inducer of CYP3A4.  
• COBI and ATV are substrates and inhibitors of CYP3A4.  • Administration with RTV -boosted ATV result"
ETR,47,"ivguidelines.org  
 
 
MEDICAL CARE CRITERIA COMMITTEE OCTOBER 7 , 2025 47 
 
Table 13: Etravirine (ETR) Interactions (also see prescribing information)  
Class or Drug  Mechanism of Action  Clinical"
ATV,47,"CYP3A, lowering daclatasvir levels.  Increase dose of daclatasvir to 90  mg per day.  
Atazanavir (ATV)  
[Marzolini, et al. 2016; Orrell, 
et al. 2015]  • ETR is a substrate and inducer of CYP3A4."
ETR,47,"ivguidelines.org  
 
 
MEDICAL CARE CRITERIA COMMITTEE OCTOBER 7 , 2025 47 
 
Table 13: Etravirine (ETR) Interactions (also see prescribing information)  
Class or Drug  Mechanism of Action  Clinical"
ATV,47,"CYP3A, lowering daclatasvir levels.  Increase dose of daclatasvir to 90  mg per day.  
Atazanavir (ATV)  
[Marzolini, et al. 2016; Orrell, 
et al. 2015]  • ETR is a substrate and inducer of CYP3A4."
ATV,47,"CYP3A, lowering daclatasvir levels.  Increase dose of daclatasvir to 90  mg per day.  
Atazanavir (ATV)  
[Marzolini, et al. 2016; Orrell, 
et al. 2015]  • ETR is a substrate and inducer of CYP3A4."
ETR,48,"ivguidelines.org  
 
 
MEDICAL CARE CRITERIA COMMITTEE OCTOBER 7 , 2025 48 
 
Table 13: Etravirine (ETR) Interactions (also see prescribing information)  
Class or Drug  Mechanism of Action  Clinical"
DTG,48,"ee prescribing information)  
Class or Drug  Mechanism of Action  Clinical Comments  
Dolutegravir (DTG)  
[Green, et al. 2017]  • ETR induces UGT1A1 and CYP3A enzymes.  
• DTG is a substrate of UGT1A"
ETR,48,"ivguidelines.org  
 
 
MEDICAL CARE CRITERIA COMMITTEE OCTOBER 7 , 2025 48 
 
Table 13: Etravirine (ETR) Interactions (also see prescribing information)  
Class or Drug  Mechanism of Action  Clinical"
DTG,48,"ee prescribing information)  
Class or Drug  Mechanism of Action  Clinical Comments  
Dolutegravir (DTG)  
[Green, et al. 2017]  • ETR induces UGT1A1 and CYP3A enzymes.  
• DTG is a substrate of UGT1A"
ETR,48,"ivguidelines.org  
 
 
MEDICAL CARE CRITERIA COMMITTEE OCTOBER 7 , 2025 48 
 
Table 13: Etravirine (ETR) Interactions (also see prescribing information)  
Class or Drug  Mechanism of Action  Clinical"
DTG,48,"ee prescribing information)  
Class or Drug  Mechanism of Action  Clinical Comments  
Dolutegravir (DTG)  
[Green, et al. 2017]  • ETR induces UGT1A1 and CYP3A enzymes.  
• DTG is a substrate of UGT1A"
LEN,48,"ions. Do not use concomitantly 
unless boosted PI is also part of treatment regimen.  
Lenacapavir (LEN)  CYP3A4 and P -gP induction associated with concomitant HIV 
treatment potentially deceases LEN"
LEN,48,"ions. Do not use concomitantly 
unless boosted PI is also part of treatment regimen.  
Lenacapavir (LEN)  CYP3A4 and P -gP induction associated with concomitant HIV 
treatment potentially deceases LEN"
ETR,48,"ivguidelines.org  
 
 
MEDICAL CARE CRITERIA COMMITTEE OCTOBER 7 , 2025 48 
 
Table 13: Etravirine (ETR) Interactions (also see prescribing information)  
Class or Drug  Mechanism of Action  Clinical"
ETR,48,"ivguidelines.org  
 
 
MEDICAL CARE CRITERIA COMMITTEE OCTOBER 7 , 2025 48 
 
Table 13: Etravirine (ETR) Interactions (also see prescribing information)  
Class or Drug  Mechanism of Action  Clinical"
ETR,48,"ivguidelines.org  
 
 
MEDICAL CARE CRITERIA COMMITTEE OCTOBER 7 , 2025 48 
 
Table 13: Etravirine (ETR) Interactions (also see prescribing information)  
Class or Drug  Mechanism of Action  Clinical"
ETR,48,"ivguidelines.org  
 
 
MEDICAL CARE CRITERIA COMMITTEE OCTOBER 7 , 2025 48 
 
Table 13: Etravirine (ETR) Interactions (also see prescribing information)  
Class or Drug  Mechanism of Action  Clinical"
ETR,48,"ivguidelines.org  
 
 
MEDICAL CARE CRITERIA COMMITTEE OCTOBER 7 , 2025 48 
 
Table 13: Etravirine (ETR) Interactions (also see prescribing information)  
Class or Drug  Mechanism of Action  Clinical"
ETR,48,"ivguidelines.org  
 
 
MEDICAL CARE CRITERIA COMMITTEE OCTOBER 7 , 2025 48 
 
Table 13: Etravirine (ETR) Interactions (also see prescribing information)  
Class or Drug  Mechanism of Action  Clinical"
ETR,48,"ivguidelines.org  
 
 
MEDICAL CARE CRITERIA COMMITTEE OCTOBER 7 , 2025 48 
 
Table 13: Etravirine (ETR) Interactions (also see prescribing information)  
Class or Drug  Mechanism of Action  Clinical"
ETR,48,"ivguidelines.org  
 
 
MEDICAL CARE CRITERIA COMMITTEE OCTOBER 7 , 2025 48 
 
Table 13: Etravirine (ETR) Interactions (also see prescribing information)  
Class or Drug  Mechanism of Action  Clinical"
ETR,48,"ivguidelines.org  
 
 
MEDICAL CARE CRITERIA COMMITTEE OCTOBER 7 , 2025 48 
 
Table 13: Etravirine (ETR) Interactions (also see prescribing information)  
Class or Drug  Mechanism of Action  Clinical"
COBI,48,"response.  
Abbreviations:  ADHD, attention -deficit/hyperactivity disorder; ARV, antiretroviral; COBI, cobicistat; CYP, cytochrome P450; DPP -4, dipeptidyl peptidase- 4; EFV, efavirenz; HCV, hepati"
EFV,48,"rder; ARV, antiretroviral; COBI, cobicistat; CYP, cytochrome P450; DPP -4, dipeptidyl peptidase- 4; EFV, efavirenz; HCV, hepatitis C 
virus; INR, international normalized ratio; NNRTI, non -nucleoside"
RTV,48,"criptase inhibitor; P- gP, P -glycoprotein; PDE5, phosphodiesterase type 5; PI, protease inhibitor; RTV, 
ritonavir; TDM, therapeutic drug monitoring; UGT, uridine diphosphate glucuronosyltransferase;"
ABC,49,"EE OCTOBER 7 , 2025 49 
 
Nucleoside Reverse Transcriptase Inhibitors (NRTIs)  
Table 14: Abacavir (ABC) Interactions (also see prescribing information)  
Class or Drug  Mechanism of Action  Clinical"
ABC,49,"EE OCTOBER 7 , 2025 49 
 
Nucleoside Reverse Transcriptase Inhibitors (NRTIs)  
Table 14: Abacavir (ABC) Interactions (also see prescribing information)  
Class or Drug  Mechanism of Action  Clinical"
ABC,49,"EE OCTOBER 7 , 2025 49 
 
Nucleoside Reverse Transcriptase Inhibitors (NRTIs)  
Table 14: Abacavir (ABC) Interactions (also see prescribing information)  
Class or Drug  Mechanism of Action  Clinical"
ABC,49,"EE OCTOBER 7 , 2025 49 
 
Nucleoside Reverse Transcriptase Inhibitors (NRTIs)  
Table 14: Abacavir (ABC) Interactions (also see prescribing information)  
Class or Drug  Mechanism of Action  Clinical"
ABC,49,"EE OCTOBER 7 , 2025 49 
 
Nucleoside Reverse Transcriptase Inhibitors (NRTIs)  
Table 14: Abacavir (ABC) Interactions (also see prescribing information)  
Class or Drug  Mechanism of Action  Clinical"
ABC,49,"EE OCTOBER 7 , 2025 49 
 
Nucleoside Reverse Transcriptase Inhibitors (NRTIs)  
Table 14: Abacavir (ABC) Interactions (also see prescribing information)  
Class or Drug  Mechanism of Action  Clinical"
ABC,49,"EE OCTOBER 7 , 2025 49 
 
Nucleoside Reverse Transcriptase Inhibitors (NRTIs)  
Table 14: Abacavir (ABC) Interactions (also see prescribing information)  
Class or Drug  Mechanism of Action  Clinical"
ABC,49,"EE OCTOBER 7 , 2025 49 
 
Nucleoside Reverse Transcriptase Inhibitors (NRTIs)  
Table 14: Abacavir (ABC) Interactions (also see prescribing information)  
Class or Drug  Mechanism of Action  Clinical"
TAF,49,"ion by OAT1 and OAT3.  Cidofovir:  Avoid coadministration with nephrotoxic agents. 
Consider use of TAF in place of TDF and monitor for renal- related 
adverse effects. 
Abbreviations:  OAT, organic a"
TDF,49,"OAT3.  Cidofovir:  Avoid coadministration with nephrotoxic agents. 
Consider use of TAF in place of TDF and monitor for renal- related 
adverse effects. 
Abbreviations:  OAT, organic anion transporter"
TAF,49,"ion by OAT1 and OAT3.  Cidofovir:  Avoid coadministration with nephrotoxic agents. 
Consider use of TAF in place of TDF and monitor for renal- related 
adverse effects. 
Abbreviations:  OAT, organic a"
TDF,49,"OAT3.  Cidofovir:  Avoid coadministration with nephrotoxic agents. 
Consider use of TAF in place of TDF and monitor for renal- related 
adverse effects. 
Abbreviations:  OAT, organic anion transporter"
TDF,49,"OAT3.  Cidofovir:  Avoid coadministration with nephrotoxic agents. 
Consider use of TAF in place of TDF and monitor for renal- related 
adverse effects. 
Abbreviations:  OAT, organic anion transporter"
TAF,49,"ion by OAT1 and OAT3.  Cidofovir:  Avoid coadministration with nephrotoxic agents. 
Consider use of TAF in place of TDF and monitor for renal- related 
adverse effects. 
Abbreviations:  OAT, organic a"
TDF,49,"OAT3.  Cidofovir:  Avoid coadministration with nephrotoxic agents. 
Consider use of TAF in place of TDF and monitor for renal- related 
adverse effects. 
Abbreviations:  OAT, organic anion transporter"
TAF,49,"ion by OAT1 and OAT3.  Cidofovir:  Avoid coadministration with nephrotoxic agents. 
Consider use of TAF in place of TDF and monitor for renal- related 
adverse effects. 
Abbreviations:  OAT, organic a"
TAF,49,"ion by OAT1 and OAT3.  Cidofovir:  Avoid coadministration with nephrotoxic agents. 
Consider use of TAF in place of TDF and monitor for renal- related 
adverse effects. 
Abbreviations:  OAT, organic a"
TAF,49,"ion by OAT1 and OAT3.  Cidofovir:  Avoid coadministration with nephrotoxic agents. 
Consider use of TAF in place of TDF and monitor for renal- related 
adverse effects. 
Abbreviations:  OAT, organic a"
TDF,49,"OAT3.  Cidofovir:  Avoid coadministration with nephrotoxic agents. 
Consider use of TAF in place of TDF and monitor for renal- related 
adverse effects. 
Abbreviations:  OAT, organic anion transporter"
TAF,49,"ion by OAT1 and OAT3.  Cidofovir:  Avoid coadministration with nephrotoxic agents. 
Consider use of TAF in place of TDF and monitor for renal- related 
adverse effects. 
Abbreviations:  OAT, organic a"
TDF,49,"OAT3.  Cidofovir:  Avoid coadministration with nephrotoxic agents. 
Consider use of TAF in place of TDF and monitor for renal- related 
adverse effects. 
Abbreviations:  OAT, organic anion transporter"
TDF,49,"OAT3.  Cidofovir:  Avoid coadministration with nephrotoxic agents. 
Consider use of TAF in place of TDF and monitor for renal- related 
adverse effects. 
Abbreviations:  OAT, organic anion transporter"
TAF,49,"ion by OAT1 and OAT3.  Cidofovir:  Avoid coadministration with nephrotoxic agents. 
Consider use of TAF in place of TDF and monitor for renal- related 
adverse effects. 
Abbreviations:  OAT, organic a"
TAF,49,"ion by OAT1 and OAT3.  Cidofovir:  Avoid coadministration with nephrotoxic agents. 
Consider use of TAF in place of TDF and monitor for renal- related 
adverse effects. 
Abbreviations:  OAT, organic a"
TDF,50,"MEDICAL CARE CRITERIA COMMITTEE OCTOBER 7 , 2025 50 
 
Table 15: Tenofovir Disoproxil Fumarate (TDF) and Tenofovir Alafenamide (TAF) Interactions (also see prescribing information)  
Class or Drug"
TAF,50,"TEE OCTOBER 7 , 2025 50 
 
Table 15: Tenofovir Disoproxil Fumarate (TDF) and Tenofovir Alafenamide (TAF) Interactions (also see prescribing information)  
Class or Drug  Mechanism of Action  Clinical"
TAF,50,"TEE OCTOBER 7 , 2025 50 
 
Table 15: Tenofovir Disoproxil Fumarate (TDF) and Tenofovir Alafenamide (TAF) Interactions (also see prescribing information)  
Class or Drug  Mechanism of Action  Clinical"
TAF,50,"TEE OCTOBER 7 , 2025 50 
 
Table 15: Tenofovir Disoproxil Fumarate (TDF) and Tenofovir Alafenamide (TAF) Interactions (also see prescribing information)  
Class or Drug  Mechanism of Action  Clinical"
TAF,50,"TEE OCTOBER 7 , 2025 50 
 
Table 15: Tenofovir Disoproxil Fumarate (TDF) and Tenofovir Alafenamide (TAF) Interactions (also see prescribing information)  
Class or Drug  Mechanism of Action  Clinical"
TAF,50,"TEE OCTOBER 7 , 2025 50 
 
Table 15: Tenofovir Disoproxil Fumarate (TDF) and Tenofovir Alafenamide (TAF) Interactions (also see prescribing information)  
Class or Drug  Mechanism of Action  Clinical"
TAF,50,"TEE OCTOBER 7 , 2025 50 
 
Table 15: Tenofovir Disoproxil Fumarate (TDF) and Tenofovir Alafenamide (TAF) Interactions (also see prescribing information)  
Class or Drug  Mechanism of Action  Clinical"
TAF,50,"TEE OCTOBER 7 , 2025 50 
 
Table 15: Tenofovir Disoproxil Fumarate (TDF) and Tenofovir Alafenamide (TAF) Interactions (also see prescribing information)  
Class or Drug  Mechanism of Action  Clinical"
TAF,50,"TEE OCTOBER 7 , 2025 50 
 
Table 15: Tenofovir Disoproxil Fumarate (TDF) and Tenofovir Alafenamide (TAF) Interactions (also see prescribing information)  
Class or Drug  Mechanism of Action  Clinical"
TDF,50,"MEDICAL CARE CRITERIA COMMITTEE OCTOBER 7 , 2025 50 
 
Table 15: Tenofovir Disoproxil Fumarate (TDF) and Tenofovir Alafenamide (TAF) Interactions (also see prescribing information)  
Class or Drug"
TAF,50,"TEE OCTOBER 7 , 2025 50 
 
Table 15: Tenofovir Disoproxil Fumarate (TDF) and Tenofovir Alafenamide (TAF) Interactions (also see prescribing information)  
Class or Drug  Mechanism of Action  Clinical"
TAF,50,"TEE OCTOBER 7 , 2025 50 
 
Table 15: Tenofovir Disoproxil Fumarate (TDF) and Tenofovir Alafenamide (TAF) Interactions (also see prescribing information)  
Class or Drug  Mechanism of Action  Clinical"
TDF,50,"MEDICAL CARE CRITERIA COMMITTEE OCTOBER 7 , 2025 50 
 
Table 15: Tenofovir Disoproxil Fumarate (TDF) and Tenofovir Alafenamide (TAF) Interactions (also see prescribing information)  
Class or Drug"
TAF,50,"TEE OCTOBER 7 , 2025 50 
 
Table 15: Tenofovir Disoproxil Fumarate (TDF) and Tenofovir Alafenamide (TAF) Interactions (also see prescribing information)  
Class or Drug  Mechanism of Action  Clinical"
TDF,50,"MEDICAL CARE CRITERIA COMMITTEE OCTOBER 7 , 2025 50 
 
Table 15: Tenofovir Disoproxil Fumarate (TDF) and Tenofovir Alafenamide (TAF) Interactions (also see prescribing information)  
Class or Drug"
TDF,50,"MEDICAL CARE CRITERIA COMMITTEE OCTOBER 7 , 2025 50 
 
Table 15: Tenofovir Disoproxil Fumarate (TDF) and Tenofovir Alafenamide (TAF) Interactions (also see prescribing information)  
Class or Drug"
TDF,50,"MEDICAL CARE CRITERIA COMMITTEE OCTOBER 7 , 2025 50 
 
Table 15: Tenofovir Disoproxil Fumarate (TDF) and Tenofovir Alafenamide (TAF) Interactions (also see prescribing information)  
Class or Drug"
TDF,50,"MEDICAL CARE CRITERIA COMMITTEE OCTOBER 7 , 2025 50 
 
Table 15: Tenofovir Disoproxil Fumarate (TDF) and Tenofovir Alafenamide (TAF) Interactions (also see prescribing information)  
Class or Drug"
TDF,50,"MEDICAL CARE CRITERIA COMMITTEE OCTOBER 7 , 2025 50 
 
Table 15: Tenofovir Disoproxil Fumarate (TDF) and Tenofovir Alafenamide (TAF) Interactions (also see prescribing information)  
Class or Drug"
TDF,50,"MEDICAL CARE CRITERIA COMMITTEE OCTOBER 7 , 2025 50 
 
Table 15: Tenofovir Disoproxil Fumarate (TDF) and Tenofovir Alafenamide (TAF) Interactions (also see prescribing information)  
Class or Drug"
TDF,50,"MEDICAL CARE CRITERIA COMMITTEE OCTOBER 7 , 2025 50 
 
Table 15: Tenofovir Disoproxil Fumarate (TDF) and Tenofovir Alafenamide (TAF) Interactions (also see prescribing information)  
Class or Drug"
TAF,50,"TEE OCTOBER 7 , 2025 50 
 
Table 15: Tenofovir Disoproxil Fumarate (TDF) and Tenofovir Alafenamide (TAF) Interactions (also see prescribing information)  
Class or Drug  Mechanism of Action  Clinical"
TDF,50,"MEDICAL CARE CRITERIA COMMITTEE OCTOBER 7 , 2025 50 
 
Table 15: Tenofovir Disoproxil Fumarate (TDF) and Tenofovir Alafenamide (TAF) Interactions (also see prescribing information)  
Class or Drug"
FTC,50,"-affirming hormones; ADHD medications and lithium. 
 
Table 16: Lamivudine (3TC) and Emtricitabine (FTC) Interactions (also see prescribing information) 
Class or Drug  Mechanism of Action  Clinical C"
TAF,50,"TEE OCTOBER 7 , 2025 50 
 
Table 15: Tenofovir Disoproxil Fumarate (TDF) and Tenofovir Alafenamide (TAF) Interactions (also see prescribing information)  
Class or Drug  Mechanism of Action  Clinical"
TDF,50,"MEDICAL CARE CRITERIA COMMITTEE OCTOBER 7 , 2025 50 
 
Table 15: Tenofovir Disoproxil Fumarate (TDF) and Tenofovir Alafenamide (TAF) Interactions (also see prescribing information)  
Class or Drug"
TAF,50,"TEE OCTOBER 7 , 2025 50 
 
Table 15: Tenofovir Disoproxil Fumarate (TDF) and Tenofovir Alafenamide (TAF) Interactions (also see prescribing information)  
Class or Drug  Mechanism of Action  Clinical"
TDF,50,"MEDICAL CARE CRITERIA COMMITTEE OCTOBER 7 , 2025 50 
 
Table 15: Tenofovir Disoproxil Fumarate (TDF) and Tenofovir Alafenamide (TAF) Interactions (also see prescribing information)  
Class or Drug"
FTC,51,"EDICAL CARE CRITERIA COMMITTEE OCTOBER 7 , 2025 51 
 
Table 16: Lamivudine (3TC) and Emtricitabine (FTC) Interactions (also see prescribing information) 
Class or Drug  Mechanism of Action  Clinical C"
FTR,51,"affirming hormones; ADHD medications and lithium.  
Entry Inhibitors (EIs)  
Table 17: Fostemsavir (FTR) Interactions (also see prescribing information) 
Class or Drug  Mechanism of Action  Clinical C"
FTR,51,"affirming hormones; ADHD medications and lithium.  
Entry Inhibitors (EIs)  
Table 17: Fostemsavir (FTR) Interactions (also see prescribing information) 
Class or Drug  Mechanism of Action  Clinical C"
FTR,51,"affirming hormones; ADHD medications and lithium.  
Entry Inhibitors (EIs)  
Table 17: Fostemsavir (FTR) Interactions (also see prescribing information) 
Class or Drug  Mechanism of Action  Clinical C"
FTR,51,"affirming hormones; ADHD medications and lithium.  
Entry Inhibitors (EIs)  
Table 17: Fostemsavir (FTR) Interactions (also see prescribing information) 
Class or Drug  Mechanism of Action  Clinical C"
FTR,51,"affirming hormones; ADHD medications and lithium.  
Entry Inhibitors (EIs)  
Table 17: Fostemsavir (FTR) Interactions (also see prescribing information) 
Class or Drug  Mechanism of Action  Clinical C"
FTR,51,"affirming hormones; ADHD medications and lithium.  
Entry Inhibitors (EIs)  
Table 17: Fostemsavir (FTR) Interactions (also see prescribing information) 
Class or Drug  Mechanism of Action  Clinical C"
FTR,51,"affirming hormones; ADHD medications and lithium.  
Entry Inhibitors (EIs)  
Table 17: Fostemsavir (FTR) Interactions (also see prescribing information) 
Class or Drug  Mechanism of Action  Clinical C"
RTV,51,"l antibodies  do not affect 
CYP450, P -gP, or other drug metabolism transporters.  
• Nirmatrelvir/RTV: Inhibition of CYP3A4, P -gP, and other 
transporters may increase plasma concentrations of othe"
RTV,51,"l antibodies  do not affect 
CYP450, P -gP, or other drug metabolism transporters.  
• Nirmatrelvir/RTV: Inhibition of CYP3A4, P -gP, and other 
transporters may increase plasma concentrations of othe"
FTR,51,"affirming hormones; ADHD medications and lithium.  
Entry Inhibitors (EIs)  
Table 17: Fostemsavir (FTR) Interactions (also see prescribing information) 
Class or Drug  Mechanism of Action  Clinical C"
FTR,51,"affirming hormones; ADHD medications and lithium.  
Entry Inhibitors (EIs)  
Table 17: Fostemsavir (FTR) Interactions (also see prescribing information) 
Class or Drug  Mechanism of Action  Clinical C"
FTR,51,"affirming hormones; ADHD medications and lithium.  
Entry Inhibitors (EIs)  
Table 17: Fostemsavir (FTR) Interactions (also see prescribing information) 
Class or Drug  Mechanism of Action  Clinical C"
FTR,52,"vguidelines.org  
 
 
MEDICAL CARE CRITERIA COMMITTEE OCTOBER 7 , 2025 52 
 
Table 17: Fostemsavir (FTR) Interactions (also see prescribing information) 
Class or Drug  Mechanism of Action  Clinical C"
FTR,52,"vguidelines.org  
 
 
MEDICAL CARE CRITERIA COMMITTEE OCTOBER 7 , 2025 52 
 
Table 17: Fostemsavir (FTR) Interactions (also see prescribing information) 
Class or Drug  Mechanism of Action  Clinical C"
RTV,52,"us; LFT, liver function test; OATP, organic anion transporting polypeptide; P -gP, P -glycoprotein; RTV, 
ritonavir.  
No significant interactions/no dose adjustments necessary (see guideline section"
MVC,52,", and naltrexone; gender -affirming hormones; ADHD medications and lithium. 
 
Table 18: Maraviroc (MVC) Interactions (also see prescribing information)  
Class or Drug  Mechanism of Action  Clinical"
MVC,52,", and naltrexone; gender -affirming hormones; ADHD medications and lithium. 
 
Table 18: Maraviroc (MVC) Interactions (also see prescribing information)  
Class or Drug  Mechanism of Action  Clinical"
RTV,52,"us; LFT, liver function test; OATP, organic anion transporting polypeptide; P -gP, P -glycoprotein; RTV, 
ritonavir.  
No significant interactions/no dose adjustments necessary (see guideline section"
RTV,52,"us; LFT, liver function test; OATP, organic anion transporting polypeptide; P -gP, P -glycoprotein; RTV, 
ritonavir.  
No significant interactions/no dose adjustments necessary (see guideline section"
MVC,52,", and naltrexone; gender -affirming hormones; ADHD medications and lithium. 
 
Table 18: Maraviroc (MVC) Interactions (also see prescribing information)  
Class or Drug  Mechanism of Action  Clinical"
MVC,52,", and naltrexone; gender -affirming hormones; ADHD medications and lithium. 
 
Table 18: Maraviroc (MVC) Interactions (also see prescribing information)  
Class or Drug  Mechanism of Action  Clinical"
RTV,52,"us; LFT, liver function test; OATP, organic anion transporting polypeptide; P -gP, P -glycoprotein; RTV, 
ritonavir.  
No significant interactions/no dose adjustments necessary (see guideline section"
MVC,52,", and naltrexone; gender -affirming hormones; ADHD medications and lithium. 
 
Table 18: Maraviroc (MVC) Interactions (also see prescribing information)  
Class or Drug  Mechanism of Action  Clinical"
LEN,53,"MEDICAL CARE CRITERIA COMMITTEE OCTOBER 7 , 2025 53 
 
Capsid Inhibitor  
Table 19A: Lenacapavir (LEN) Interactions When Used for HIV Treatment [a] (also see prescribing information) 
Class or Drug"
LEN,53,"MEDICAL CARE CRITERIA COMMITTEE OCTOBER 7 , 2025 53 
 
Capsid Inhibitor  
Table 19A: Lenacapavir (LEN) Interactions When Used for HIV Treatment [a] (also see prescribing information) 
Class or Drug"
LEN,53,"MEDICAL CARE CRITERIA COMMITTEE OCTOBER 7 , 2025 53 
 
Capsid Inhibitor  
Table 19A: Lenacapavir (LEN) Interactions When Used for HIV Treatment [a] (also see prescribing information) 
Class or Drug"
EFV,53,"tion levels.  Amiodarone, disopyramide, quinidine, ivabradine: Do not 
coadminister.  
• Efavirenz (EFV)  
• Etravirine (ETR)  
• Nevirapine (NVP)  
• Tipranavir (TPV)  CYP3A4 and P -gP induction asso"
ETR,53,"one, disopyramide, quinidine, ivabradine: Do not 
coadminister.  
• Efavirenz (EFV)  
• Etravirine (ETR)  
• Nevirapine (NVP)  
• Tipranavir (TPV)  CYP3A4 and P -gP induction associated with concomita"
LEN,53,"MEDICAL CARE CRITERIA COMMITTEE OCTOBER 7 , 2025 53 
 
Capsid Inhibitor  
Table 19A: Lenacapavir (LEN) Interactions When Used for HIV Treatment [a] (also see prescribing information) 
Class or Drug"
COBI,53,"levels. • Do not coadminister. 
• Drug interactions with rilpivirine and doravirine are unlikely.  
COBI- or RTV -boosted 
atazanavir (ATV)  CYP3A4 and P -gP inhibition potentially increases LEN level"
RTV,53,"Do not coadminister. 
• Drug interactions with rilpivirine and doravirine are unlikely.  
COBI- or RTV -boosted 
atazanavir (ATV)  CYP3A4 and P -gP inhibition potentially increases LEN levels.  • Do"
ATV,53,"rug interactions with rilpivirine and doravirine are unlikely.  
COBI- or RTV -boosted 
atazanavir (ATV)  CYP3A4 and P -gP inhibition potentially increases LEN levels.  • Do not coadminister.  
• Drug"
LEN,53,"MEDICAL CARE CRITERIA COMMITTEE OCTOBER 7 , 2025 53 
 
Capsid Inhibitor  
Table 19A: Lenacapavir (LEN) Interactions When Used for HIV Treatment [a] (also see prescribing information) 
Class or Drug"
COBI,53,"levels. • Do not coadminister. 
• Drug interactions with rilpivirine and doravirine are unlikely.  
COBI- or RTV -boosted 
atazanavir (ATV)  CYP3A4 and P -gP inhibition potentially increases LEN level"
LEN,53,"MEDICAL CARE CRITERIA COMMITTEE OCTOBER 7 , 2025 53 
 
Capsid Inhibitor  
Table 19A: Lenacapavir (LEN) Interactions When Used for HIV Treatment [a] (also see prescribing information) 
Class or Drug"
LEN,53,"MEDICAL CARE CRITERIA COMMITTEE OCTOBER 7 , 2025 53 
 
Capsid Inhibitor  
Table 19A: Lenacapavir (LEN) Interactions When Used for HIV Treatment [a] (also see prescribing information) 
Class or Drug"
LEN,54,"guidelines.org  
 
 
MEDICAL CARE CRITERIA COMMITTEE OCTOBER 7 , 2025 54 
 
Table 19A: Lenacapavir (LEN) Interactions When Used for HIV Treatment [a] (also see prescribing information) 
Class or Drug"
LEN,54,"guidelines.org  
 
 
MEDICAL CARE CRITERIA COMMITTEE OCTOBER 7 , 2025 54 
 
Table 19A: Lenacapavir (LEN) Interactions When Used for HIV Treatment [a] (also see prescribing information) 
Class or Drug"
LEN,54,"guidelines.org  
 
 
MEDICAL CARE CRITERIA COMMITTEE OCTOBER 7 , 2025 54 
 
Table 19A: Lenacapavir (LEN) Interactions When Used for HIV Treatment [a] (also see prescribing information) 
Class or Drug"
LEN,54,"guidelines.org  
 
 
MEDICAL CARE CRITERIA COMMITTEE OCTOBER 7 , 2025 54 
 
Table 19A: Lenacapavir (LEN) Interactions When Used for HIV Treatment [a] (also see prescribing information) 
Class or Drug"
LEN,54,"guidelines.org  
 
 
MEDICAL CARE CRITERIA COMMITTEE OCTOBER 7 , 2025 54 
 
Table 19A: Lenacapavir (LEN) Interactions When Used for HIV Treatment [a] (also see prescribing information) 
Class or Drug"
COBI,54,"edications.  
Abbreviations:  ADHD, attention -deficit/hyperactivity disorder; ARV, antiretroviral; COBI, cobicistat; CYP, cytochrome P450; MAT, medication- assisted therapy; PDE5, phosphodiesterase"
RTV,54,"assisted therapy; PDE5, phosphodiesterase 
type 5; P -gP, P -glycoprotein; PI, protease inhibitor; RTV, ritonavir; TDM, therapeutic drug monitoring. 
Note: 
a. For LEN as HIV treatment, see prescribi"
LEN,54,"guidelines.org  
 
 
MEDICAL CARE CRITERIA COMMITTEE OCTOBER 7 , 2025 54 
 
Table 19A: Lenacapavir (LEN) Interactions When Used for HIV Treatment [a] (also see prescribing information) 
Class or Drug"
LEN,54,"guidelines.org  
 
 
MEDICAL CARE CRITERIA COMMITTEE OCTOBER 7 , 2025 54 
 
Table 19A: Lenacapavir (LEN) Interactions When Used for HIV Treatment [a] (also see prescribing information) 
Class or Drug"
LEN,55,"guidelines.org  
 
 
MEDICAL CARE CRITERIA COMMITTEE OCTOBER 7 , 2025 55 
 
Table 19A: Lenacapavir (LEN) Interactions When Used for HIV Treatment [a] (also see prescribing information) 
Class or Drug"
LEN,55,"guidelines.org  
 
 
MEDICAL CARE CRITERIA COMMITTEE OCTOBER 7 , 2025 55 
 
Table 19A: Lenacapavir (LEN) Interactions When Used for HIV Treatment [a] (also see prescribing information) 
Class or Drug"
LEN,55,"guidelines.org  
 
 
MEDICAL CARE CRITERIA COMMITTEE OCTOBER 7 , 2025 55 
 
Table 19A: Lenacapavir (LEN) Interactions When Used for HIV Treatment [a] (also see prescribing information) 
Class or Drug"
LEN,55,"guidelines.org  
 
 
MEDICAL CARE CRITERIA COMMITTEE OCTOBER 7 , 2025 55 
 
Table 19A: Lenacapavir (LEN) Interactions When Used for HIV Treatment [a] (also see prescribing information) 
Class or Drug"
LEN,55,"guidelines.org  
 
 
MEDICAL CARE CRITERIA COMMITTEE OCTOBER 7 , 2025 55 
 
Table 19A: Lenacapavir (LEN) Interactions When Used for HIV Treatment [a] (also see prescribing information) 
Class or Drug"
LEN,55,"guidelines.org  
 
 
MEDICAL CARE CRITERIA COMMITTEE OCTOBER 7 , 2025 55 
 
Table 19A: Lenacapavir (LEN) Interactions When Used for HIV Treatment [a] (also see prescribing information) 
Class or Drug"
LEN,55,"guidelines.org  
 
 
MEDICAL CARE CRITERIA COMMITTEE OCTOBER 7 , 2025 55 
 
Table 19A: Lenacapavir (LEN) Interactions When Used for HIV Treatment [a] (also see prescribing information) 
Class or Drug"
LEN,55,"guidelines.org  
 
 
MEDICAL CARE CRITERIA COMMITTEE OCTOBER 7 , 2025 55 
 
Table 19A: Lenacapavir (LEN) Interactions When Used for HIV Treatment [a] (also see prescribing information) 
Class or Drug"
LEN,55,"guidelines.org  
 
 
MEDICAL CARE CRITERIA COMMITTEE OCTOBER 7 , 2025 55 
 
Table 19A: Lenacapavir (LEN) Interactions When Used for HIV Treatment [a] (also see prescribing information) 
Class or Drug"
LEN,55,"guidelines.org  
 
 
MEDICAL CARE CRITERIA COMMITTEE OCTOBER 7 , 2025 55 
 
Table 19A: Lenacapavir (LEN) Interactions When Used for HIV Treatment [a] (also see prescribing information) 
Class or Drug"
LEN,56,"guidelines.org  
 
 
MEDICAL CARE CRITERIA COMMITTEE OCTOBER 7 , 2025 56 
 
Table 19B: Lenacapavir (LEN) Interactions When Used for HIV Prevention [a,b] (also see prescribing information)  
Class or D"
LEN,56,"guidelines.org  
 
 
MEDICAL CARE CRITERIA COMMITTEE OCTOBER 7 , 2025 56 
 
Table 19B: Lenacapavir (LEN) Interactions When Used for HIV Prevention [a,b] (also see prescribing information)  
Class or D"
LEN,56,"guidelines.org  
 
 
MEDICAL CARE CRITERIA COMMITTEE OCTOBER 7 , 2025 56 
 
Table 19B: Lenacapavir (LEN) Interactions When Used for HIV Prevention [a,b] (also see prescribing information)  
Class or D"
LEN,56,"guidelines.org  
 
 
MEDICAL CARE CRITERIA COMMITTEE OCTOBER 7 , 2025 56 
 
Table 19B: Lenacapavir (LEN) Interactions When Used for HIV Prevention [a,b] (also see prescribing information)  
Class or D"
LEN,56,"guidelines.org  
 
 
MEDICAL CARE CRITERIA COMMITTEE OCTOBER 7 , 2025 56 
 
Table 19B: Lenacapavir (LEN) Interactions When Used for HIV Prevention [a,b] (also see prescribing information)  
Class or D"
LEN,56,"guidelines.org  
 
 
MEDICAL CARE CRITERIA COMMITTEE OCTOBER 7 , 2025 56 
 
Table 19B: Lenacapavir (LEN) Interactions When Used for HIV Prevention [a,b] (also see prescribing information)  
Class or D"
LEN,56,"guidelines.org  
 
 
MEDICAL CARE CRITERIA COMMITTEE OCTOBER 7 , 2025 56 
 
Table 19B: Lenacapavir (LEN) Interactions When Used for HIV Prevention [a,b] (also see prescribing information)  
Class or D"
LEN,56,"guidelines.org  
 
 
MEDICAL CARE CRITERIA COMMITTEE OCTOBER 7 , 2025 56 
 
Table 19B: Lenacapavir (LEN) Interactions When Used for HIV Prevention [a,b] (also see prescribing information)  
Class or D"
LEN,56,"guidelines.org  
 
 
MEDICAL CARE CRITERIA COMMITTEE OCTOBER 7 , 2025 56 
 
Table 19B: Lenacapavir (LEN) Interactions When Used for HIV Prevention [a,b] (also see prescribing information)  
Class or D"
LEN,56,"guidelines.org  
 
 
MEDICAL CARE CRITERIA COMMITTEE OCTOBER 7 , 2025 56 
 
Table 19B: Lenacapavir (LEN) Interactions When Used for HIV Prevention [a,b] (also see prescribing information)  
Class or D"
LEN,56,"guidelines.org  
 
 
MEDICAL CARE CRITERIA COMMITTEE OCTOBER 7 , 2025 56 
 
Table 19B: Lenacapavir (LEN) Interactions When Used for HIV Prevention [a,b] (also see prescribing information)  
Class or D"
LEN,57,"guidelines.org  
 
 
MEDICAL CARE CRITERIA COMMITTEE OCTOBER 7 , 2025 57 
 
Table 19B: Lenacapavir (LEN) Interactions When Used for HIV Prevention [a,b] (also see prescribing information)  
Class or D"
LEN,57,"guidelines.org  
 
 
MEDICAL CARE CRITERIA COMMITTEE OCTOBER 7 , 2025 57 
 
Table 19B: Lenacapavir (LEN) Interactions When Used for HIV Prevention [a,b] (also see prescribing information)  
Class or D"
LEN,57,"guidelines.org  
 
 
MEDICAL CARE CRITERIA COMMITTEE OCTOBER 7 , 2025 57 
 
Table 19B: Lenacapavir (LEN) Interactions When Used for HIV Prevention [a,b] (also see prescribing information)  
Class or D"
LEN,57,"guidelines.org  
 
 
MEDICAL CARE CRITERIA COMMITTEE OCTOBER 7 , 2025 57 
 
Table 19B: Lenacapavir (LEN) Interactions When Used for HIV Prevention [a,b] (also see prescribing information)  
Class or D"
COBI,57,"edications.  
Abbreviations:  ADHD, attention -deficit/hyperactivity disorder; ARV, antiretroviral; COBI, cobicistat; CYP, cytochrome P450; MAT, medication- assisted therapy; PDE5, phosphodiesterase"
RTV,57,"iesterase 
type 5; P -gP, P -glycoprotein; PI, protease inhibitor; PrEP, pre- exposure prophylaxis; RTV, ritonavir; TDM, therapeutic drug monitoring. 
Notes:  
a. For LEN as HIV PrEP, see prescribing"
LEN,57,"guidelines.org  
 
 
MEDICAL CARE CRITERIA COMMITTEE OCTOBER 7 , 2025 57 
 
Table 19B: Lenacapavir (LEN) Interactions When Used for HIV Prevention [a,b] (also see prescribing information)  
Class or D"
LEN,57,"guidelines.org  
 
 
MEDICAL CARE CRITERIA COMMITTEE OCTOBER 7 , 2025 57 
 
Table 19B: Lenacapavir (LEN) Interactions When Used for HIV Prevention [a,b] (also see prescribing information)  
Class or D"
LEN,57,"guidelines.org  
 
 
MEDICAL CARE CRITERIA COMMITTEE OCTOBER 7 , 2025 57 
 
Table 19B: Lenacapavir (LEN) Interactions When Used for HIV Prevention [a,b] (also see prescribing information)  
Class or D"
LEN,57,"guidelines.org  
 
 
MEDICAL CARE CRITERIA COMMITTEE OCTOBER 7 , 2025 57 
 
Table 19B: Lenacapavir (LEN) Interactions When Used for HIV Prevention [a,b] (also see prescribing information)  
Class or D"
LEN,57,"guidelines.org  
 
 
MEDICAL CARE CRITERIA COMMITTEE OCTOBER 7 , 2025 57 
 
Table 19B: Lenacapavir (LEN) Interactions When Used for HIV Prevention [a,b] (also see prescribing information)  
Class or D"
DTG,59,"ezolid, dapsone  
Class or Drug  Mechanism of Action  Clinical Comments  
• NRTIs  
• Dolutegravir (DTG)  
• Bictegravir (BIC)  
• Raltegravir (RAL)  
• Cabotegravir (CAB)  
• Elvitegravir (EVG), boos"
BIC,59,"s or Drug  Mechanism of Action  Clinical Comments  
• NRTIs  
• Dolutegravir (DTG)  
• Bictegravir (BIC)  
• Raltegravir (RAL)  
• Cabotegravir (CAB)  
• Elvitegravir (EVG), boosted  
• Boosted PIs"
RAL,59,"f Action  Clinical Comments  
• NRTIs  
• Dolutegravir (DTG)  
• Bictegravir (BIC)  
• Raltegravir (RAL)  
• Cabotegravir (CAB)  
• Elvitegravir (EVG), boosted  
• Boosted PIs  
• Efavirenz (EFV)  
•"
CAB,59,"ents  
• NRTIs  
• Dolutegravir (DTG)  
• Bictegravir (BIC)  
• Raltegravir (RAL)  
• Cabotegravir (CAB)  
• Elvitegravir (EVG), boosted  
• Boosted PIs  
• Efavirenz (EFV)  
• Etravirine (ETR)  
• Do"
EVG,59,"tegravir (DTG)  
• Bictegravir (BIC)  
• Raltegravir (RAL)  
• Cabotegravir (CAB)  
• Elvitegravir (EVG), boosted  
• Boosted PIs  
• Efavirenz (EFV)  
• Etravirine (ETR)  
• Doravirine (DOR)  
• Fost"
EFV,59,"egravir (RAL)  
• Cabotegravir (CAB)  
• Elvitegravir (EVG), boosted  
• Boosted PIs  
• Efavirenz (EFV)  
• Etravirine (ETR)  
• Doravirine (DOR)  
• Fostemsavir (FTR)  • No significant interactions"
ETR,59,"otegravir (CAB)  
• Elvitegravir (EVG), boosted  
• Boosted PIs  
• Efavirenz (EFV)  
• Etravirine (ETR)  
• Doravirine (DOR)  
• Fostemsavir (FTR)  • No significant interactions are expected.  
• Pen"
DOR,59,"lvitegravir (EVG), boosted  
• Boosted PIs  
• Efavirenz (EFV)  
• Etravirine (ETR)  
• Doravirine (DOR)  
• Fostemsavir (FTR)  • No significant interactions are expected.  
• Penicillins and cefalexi"
FTR,59,"sted  
• Boosted PIs  
• Efavirenz (EFV)  
• Etravirine (ETR)  
• Doravirine (DOR)  
• Fostemsavir (FTR)  • No significant interactions are expected.  
• Penicillins and cefalexin are eliminated mainl"
TDF,59,"Penicillins and cefalexin are eliminated mainly by organic anion 
transporters, so may compete with TDF for active tubular excretion, thus increasing concentrations of both drugs. 
Because of limited"
RPV,59,"e of this interaction is expected to be minimal.  No dose adjustments are necessary.  
Rilpivirine (RPV)  Macrolides:  Coadministration may increase RPV levels.  Macrolides:  Consider alternatives. In"
RPV,59,"e of this interaction is expected to be minimal.  No dose adjustments are necessary.  
Rilpivirine (RPV)  Macrolides:  Coadministration may increase RPV levels.  Macrolides:  Consider alternatives. In"
RPV,59,"e of this interaction is expected to be minimal.  No dose adjustments are necessary.  
Rilpivirine (RPV)  Macrolides:  Coadministration may increase RPV levels.  Macrolides:  Consider alternatives. In"
COBI,59,"hen 
combined with macrolides may lead to increased risk of torsades 
de pointes.  
Abbreviations:  COBI, cobicistat; NRTI, nucleoside reverse transcriptase inhibitor; PI, protease inhibitor; TDF, ten"
TDF,59,"Penicillins and cefalexin are eliminated mainly by organic anion 
transporters, so may compete with TDF for active tubular excretion, thus increasing concentrations of both drugs. 
Because of limited"
COBI,59,"hen 
combined with macrolides may lead to increased risk of torsades 
de pointes.  
Abbreviations:  COBI, cobicistat; NRTI, nucleoside reverse transcriptase inhibitor; PI, protease inhibitor; TDF, ten"
BIC,59,"s or Drug  Mechanism of Action  Clinical Comments  
• NRTIs  
• Dolutegravir (DTG)  
• Bictegravir (BIC)  
• Raltegravir (RAL)  
• Cabotegravir (CAB)  
• Elvitegravir (EVG), boosted  
• Boosted PIs"
DTG,59,"ezolid, dapsone  
Class or Drug  Mechanism of Action  Clinical Comments  
• NRTIs  
• Dolutegravir (DTG)  
• Bictegravir (BIC)  
• Raltegravir (RAL)  
• Cabotegravir (CAB)  
• Elvitegravir (EVG), boos"
CAB,59,"ents  
• NRTIs  
• Dolutegravir (DTG)  
• Bictegravir (BIC)  
• Raltegravir (RAL)  
• Cabotegravir (CAB)  
• Elvitegravir (EVG), boosted  
• Boosted PIs  
• Efavirenz (EFV)  
• Etravirine (ETR)  
• Do"
RAL,59,"f Action  Clinical Comments  
• NRTIs  
• Dolutegravir (DTG)  
• Bictegravir (BIC)  
• Raltegravir (RAL)  
• Cabotegravir (CAB)  
• Elvitegravir (EVG), boosted  
• Boosted PIs  
• Efavirenz (EFV)  
•"
RPV,59,"e of this interaction is expected to be minimal.  No dose adjustments are necessary.  
Rilpivirine (RPV)  Macrolides:  Coadministration may increase RPV levels.  Macrolides:  Consider alternatives. In"
DOR,59,"lvitegravir (EVG), boosted  
• Boosted PIs  
• Efavirenz (EFV)  
• Etravirine (ETR)  
• Doravirine (DOR)  
• Fostemsavir (FTR)  • No significant interactions are expected.  
• Penicillins and cefalexi"
EFV,59,"egravir (RAL)  
• Cabotegravir (CAB)  
• Elvitegravir (EVG), boosted  
• Boosted PIs  
• Efavirenz (EFV)  
• Etravirine (ETR)  
• Doravirine (DOR)  
• Fostemsavir (FTR)  • No significant interactions"
FTR,59,"sted  
• Boosted PIs  
• Efavirenz (EFV)  
• Etravirine (ETR)  
• Doravirine (DOR)  
• Fostemsavir (FTR)  • No significant interactions are expected.  
• Penicillins and cefalexin are eliminated mainl"
DTG,59,"ezolid, dapsone  
Class or Drug  Mechanism of Action  Clinical Comments  
• NRTIs  
• Dolutegravir (DTG)  
• Bictegravir (BIC)  
• Raltegravir (RAL)  
• Cabotegravir (CAB)  
• Elvitegravir (EVG), boos"
BIC,59,"s or Drug  Mechanism of Action  Clinical Comments  
• NRTIs  
• Dolutegravir (DTG)  
• Bictegravir (BIC)  
• Raltegravir (RAL)  
• Cabotegravir (CAB)  
• Elvitegravir (EVG), boosted  
• Boosted PIs"
DTG,59,"ezolid, dapsone  
Class or Drug  Mechanism of Action  Clinical Comments  
• NRTIs  
• Dolutegravir (DTG)  
• Bictegravir (BIC)  
• Raltegravir (RAL)  
• Cabotegravir (CAB)  
• Elvitegravir (EVG), boos"
BIC,59,"s or Drug  Mechanism of Action  Clinical Comments  
• NRTIs  
• Dolutegravir (DTG)  
• Bictegravir (BIC)  
• Raltegravir (RAL)  
• Cabotegravir (CAB)  
• Elvitegravir (EVG), boosted  
• Boosted PIs"
DTG,59,"ezolid, dapsone  
Class or Drug  Mechanism of Action  Clinical Comments  
• NRTIs  
• Dolutegravir (DTG)  
• Bictegravir (BIC)  
• Raltegravir (RAL)  
• Cabotegravir (CAB)  
• Elvitegravir (EVG), boos"
BIC,59,"s or Drug  Mechanism of Action  Clinical Comments  
• NRTIs  
• Dolutegravir (DTG)  
• Bictegravir (BIC)  
• Raltegravir (RAL)  
• Cabotegravir (CAB)  
• Elvitegravir (EVG), boosted  
• Boosted PIs"
EVG,60,"inhibitors, ARBs, CCBs, aliskiren, diuretics:  No dose 
adjustments are necessary.  
Elvitegravir (EVG), boosted  • Aliskiren:  P-gP inhibitors, including boosted EVG, decrease 
aliskiren elimination"
EVG,60,"inhibitors, ARBs, CCBs, aliskiren, diuretics:  No dose 
adjustments are necessary.  
Elvitegravir (EVG), boosted  • Aliskiren:  P-gP inhibitors, including boosted EVG, decrease 
aliskiren elimination"
COBI,60,"sted EVG, decrease 
aliskiren elimination, increasing adverse effects of medication.  
• Atenolol:  COBI -boosted EVG may increase atenolol 
concentrations via inhibition of MATE1 elimination.  
• CCB"
EVG,60,"inhibitors, ARBs, CCBs, aliskiren, diuretics:  No dose 
adjustments are necessary.  
Elvitegravir (EVG), boosted  • Aliskiren:  P-gP inhibitors, including boosted EVG, decrease 
aliskiren elimination"
COBI,60,"sted EVG, decrease 
aliskiren elimination, increasing adverse effects of medication.  
• Atenolol:  COBI -boosted EVG may increase atenolol 
concentrations via inhibition of MATE1 elimination.  
• CCB"
EVG,60,"inhibitors, ARBs, CCBs, aliskiren, diuretics:  No dose 
adjustments are necessary.  
Elvitegravir (EVG), boosted  • Aliskiren:  P-gP inhibitors, including boosted EVG, decrease 
aliskiren elimination"
COBI,60,"sted EVG, decrease 
aliskiren elimination, increasing adverse effects of medication.  
• Atenolol:  COBI -boosted EVG may increase atenolol 
concentrations via inhibition of MATE1 elimination.  
• CCB"
EVG,60,"inhibitors, ARBs, CCBs, aliskiren, diuretics:  No dose 
adjustments are necessary.  
Elvitegravir (EVG), boosted  • Aliskiren:  P-gP inhibitors, including boosted EVG, decrease 
aliskiren elimination"
EVG,60,"inhibitors, ARBs, CCBs, aliskiren, diuretics:  No dose 
adjustments are necessary.  
Elvitegravir (EVG), boosted  • Aliskiren:  P-gP inhibitors, including boosted EVG, decrease 
aliskiren elimination"
COBI,60,"sted EVG, decrease 
aliskiren elimination, increasing adverse effects of medication.  
• Atenolol:  COBI -boosted EVG may increase atenolol 
concentrations via inhibition of MATE1 elimination.  
• CCB"
RTV,60,"ay increase atenolol via inhibition of 
MATE1 elimination.  
‒ Similar interaction is not seen with RTV -boosted PIs.  
• CCBs:  Boosted PIs may increase CCB concentrations by as 
much as 50%.  
• ACE"
COBI,60,"sted EVG, decrease 
aliskiren elimination, increasing adverse effects of medication.  
• Atenolol:  COBI -boosted EVG may increase atenolol 
concentrations via inhibition of MATE1 elimination.  
• CCB"
RTV,60,"ay increase atenolol via inhibition of 
MATE1 elimination.  
‒ Similar interaction is not seen with RTV -boosted PIs.  
• CCBs:  Boosted PIs may increase CCB concentrations by as 
much as 50%.  
• ACE"
ETR,60,"ACE inhibitors, ARBs, beta blockers, diuretics:  No dose 
adjustments are necessary.  
Etravirine (ETR)  • Aliskiren:  ETR is minor P-gP inhibitor and may minimally 
increase aliskiren concentrations"
ETR,60,"ACE inhibitors, ARBs, beta blockers, diuretics:  No dose 
adjustments are necessary.  
Etravirine (ETR)  • Aliskiren:  ETR is minor P-gP inhibitor and may minimally 
increase aliskiren concentrations"
ETR,60,"ACE inhibitors, ARBs, beta blockers, diuretics:  No dose 
adjustments are necessary.  
Etravirine (ETR)  • Aliskiren:  ETR is minor P-gP inhibitor and may minimally 
increase aliskiren concentrations"
COBI,60,"sted EVG, decrease 
aliskiren elimination, increasing adverse effects of medication.  
• Atenolol:  COBI -boosted EVG may increase atenolol 
concentrations via inhibition of MATE1 elimination.  
• CCB"
RTV,60,"ay increase atenolol via inhibition of 
MATE1 elimination.  
‒ Similar interaction is not seen with RTV -boosted PIs.  
• CCBs:  Boosted PIs may increase CCB concentrations by as 
much as 50%.  
• ACE"
TDF,60,"n transporter; P -gP, P -glycoprotein; PI, protease inhibitor; PK, pharmacokinetic; RTV, ritonavir; TDF, tenofovir disoproxil fumarate."
TDF,61,"larly when combined w ith high -dose NSAIDs. Clinicians are advised to ask patients 
who are taking TDF about their use of ACE inhibitors, such as lisinopril, with NSAIDs, such as ibuprofen or naproxe"
DTG,61,"eparins (LMWHs)  
Class or Drug  Mechanism of Action  Clinical Comments  
• NRTIs  
• Dolutegravir (DTG)  
• Bictegravir (BIC)  
• Cabotegravir (CAB)  
• Raltegravir (RAL)  
• Rilpivirine (RPV)  
• Do"
BIC,61,"s or Drug  Mechanism of Action  Clinical Comments  
• NRTIs  
• Dolutegravir (DTG)  
• Bictegravir (BIC)  
• Cabotegravir (CAB)  
• Raltegravir (RAL)  
• Rilpivirine (RPV)  
• Doravirine (DOR)  No sig"
CAB,61,"Action  Clinical Comments  
• NRTIs  
• Dolutegravir (DTG)  
• Bictegravir (BIC)  
• Cabotegravir (CAB)  
• Raltegravir (RAL)  
• Rilpivirine (RPV)  
• Doravirine (DOR)  No significant interactions a"
RAL,61,"ents  
• NRTIs  
• Dolutegravir (DTG)  
• Bictegravir (BIC)  
• Cabotegravir (CAB)  
• Raltegravir (RAL)  
• Rilpivirine (RPV)  
• Doravirine (DOR)  No significant interactions are expected.  No dose"
RPV,61,"utegravir (DTG)  
• Bictegravir (BIC)  
• Cabotegravir (CAB)  
• Raltegravir (RAL)  
• Rilpivirine (RPV)  
• Doravirine (DOR)  No significant interactions are expected.  No dose adjustments are necess"
DOR,61,"ictegravir (BIC)  
• Cabotegravir (CAB)  
• Raltegravir (RAL)  
• Rilpivirine (RPV)  
• Doravirine (DOR)  No significant interactions are expected.  No dose adjustments are necessary.  
Elvitegravir ("
EVG,61,"DOR)  No significant interactions are expected.  No dose adjustments are necessary.  
Elvitegravir (EVG), boosted  • Warfarin:  Metabolism of warfarin could potentially decrease 
(or more rarely) incr"
RTV,62,"tant use. 
• Dabigatran:  
‒ Separate doses of dabigatran and boosted PIs by at least 2 
hours.  
‒ RTV boosting of PIs may be safer than COBI boosting with concomitant dabigatran [Kakadiya, et al. 20"
COBI,62,"doses of dabigatran and boosted PIs by at least 2 
hours.  
‒ RTV boosting of PIs may be safer than COBI boosting with concomitant dabigatran [Kakadiya, et al. 2018] . 
‒ Avoid dabigatran in patients"
EFV,62,"Administer edoxaban 30 mg once daily.  
• LMWHs:  No dose adjustments are necessary.  
• Efavirenz (EFV)  
• Etravirine (ETR)  
• Nevirapine (NVP)  • Warfarin:  Metabolism of warfarin could potentiall"
ETR,62,"0 mg once daily.  
• LMWHs:  No dose adjustments are necessary.  
• Efavirenz (EFV)  
• Etravirine (ETR)  
• Nevirapine (NVP)  • Warfarin:  Metabolism of warfarin could potentially increase 
(or more"
EFV,62,"Administer edoxaban 30 mg once daily.  
• LMWHs:  No dose adjustments are necessary.  
• Efavirenz (EFV)  
• Etravirine (ETR)  
• Nevirapine (NVP)  • Warfarin:  Metabolism of warfarin could potentiall"
EFV,62,"Administer edoxaban 30 mg once daily.  
• LMWHs:  No dose adjustments are necessary.  
• Efavirenz (EFV)  
• Etravirine (ETR)  
• Nevirapine (NVP)  • Warfarin:  Metabolism of warfarin could potentiall"
LEN,62,"owly.  
• NOACs, LMWHs:  Avoid NOACs with EFV and NVP; use 
alternative HIV regimen.  
Lenacapavir (LEN)  DOAC levels potentially increase due to effect on CYP3A4 and P -
gP. • No dose adjustment need"
COBI,63,"WHs)  
Class or Drug  Mechanism of Action  Clinical Comments  
Abbreviations:  ARV, antiretroviral; COBI, cobicistat; CrCl, creatinine clearance; CYP, cytochrome P450; DOAC, direct oral anticoagulant;"
RTV,63,"se transcriptase inhibitor; PE, pulmonary embolism; P -gP, P -glycoprotein; PI, protease inhibitor; RTV, ritonavir.  
 
Table 23: Antiplatelet Medications (also see prescribing information) 
→ Adenosi"
DTG,63,"l, dipyridamole  
Class or Drug  Mechanism of Action  Clinical Comments  
• NRTIs  
• Dolutegravir (DTG)  
• Bictegravir (BIC)  
• Cabotegravir (CAB)  
• Raltegravir (RAL)  
• Rilpivirine (RPV)  
• Do"
BIC,63,"s or Drug  Mechanism of Action  Clinical Comments  
• NRTIs  
• Dolutegravir (DTG)  
• Bictegravir (BIC)  
• Cabotegravir (CAB)  
• Raltegravir (RAL)  
• Rilpivirine (RPV)  
• Doravirine (DOR)  No sig"
CAB,63,"Action  Clinical Comments  
• NRTIs  
• Dolutegravir (DTG)  
• Bictegravir (BIC)  
• Cabotegravir (CAB)  
• Raltegravir (RAL)  
• Rilpivirine (RPV)  
• Doravirine (DOR)  No significant interactions a"
RAL,63,"ents  
• NRTIs  
• Dolutegravir (DTG)  
• Bictegravir (BIC)  
• Cabotegravir (CAB)  
• Raltegravir (RAL)  
• Rilpivirine (RPV)  
• Doravirine (DOR)  No significant interactions are expected.  No dose"
RPV,63,"utegravir (DTG)  
• Bictegravir (BIC)  
• Cabotegravir (CAB)  
• Raltegravir (RAL)  
• Rilpivirine (RPV)  
• Doravirine (DOR)  No significant interactions are expected.  No dose adjustments are necess"
DOR,63,"ictegravir (BIC)  
• Cabotegravir (CAB)  
• Raltegravir (RAL)  
• Rilpivirine (RPV)  
• Doravirine (DOR)  No significant interactions are expected.  No dose adjustments are necessary.  
Elvitegravir ("
EVG,63,"DOR)  No significant interactions are expected.  No dose adjustments are necessary.  
Elvitegravir (EVG), boosted  • Cilostazol  may be metabolized by CYP3A; COBI -boosted EVG 
can increase concentrat"
COBI,63,"WHs)  
Class or Drug  Mechanism of Action  Clinical Comments  
Abbreviations:  ARV, antiretroviral; COBI, cobicistat; CrCl, creatinine clearance; CYP, cytochrome P450; DOAC, direct oral anticoagulant;"
EVG,63,"DOR)  No significant interactions are expected.  No dose adjustments are necessary.  
Elvitegravir (EVG), boosted  • Cilostazol  may be metabolized by CYP3A; COBI -boosted EVG 
can increase concentrat"
EVG,63,"DOR)  No significant interactions are expected.  No dose adjustments are necessary.  
Elvitegravir (EVG), boosted  • Cilostazol  may be metabolized by CYP3A; COBI -boosted EVG 
can increase concentrat"
EVG,63,"DOR)  No significant interactions are expected.  No dose adjustments are necessary.  
Elvitegravir (EVG), boosted  • Cilostazol  may be metabolized by CYP3A; COBI -boosted EVG 
can increase concentrat"
COBI,63,"WHs)  
Class or Drug  Mechanism of Action  Clinical Comments  
Abbreviations:  ARV, antiretroviral; COBI, cobicistat; CrCl, creatinine clearance; CYP, cytochrome P450; DOAC, direct oral anticoagulant;"
RTV,63,"se transcriptase inhibitor; PE, pulmonary embolism; P -gP, P -glycoprotein; PI, protease inhibitor; RTV, ritonavir.  
 
Table 23: Antiplatelet Medications (also see prescribing information) 
→ Adenosi"
RTV,63,"se transcriptase inhibitor; PE, pulmonary embolism; P -gP, P -glycoprotein; PI, protease inhibitor; RTV, ritonavir.  
 
Table 23: Antiplatelet Medications (also see prescribing information) 
→ Adenosi"
COBI,63,"WHs)  
Class or Drug  Mechanism of Action  Clinical Comments  
Abbreviations:  ARV, antiretroviral; COBI, cobicistat; CrCl, creatinine clearance; CYP, cytochrome P450; DOAC, direct oral anticoagulant;"
COBI,63,"WHs)  
Class or Drug  Mechanism of Action  Clinical Comments  
Abbreviations:  ARV, antiretroviral; COBI, cobicistat; CrCl, creatinine clearance; CYP, cytochrome P450; DOAC, direct oral anticoagulant;"
COBI,63,"WHs)  
Class or Drug  Mechanism of Action  Clinical Comments  
Abbreviations:  ARV, antiretroviral; COBI, cobicistat; CrCl, creatinine clearance; CYP, cytochrome P450; DOAC, direct oral anticoagulant;"
RTV,63,"se transcriptase inhibitor; PE, pulmonary embolism; P -gP, P -glycoprotein; PI, protease inhibitor; RTV, ritonavir.  
 
Table 23: Antiplatelet Medications (also see prescribing information) 
→ Adenosi"
EFV,64,"rs, cilostazol, dipyridamole  
Class or Drug  Mechanism of Action  Clinical Comments  
• Efavirenz (EFV)  
• Etravirine (ETR)  • Cilostazol:  EFV and ETR may reduce cilostazol concentrations.  
• Dipy"
ETR,64,"idamole  
Class or Drug  Mechanism of Action  Clinical Comments  
• Efavirenz (EFV)  
• Etravirine (ETR)  • Cilostazol:  EFV and ETR may reduce cilostazol concentrations.  
• Dipyridamole:  EFV and ET"
EFV,64,"rs, cilostazol, dipyridamole  
Class or Drug  Mechanism of Action  Clinical Comments  
• Efavirenz (EFV)  
• Etravirine (ETR)  • Cilostazol:  EFV and ETR may reduce cilostazol concentrations.  
• Dipy"
ETR,64,"idamole  
Class or Drug  Mechanism of Action  Clinical Comments  
• Efavirenz (EFV)  
• Etravirine (ETR)  • Cilostazol:  EFV and ETR may reduce cilostazol concentrations.  
• Dipyridamole:  EFV and ET"
EFV,64,"rs, cilostazol, dipyridamole  
Class or Drug  Mechanism of Action  Clinical Comments  
• Efavirenz (EFV)  
• Etravirine (ETR)  • Cilostazol:  EFV and ETR may reduce cilostazol concentrations.  
• Dipy"
ETR,64,"idamole  
Class or Drug  Mechanism of Action  Clinical Comments  
• Efavirenz (EFV)  
• Etravirine (ETR)  • Cilostazol:  EFV and ETR may reduce cilostazol concentrations.  
• Dipyridamole:  EFV and ET"
EFV,64,"rs, cilostazol, dipyridamole  
Class or Drug  Mechanism of Action  Clinical Comments  
• Efavirenz (EFV)  
• Etravirine (ETR)  • Cilostazol:  EFV and ETR may reduce cilostazol concentrations.  
• Dipy"
ETR,64,"idamole  
Class or Drug  Mechanism of Action  Clinical Comments  
• Efavirenz (EFV)  
• Etravirine (ETR)  • Cilostazol:  EFV and ETR may reduce cilostazol concentrations.  
• Dipyridamole:  EFV and ET"
ETR,64,"idamole  
Class or Drug  Mechanism of Action  Clinical Comments  
• Efavirenz (EFV)  
• Etravirine (ETR)  • Cilostazol:  EFV and ETR may reduce cilostazol concentrations.  
• Dipyridamole:  EFV and ET"
EFV,64,"rs, cilostazol, dipyridamole  
Class or Drug  Mechanism of Action  Clinical Comments  
• Efavirenz (EFV)  
• Etravirine (ETR)  • Cilostazol:  EFV and ETR may reduce cilostazol concentrations.  
• Dipy"
ETR,64,"idamole  
Class or Drug  Mechanism of Action  Clinical Comments  
• Efavirenz (EFV)  
• Etravirine (ETR)  • Cilostazol:  EFV and ETR may reduce cilostazol concentrations.  
• Dipyridamole:  EFV and ET"
ETR,64,"idamole  
Class or Drug  Mechanism of Action  Clinical Comments  
• Efavirenz (EFV)  
• Etravirine (ETR)  • Cilostazol:  EFV and ETR may reduce cilostazol concentrations.  
• Dipyridamole:  EFV and ET"
COBI,64,"djustments are necessary.  
• Vorapaxar:  No data available.  
Abbreviations:  ARV, antiretroviral; COBI, cobicistat; CYP, cytochrome P450; NRTI, nucleoside reverse transcriptase inhibitor; PI, protea"
RTV,64,"at; CYP, cytochrome P450; NRTI, nucleoside reverse transcriptase inhibitor; PI, protease inhibitor; RTV, ritonavir; UGT, uridine diphosphate 
glucuronosyltransferase.  
 
Table 24: Statins (also see p"
DTG,64,"ing information) 
Class or Drug  Mechanism of Action  Clinical Comments  
• NRTIs  
• Dolutegravir (DTG)  
• Bictegravir (BIC)  
• Cabotegravir (CAB)  
• Raltegravir (RAL)  
• Rilpivirine (RPV)  
• Do"
BIC,64,"s or Drug  Mechanism of Action  Clinical Comments  
• NRTIs  
• Dolutegravir (DTG)  
• Bictegravir (BIC)  
• Cabotegravir (CAB)  
• Raltegravir (RAL)  
• Rilpivirine (RPV)  
• Doravirine (DOR)  No sig"
CAB,64,"Action  Clinical Comments  
• NRTIs  
• Dolutegravir (DTG)  
• Bictegravir (BIC)  
• Cabotegravir (CAB)  
• Raltegravir (RAL)  
• Rilpivirine (RPV)  
• Doravirine (DOR)  No significant interactions a"
RAL,64,"ents  
• NRTIs  
• Dolutegravir (DTG)  
• Bictegravir (BIC)  
• Cabotegravir (CAB)  
• Raltegravir (RAL)  
• Rilpivirine (RPV)  
• Doravirine (DOR)  No significant interactions are expected.  No dose"
RPV,64,"utegravir (DTG)  
• Bictegravir (BIC)  
• Cabotegravir (CAB)  
• Raltegravir (RAL)  
• Rilpivirine (RPV)  
• Doravirine (DOR)  No significant interactions are expected.  No dose adjustments are necess"
DOR,64,"ictegravir (BIC)  
• Cabotegravir (CAB)  
• Raltegravir (RAL)  
• Rilpivirine (RPV)  
• Doravirine (DOR)  No significant interactions are expected.  No dose adjustments are necessary.  
Elvitegravir ("
EVG,64,"DOR)  No significant interactions are expected.  No dose adjustments are necessary.  
Elvitegravir (EVG), boosted  • Simvastatin, lovastatin:  Boosted EVG greatly increases 
concentrations. 
• Atorvas"
EVG,64,"DOR)  No significant interactions are expected.  No dose adjustments are necessary.  
Elvitegravir (EVG), boosted  • Simvastatin, lovastatin:  Boosted EVG greatly increases 
concentrations. 
• Atorvas"
EVG,64,"DOR)  No significant interactions are expected.  No dose adjustments are necessary.  
Elvitegravir (EVG), boosted  • Simvastatin, lovastatin:  Boosted EVG greatly increases 
concentrations. 
• Atorvas"
EVG,64,"DOR)  No significant interactions are expected.  No dose adjustments are necessary.  
Elvitegravir (EVG), boosted  • Simvastatin, lovastatin:  Boosted EVG greatly increases 
concentrations. 
• Atorvas"
COBI,64,"djustments are necessary.  
• Vorapaxar:  No data available.  
Abbreviations:  ARV, antiretroviral; COBI, cobicistat; CYP, cytochrome P450; NRTI, nucleoside reverse transcriptase inhibitor; PI, protea"
ATV,65,"o see prescribing information) 
Class or Drug  Mechanism of Action  Clinical Comments  
Atazanavir (ATV), boosted  • Simvastatin, lovastatin:  Boosted ATV greatly increases 
concentrations. 
• Atorvas"
ATV,65,"o see prescribing information) 
Class or Drug  Mechanism of Action  Clinical Comments  
Atazanavir (ATV), boosted  • Simvastatin, lovastatin:  Boosted ATV greatly increases 
concentrations. 
• Atorvas"
ATV,65,"o see prescribing information) 
Class or Drug  Mechanism of Action  Clinical Comments  
Atazanavir (ATV), boosted  • Simvastatin, lovastatin:  Boosted ATV greatly increases 
concentrations. 
• Atorvas"
ATV,65,"o see prescribing information) 
Class or Drug  Mechanism of Action  Clinical Comments  
Atazanavir (ATV), boosted  • Simvastatin, lovastatin:  Boosted ATV greatly increases 
concentrations. 
• Atorvas"
COBI,65,"onitor closely for safety 
and efficacy before increasing statin dose.  
‒ Do not coadminister with COBI -boosted ATV due to 
increased risk of rhabdomyolysis and myopathy.  
• Rosuvastatin:  
‒ Use w"
ATV,65,"o see prescribing information) 
Class or Drug  Mechanism of Action  Clinical Comments  
Atazanavir (ATV), boosted  • Simvastatin, lovastatin:  Boosted ATV greatly increases 
concentrations. 
• Atorvas"
DRV,65,":  If use is necessary, use lowest effective dose, and 
monitor for signs of toxicity.  
Darunavir (DRV), boosted  • Simvastatin, lovastatin:  Boosted DRV greatly increases 
concentrations. 
• Atorvas"
DRV,65,":  If use is necessary, use lowest effective dose, and 
monitor for signs of toxicity.  
Darunavir (DRV), boosted  • Simvastatin, lovastatin:  Boosted DRV greatly increases 
concentrations. 
• Atorvas"
DRV,65,":  If use is necessary, use lowest effective dose, and 
monitor for signs of toxicity.  
Darunavir (DRV), boosted  • Simvastatin, lovastatin:  Boosted DRV greatly increases 
concentrations. 
• Atorvas"
DRV,65,":  If use is necessary, use lowest effective dose, and 
monitor for signs of toxicity.  
Darunavir (DRV), boosted  • Simvastatin, lovastatin:  Boosted DRV greatly increases 
concentrations. 
• Atorvas"
RTV,65,"n:  
‒ Boosted DRV is less likely to interact compared to other statins.  
‒ When administered with RTV -boosted DRV, pitavastatin 
AUC is decreased by 26%.  • Simvastatin, lovastatin:   
‒ Concomitan"
DRV,65,":  If use is necessary, use lowest effective dose, and 
monitor for signs of toxicity.  
Darunavir (DRV), boosted  • Simvastatin, lovastatin:  Boosted DRV greatly increases 
concentrations. 
• Atorvas"
DRV,65,":  If use is necessary, use lowest effective dose, and 
monitor for signs of toxicity.  
Darunavir (DRV), boosted  • Simvastatin, lovastatin:  Boosted DRV greatly increases 
concentrations. 
• Atorvas"
RTV,65,"n:  
‒ Boosted DRV is less likely to interact compared to other statins.  
‒ When administered with RTV -boosted DRV, pitavastatin 
AUC is decreased by 26%.  • Simvastatin, lovastatin:   
‒ Concomitan"
DRV,65,":  If use is necessary, use lowest effective dose, and 
monitor for signs of toxicity.  
Darunavir (DRV), boosted  • Simvastatin, lovastatin:  Boosted DRV greatly increases 
concentrations. 
• Atorvas"
EFV,66,"see prescribing information) 
Class or Drug  Mechanism of Action  Clinical Comments  
• Efavirenz (EFV) [a]  
• Etravirine (ETR)  • Simvastatin, lovastatin:  EFV and ETR may decrease 
concentrations."
ETR,66,"ion) 
Class or Drug  Mechanism of Action  Clinical Comments  
• Efavirenz (EFV) [a]  
• Etravirine (ETR)  • Simvastatin, lovastatin:  EFV and ETR may decrease 
concentrations. 
• Atorvastatin, pravast"
EFV,66,"see prescribing information) 
Class or Drug  Mechanism of Action  Clinical Comments  
• Efavirenz (EFV) [a]  
• Etravirine (ETR)  • Simvastatin, lovastatin:  EFV and ETR may decrease 
concentrations."
ETR,66,"ion) 
Class or Drug  Mechanism of Action  Clinical Comments  
• Efavirenz (EFV) [a]  
• Etravirine (ETR)  • Simvastatin, lovastatin:  EFV and ETR may decrease 
concentrations. 
• Atorvastatin, pravast"
EFV,66,"see prescribing information) 
Class or Drug  Mechanism of Action  Clinical Comments  
• Efavirenz (EFV) [a]  
• Etravirine (ETR)  • Simvastatin, lovastatin:  EFV and ETR may decrease 
concentrations."
ETR,66,"ion) 
Class or Drug  Mechanism of Action  Clinical Comments  
• Efavirenz (EFV) [a]  
• Etravirine (ETR)  • Simvastatin, lovastatin:  EFV and ETR may decrease 
concentrations. 
• Atorvastatin, pravast"
FTR,66,"re increased dose.  
• Pitavastatin, rosuvastatin:  No dose adjustments are necessary. 
ostemsavir (FTR)  Atorvastatin, fluvastatin, pitavastatin, rosuvastatin,  simvastatin: 
Levels may increase with"
FTR,66,"re increased dose.  
• Pitavastatin, rosuvastatin:  No dose adjustments are necessary. 
ostemsavir (FTR)  Atorvastatin, fluvastatin, pitavastatin, rosuvastatin,  simvastatin: 
Levels may increase with"
LEN,66,"owest possible statin starting dose; monitor for statin -
associated adverse effects.  
enacapavir (LEN)  ovastatin, simvastatin, lomitapide:  Moderate inhibition of CYP3A4 
and P -gP potentially incr"
COBI,66,".  
• Lomitapide:  Concomitant use is contraindicated.  
Abbreviations:  AUC, area under the curve; COBI, cobicistat; CYP, cytochrome P450; NRTI, nucleoside reverse transcriptase inhibitor; P -gP, P-"
RTV,66,"; NRTI, nucleoside reverse transcriptase inhibitor; P -gP, P- glycoprotein; PI, protease inhibitor; RTV, 
ritonavir.  
Note: 
a. RTV-boosted PIs and EFV are known to cause metabolic dysfunction, which"
RTV,66,"; NRTI, nucleoside reverse transcriptase inhibitor; P -gP, P- glycoprotein; PI, protease inhibitor; RTV, 
ritonavir.  
Note: 
a. RTV-boosted PIs and EFV are known to cause metabolic dysfunction, which"
EFV,66,"see prescribing information) 
Class or Drug  Mechanism of Action  Clinical Comments  
• Efavirenz (EFV) [a]  
• Etravirine (ETR)  • Simvastatin, lovastatin:  EFV and ETR may decrease 
concentrations."
CAB,66,") inhibitors 
Class or Drug  Mechanism of Action  Clinical Comments  
• NRTIs [a]  
• Cabotegravir (CAB)  
• Raltegravir (RAL)  
• Doravirine (DOR)  
• Fostemsavir (FTR) No significant interactions ar"
RAL,66,"Drug  Mechanism of Action  Clinical Comments  
• NRTIs [a]  
• Cabotegravir (CAB)  
• Raltegravir (RAL)  
• Doravirine (DOR)  
• Fostemsavir (FTR) No significant interactions are expected.  No dose a"
DOR,66,"ction  Clinical Comments  
• NRTIs [a]  
• Cabotegravir (CAB)  
• Raltegravir (RAL)  
• Doravirine (DOR)  
• Fostemsavir (FTR) No significant interactions are expected.  No dose adjustments are necess"
FTR,66,"re increased dose.  
• Pitavastatin, rosuvastatin:  No dose adjustments are necessary. 
ostemsavir (FTR)  Atorvastatin, fluvastatin, pitavastatin, rosuvastatin,  simvastatin: 
Levels may increase with"
DTG,66,"TR) No significant interactions are expected.  No dose adjustments are necessary.  
• Dolutegravir (DTG)  
• Bictegravir (BIC)  • Metformin:   
‒ DTG inhibits renal OCT2, MATE1, and MATE2, which are"
BIC,66,"eractions are expected.  No dose adjustments are necessary.  
• Dolutegravir (DTG)  
• Bictegravir (BIC)  • Metformin:   
‒ DTG inhibits renal OCT2, MATE1, and MATE2, which are 
involved in metformin"
DTG,66,"TR) No significant interactions are expected.  No dose adjustments are necessary.  
• Dolutegravir (DTG)  
• Bictegravir (BIC)  • Metformin:   
‒ DTG inhibits renal OCT2, MATE1, and MATE2, which are"
BIC,66,"eractions are expected.  No dose adjustments are necessary.  
• Dolutegravir (DTG)  
• Bictegravir (BIC)  • Metformin:   
‒ DTG inhibits renal OCT2, MATE1, and MATE2, which are 
involved in metformin"
DTG,66,"TR) No significant interactions are expected.  No dose adjustments are necessary.  
• Dolutegravir (DTG)  
• Bictegravir (BIC)  • Metformin:   
‒ DTG inhibits renal OCT2, MATE1, and MATE2, which are"
BIC,66,"eractions are expected.  No dose adjustments are necessary.  
• Dolutegravir (DTG)  
• Bictegravir (BIC)  • Metformin:   
‒ DTG inhibits renal OCT2, MATE1, and MATE2, which are 
involved in metformin"
EVG,67,"orter 2 (SGLT -2) inhibitors 
Class or Drug  Mechanism of Action  Clinical Comments  
Elvitegravir (EVG), boosted  • Metformin:  COBI is known to inhibit MATE1, which is involved 
in metformin elimina"
COBI,67,"Class or Drug  Mechanism of Action  Clinical Comments  
Elvitegravir (EVG), boosted  • Metformin:  COBI is known to inhibit MATE1, which is involved 
in metformin elimination, thus increasing metform"
EVG,67,"orter 2 (SGLT -2) inhibitors 
Class or Drug  Mechanism of Action  Clinical Comments  
Elvitegravir (EVG), boosted  • Metformin:  COBI is known to inhibit MATE1, which is involved 
in metformin elimina"
COBI,67,"Class or Drug  Mechanism of Action  Clinical Comments  
Elvitegravir (EVG), boosted  • Metformin:  COBI is known to inhibit MATE1, which is involved 
in metformin elimination, thus increasing metform"
RTV,67,"rate of CYP3A ; levels may be increased  by 
CYP3A4 inhibitors . 
• Canagliflozin , bexagliflozin : RTV induces UGT and may  
decrease concentrations ; no significant interactions are 
expected with C"
COBI,67,"Class or Drug  Mechanism of Action  Clinical Comments  
Elvitegravir (EVG), boosted  • Metformin:  COBI is known to inhibit MATE1, which is involved 
in metformin elimination, thus increasing metform"
EFV,67,"erapies.  
• GLP-1 agonists,  TZDs , exenatide : No dose adjustments are 
necessary.  
• Efavirenz (EFV)  
• Etravirine (ETR)  • Pioglitazone:  EFV may increase concentrations through 
CYP2C8 inhibiti"
ETR,67,"onists,  TZDs , exenatide : No dose adjustments are 
necessary.  
• Efavirenz (EFV)  
• Etravirine (ETR)  • Pioglitazone:  EFV may increase concentrations through 
CYP2C8 inhibition. No significant in"
EFV,67,"erapies.  
• GLP-1 agonists,  TZDs , exenatide : No dose adjustments are 
necessary.  
• Efavirenz (EFV)  
• Etravirine (ETR)  • Pioglitazone:  EFV may increase concentrations through 
CYP2C8 inhibiti"
EFV,67,"erapies.  
• GLP-1 agonists,  TZDs , exenatide : No dose adjustments are 
necessary.  
• Efavirenz (EFV)  
• Etravirine (ETR)  • Pioglitazone:  EFV may increase concentrations through 
CYP2C8 inhibiti"
ETR,67,"onists,  TZDs , exenatide : No dose adjustments are 
necessary.  
• Efavirenz (EFV)  
• Etravirine (ETR)  • Pioglitazone:  EFV may increase concentrations through 
CYP2C8 inhibition. No significant in"
EFV,67,"erapies.  
• GLP-1 agonists,  TZDs , exenatide : No dose adjustments are 
necessary.  
• Efavirenz (EFV)  
• Etravirine (ETR)  • Pioglitazone:  EFV may increase concentrations through 
CYP2C8 inhibiti"
ATV,67,", TZDs, GLP -1 agonists, SGLT- 2 
inhibitors:  No dose adjustments are necessary.  
Abbreviations:  ATV, atazanavir; COBI, cobicistat; CYP, cytochrome P450; GFR, glomerular filtration rate; MATE, mult"
COBI,67,"Class or Drug  Mechanism of Action  Clinical Comments  
Elvitegravir (EVG), boosted  • Metformin:  COBI is known to inhibit MATE1, which is involved 
in metformin elimination, thus increasing metform"
RTV,67,"rate of CYP3A ; levels may be increased  by 
CYP3A4 inhibitors . 
• Canagliflozin , bexagliflozin : RTV induces UGT and may  
decrease concentrations ; no significant interactions are 
expected with C"
TDF,67,"rusion ; NRTI, nucleoside reverse transcriptase 
inhibitor; PI, protease inhibitor; RTV, ritonavir; TDF, tenofovir disoproxil fumarate; UGT , uridine diphosphate glucuronosyltransferase."
TDF,68,"e; therefore, caution is 
recommended when coadministering SGLT -2 inhibitors in the long term with TDF due to potential additive bone toxicities. 
b. RTV-boosted PIs are known to cause metabolic abno"
RTV,68,"stering SGLT -2 inhibitors in the long term with TDF due to potential additive bone toxicities. 
b. RTV-boosted PIs are known to cause metabolic abnormalities, which may increase blood glucose and dec"
DTG,68,"gonists (H2RAs)  
Class or Drug  Mechanism of Action  Clinical Comments  
• NRTIs  
• Dolutegravir (DTG)  
• Bictegravir (BIC)  
• Raltegravir (RAL)  
• Elvitegravir (EVG), boosted 
• Efavirenz (EFV)"
BIC,68,"s or Drug  Mechanism of Action  Clinical Comments  
• NRTIs  
• Dolutegravir (DTG)  
• Bictegravir (BIC)  
• Raltegravir (RAL)  
• Elvitegravir (EVG), boosted 
• Efavirenz (EFV)  
• Etravirine (ETR)"
RAL,68,"f Action  Clinical Comments  
• NRTIs  
• Dolutegravir (DTG)  
• Bictegravir (BIC)  
• Raltegravir (RAL)  
• Elvitegravir (EVG), boosted 
• Efavirenz (EFV)  
• Etravirine (ETR)  
• Doravirine (DOR)"
EVG,68,"ents  
• NRTIs  
• Dolutegravir (DTG)  
• Bictegravir (BIC)  
• Raltegravir (RAL)  
• Elvitegravir (EVG), boosted 
• Efavirenz (EFV)  
• Etravirine (ETR)  
• Doravirine (DOR)  
• Fostemsavir (FTR) No"
EFV,68,"vir (DTG)  
• Bictegravir (BIC)  
• Raltegravir (RAL)  
• Elvitegravir (EVG), boosted 
• Efavirenz (EFV)  
• Etravirine (ETR)  
• Doravirine (DOR)  
• Fostemsavir (FTR) No clinically significant inter"
ETR,68,"avir (BIC)  
• Raltegravir (RAL)  
• Elvitegravir (EVG), boosted 
• Efavirenz (EFV)  
• Etravirine (ETR)  
• Doravirine (DOR)  
• Fostemsavir (FTR) No clinically significant interactions reported.  No"
DOR,68,"ravir (RAL)  
• Elvitegravir (EVG), boosted 
• Efavirenz (EFV)  
• Etravirine (ETR)  
• Doravirine (DOR)  
• Fostemsavir (FTR) No clinically significant interactions reported.  No dose adjustments are"
FTR,68,"gravir (EVG), boosted 
• Efavirenz (EFV)  
• Etravirine (ETR)  
• Doravirine (DOR)  
• Fostemsavir (FTR) No clinically significant interactions reported.  No dose adjustments are necessary.  
Atazanav"
ATV,68,"No clinically significant interactions reported.  No dose adjustments are necessary.  
Atazanavir (ATV), unboosted  • ATV requires acidic gastric pH for absorption, and acid -
reducing agents interfe"
ATV,68,"No clinically significant interactions reported.  No dose adjustments are necessary.  
Atazanavir (ATV), unboosted  • ATV requires acidic gastric pH for absorption, and acid -
reducing agents interfe"
ATV,68,"No clinically significant interactions reported.  No dose adjustments are necessary.  
Atazanavir (ATV), unboosted  • ATV requires acidic gastric pH for absorption, and acid -
reducing agents interfe"
ATV,68,"No clinically significant interactions reported.  No dose adjustments are necessary.  
Atazanavir (ATV), unboosted  • ATV requires acidic gastric pH for absorption, and acid -
reducing agents interfe"
ATV,68,"No clinically significant interactions reported.  No dose adjustments are necessary.  
Atazanavir (ATV), unboosted  • ATV requires acidic gastric pH for absorption, and acid -
reducing agents interfe"
ATV,68,"No clinically significant interactions reported.  No dose adjustments are necessary.  
Atazanavir (ATV), unboosted  • ATV requires acidic gastric pH for absorption, and acid -
reducing agents interfe"
ATV,68,"No clinically significant interactions reported.  No dose adjustments are necessary.  
Atazanavir (ATV), unboosted  • ATV requires acidic gastric pH for absorption, and acid -
reducing agents interfe"
RTV,68,"stering SGLT -2 inhibitors in the long term with TDF due to potential additive bone toxicities. 
b. RTV-boosted PIs are known to cause metabolic abnormalities, which may increase blood glucose and dec"
COBI,68,"-reducing agent, alternative PI, or boosted 
ATV.  
• Timing:  Administer ≥12 hours before RTV- or COBI -boosted 
ATV.  
• ART-naive:  If use cannot be avoided, do not exceed 
omeprazole 20  mg per d"
ATV,68,"No clinically significant interactions reported.  No dose adjustments are necessary.  
Atazanavir (ATV), unboosted  • ATV requires acidic gastric pH for absorption, and acid -
reducing agents interfe"
ATV,68,"No clinically significant interactions reported.  No dose adjustments are necessary.  
Atazanavir (ATV), unboosted  • ATV requires acidic gastric pH for absorption, and acid -
reducing agents interfe"
ATV,68,"No clinically significant interactions reported.  No dose adjustments are necessary.  
Atazanavir (ATV), unboosted  • ATV requires acidic gastric pH for absorption, and acid -
reducing agents interfe"
ATV,69,"not exceed 40  mg famotidine or 
equivalent, e.g., nizatidine 150 mg (300  mg daily).  
Atazanavir (ATV), boosted  • ATV requires acidic gastric pH for absorption, and acid-
reducing agents interfere"
ATV,69,"not exceed 40  mg famotidine or 
equivalent, e.g., nizatidine 150 mg (300  mg daily).  
Atazanavir (ATV), boosted  • ATV requires acidic gastric pH for absorption, and acid-
reducing agents interfere"
ATV,69,"not exceed 40  mg famotidine or 
equivalent, e.g., nizatidine 150 mg (300  mg daily).  
Atazanavir (ATV), boosted  • ATV requires acidic gastric pH for absorption, and acid-
reducing agents interfere"
ATV,69,"not exceed 40  mg famotidine or 
equivalent, e.g., nizatidine 150 mg (300  mg daily).  
Atazanavir (ATV), boosted  • ATV requires acidic gastric pH for absorption, and acid-
reducing agents interfere"
ATV,69,"not exceed 40  mg famotidine or 
equivalent, e.g., nizatidine 150 mg (300  mg daily).  
Atazanavir (ATV), boosted  • ATV requires acidic gastric pH for absorption, and acid-
reducing agents interfere"
RTV,69,"ntration and AUC.  
• H2RAs  reduce ATV absorption.  PPIs:  
• Timing:  Administer ≥12 hours before RTV- or COBI -boosted 
ATV.  
• ART-naive:  Do not exceed omeprazole 20  mg per day or 
equivalent ("
COBI,69,"and AUC.  
• H2RAs  reduce ATV absorption.  PPIs:  
• Timing:  Administer ≥12 hours before RTV- or COBI -boosted 
ATV.  
• ART-naive:  Do not exceed omeprazole 20  mg per day or 
equivalent (pantopra"
ATV,69,"not exceed 40  mg famotidine or 
equivalent, e.g., nizatidine 150 mg (300  mg daily).  
Atazanavir (ATV), boosted  • ATV requires acidic gastric pH for absorption, and acid-
reducing agents interfere"
ATV,69,"not exceed 40  mg famotidine or 
equivalent, e.g., nizatidine 150 mg (300  mg daily).  
Atazanavir (ATV), boosted  • ATV requires acidic gastric pH for absorption, and acid-
reducing agents interfere"
RTV,69,"ntration and AUC.  
• H2RAs  reduce ATV absorption.  PPIs:  
• Timing:  Administer ≥12 hours before RTV- or COBI -boosted 
ATV.  
• ART-naive:  Do not exceed omeprazole 20  mg per day or 
equivalent ("
ATV,69,"not exceed 40  mg famotidine or 
equivalent, e.g., nizatidine 150 mg (300  mg daily).  
Atazanavir (ATV), boosted  • ATV requires acidic gastric pH for absorption, and acid-
reducing agents interfere"
COBI,69,"and AUC.  
• H2RAs  reduce ATV absorption.  PPIs:  
• Timing:  Administer ≥12 hours before RTV- or COBI -boosted 
ATV.  
• ART-naive:  Do not exceed omeprazole 20  mg per day or 
equivalent (pantopra"
RTV,69,"ntration and AUC.  
• H2RAs  reduce ATV absorption.  PPIs:  
• Timing:  Administer ≥12 hours before RTV- or COBI -boosted 
ATV.  
• ART-naive:  Do not exceed omeprazole 20  mg per day or 
equivalent ("
ATV,69,"not exceed 40  mg famotidine or 
equivalent, e.g., nizatidine 150 mg (300  mg daily).  
Atazanavir (ATV), boosted  • ATV requires acidic gastric pH for absorption, and acid-
reducing agents interfere"
RTV,69,"ntration and AUC.  
• H2RAs  reduce ATV absorption.  PPIs:  
• Timing:  Administer ≥12 hours before RTV- or COBI -boosted 
ATV.  
• ART-naive:  Do not exceed omeprazole 20  mg per day or 
equivalent ("
ATV,69,"not exceed 40  mg famotidine or 
equivalent, e.g., nizatidine 150 mg (300  mg daily).  
Atazanavir (ATV), boosted  • ATV requires acidic gastric pH for absorption, and acid-
reducing agents interfere"
ATV,69,"not exceed 40  mg famotidine or 
equivalent, e.g., nizatidine 150 mg (300  mg daily).  
Atazanavir (ATV), boosted  • ATV requires acidic gastric pH for absorption, and acid-
reducing agents interfere"
ATV,69,"not exceed 40  mg famotidine or 
equivalent, e.g., nizatidine 150 mg (300  mg daily).  
Atazanavir (ATV), boosted  • ATV requires acidic gastric pH for absorption, and acid-
reducing agents interfere"
RTV,69,"ntration and AUC.  
• H2RAs  reduce ATV absorption.  PPIs:  
• Timing:  Administer ≥12 hours before RTV- or COBI -boosted 
ATV.  
• ART-naive:  Do not exceed omeprazole 20  mg per day or 
equivalent ("
ATV,69,"not exceed 40  mg famotidine or 
equivalent, e.g., nizatidine 150 mg (300  mg daily).  
Atazanavir (ATV), boosted  • ATV requires acidic gastric pH for absorption, and acid-
reducing agents interfere"
DRV,69,"is dosed at 400 mg per day with RTV 100 mg per day; unboosted ATV is 
not recommended.  
Darunavir (DRV)/ritonavir (RTV)  No clinically significant interactions reported.  Omeprazole:  Do not exceed o"
RTV,69,"ntration and AUC.  
• H2RAs  reduce ATV absorption.  PPIs:  
• Timing:  Administer ≥12 hours before RTV- or COBI -boosted 
ATV.  
• ART-naive:  Do not exceed omeprazole 20  mg per day or 
equivalent ("
RPV,70,"-2 receptor agonists (H2RAs)  
Class or Drug  Mechanism of Action  Clinical Comments  
Rilpivirine (RPV)  • PPIs and H2RAs inhibit gastric acid secretion by proton pumps, 
thereby increasing gastric p"
RPV,70,"-2 receptor agonists (H2RAs)  
Class or Drug  Mechanism of Action  Clinical Comments  
Rilpivirine (RPV)  • PPIs and H2RAs inhibit gastric acid secretion by proton pumps, 
thereby increasing gastric p"
RPV,70,"-2 receptor agonists (H2RAs)  
Class or Drug  Mechanism of Action  Clinical Comments  
Rilpivirine (RPV)  • PPIs and H2RAs inhibit gastric acid secretion by proton pumps, 
thereby increasing gastric p"
RPV,70,"-2 receptor agonists (H2RAs)  
Class or Drug  Mechanism of Action  Clinical Comments  
Rilpivirine (RPV)  • PPIs and H2RAs inhibit gastric acid secretion by proton pumps, 
thereby increasing gastric p"
RPV,70,"-2 receptor agonists (H2RAs)  
Class or Drug  Mechanism of Action  Clinical Comments  
Rilpivirine (RPV)  • PPIs and H2RAs inhibit gastric acid secretion by proton pumps, 
thereby increasing gastric p"
RPV,70,"-2 receptor agonists (H2RAs)  
Class or Drug  Mechanism of Action  Clinical Comments  
Rilpivirine (RPV)  • PPIs and H2RAs inhibit gastric acid secretion by proton pumps, 
thereby increasing gastric p"
COBI,70,"ble.  
Abbreviations:  ART, antiretroviral therapy; ARV, antiretroviral; AUC, area under the curve; COBI, cobicistat; GI, gastrointestinal; NRTI, nucleoside reverse transcriptase inhibitor; PI, 
prote"
DRV,70,"um, zinc, and iron  
Class or Drug  Mechanism of Action  Clinical Comments  
• NRTIs  
• Darunavir (DRV), boosted or unboosted  
• Efavirenz (EFV)  
• Etravirine (ETR)  
• Doravirine (DOR)  
• Fostems"
EFV,70,"ism of Action  Clinical Comments  
• NRTIs  
• Darunavir (DRV), boosted or unboosted  
• Efavirenz (EFV)  
• Etravirine (ETR)  
• Doravirine (DOR)  
• Fostemsavir (FTR) No clinically significant inter"
ETR,70,"al Comments  
• NRTIs  
• Darunavir (DRV), boosted or unboosted  
• Efavirenz (EFV)  
• Etravirine (ETR)  
• Doravirine (DOR)  
• Fostemsavir (FTR) No clinically significant interactions reported.  
N"
DOR,70,"• Darunavir (DRV), boosted or unboosted  
• Efavirenz (EFV)  
• Etravirine (ETR)  
• Doravirine (DOR)  
• Fostemsavir (FTR) No clinically significant interactions reported.  
No dose adjustments ar"
FTR,70,"boosted or unboosted  
• Efavirenz (EFV)  
• Etravirine (ETR)  
• Doravirine (DOR)  
• Fostemsavir (FTR) No clinically significant interactions reported.  
No dose adjustments are necessary.  
All INS"
DTG,70,"at least 2 hours before or at least 6 hours after; 
monitor for virologic efficacy.  
Dolutegravir (DTG)  DTG chelates with cations, forming insoluble compounds that 
inactivate both drugs. • Divalent"
DTG,70,"at least 2 hours before or at least 6 hours after; 
monitor for virologic efficacy.  
Dolutegravir (DTG)  DTG chelates with cations, forming insoluble compounds that 
inactivate both drugs. • Divalent"
DTG,70,"at least 2 hours before or at least 6 hours after; 
monitor for virologic efficacy.  
Dolutegravir (DTG)  DTG chelates with cations, forming insoluble compounds that 
inactivate both drugs. • Divalent"
DTG,70,"at least 2 hours before or at least 6 hours after; 
monitor for virologic efficacy.  
Dolutegravir (DTG)  DTG chelates with cations, forming insoluble compounds that 
inactivate both drugs. • Divalent"
DTG,70,"at least 2 hours before or at least 6 hours after; 
monitor for virologic efficacy.  
Dolutegravir (DTG)  DTG chelates with cations, forming insoluble compounds that 
inactivate both drugs. • Divalent"
DTG,70,"at least 2 hours before or at least 6 hours after; 
monitor for virologic efficacy.  
Dolutegravir (DTG)  DTG chelates with cations, forming insoluble compounds that 
inactivate both drugs. • Divalent"
BIC,71,"m, magnesium, zinc, and iron  
Class or Drug  Mechanism of Action  Clinical Comments  
Bictegravir (BIC)  BIC can chelate with cations, reducing absorption of both drugs.  • Aluminum/magnesium -contai"
BIC,71,"m, magnesium, zinc, and iron  
Class or Drug  Mechanism of Action  Clinical Comments  
Bictegravir (BIC)  BIC can chelate with cations, reducing absorption of both drugs.  • Aluminum/magnesium -contai"
BIC,71,"m, magnesium, zinc, and iron  
Class or Drug  Mechanism of Action  Clinical Comments  
Bictegravir (BIC)  BIC can chelate with cations, reducing absorption of both drugs.  • Aluminum/magnesium -contai"
BIC,71,"m, magnesium, zinc, and iron  
Class or Drug  Mechanism of Action  Clinical Comments  
Bictegravir (BIC)  BIC can chelate with cations, reducing absorption of both drugs.  • Aluminum/magnesium -contai"
BIC,71,"m, magnesium, zinc, and iron  
Class or Drug  Mechanism of Action  Clinical Comments  
Bictegravir (BIC)  BIC can chelate with cations, reducing absorption of both drugs.  • Aluminum/magnesium -contai"
BIC,71,"m, magnesium, zinc, and iron  
Class or Drug  Mechanism of Action  Clinical Comments  
Bictegravir (BIC)  BIC can chelate with cations, reducing absorption of both drugs.  • Aluminum/magnesium -contai"
EVG,71,"If not taken with food, these supplements should be administered as with antacids.  
Elvitegravir (EVG), boosted  EVG chelates with polyvalent cations, which may reduce 
absorption of both agents.  •"
EVG,71,"If not taken with food, these supplements should be administered as with antacids.  
Elvitegravir (EVG), boosted  EVG chelates with polyvalent cations, which may reduce 
absorption of both agents.  •"
EVG,71,"If not taken with food, these supplements should be administered as with antacids.  
Elvitegravir (EVG), boosted  EVG chelates with polyvalent cations, which may reduce 
absorption of both agents.  •"
EVG,71,"If not taken with food, these supplements should be administered as with antacids.  
Elvitegravir (EVG), boosted  EVG chelates with polyvalent cations, which may reduce 
absorption of both agents.  •"
RAL,71,"Other polyvalent cations: Administer at least 2 hours before or 
6 hours after EVG.  
Raltegravir (RAL)  RAL chelates with cations, forming insoluble compounds that 
inactivate both drugs. • Aluminum"
RAL,71,"Other polyvalent cations: Administer at least 2 hours before or 
6 hours after EVG.  
Raltegravir (RAL)  RAL chelates with cations, forming insoluble compounds that 
inactivate both drugs. • Aluminum"
RAL,71,"Other polyvalent cations: Administer at least 2 hours before or 
6 hours after EVG.  
Raltegravir (RAL)  RAL chelates with cations, forming insoluble compounds that 
inactivate both drugs. • Aluminum"
RAL,71,"Other polyvalent cations: Administer at least 2 hours before or 
6 hours after EVG.  
Raltegravir (RAL)  RAL chelates with cations, forming insoluble compounds that 
inactivate both drugs. • Aluminum"
ATV,71,".  
• Other polyvalent cations: Administer at least 2 hours before or 
6 hours after.  
Atazanavir (ATV), boosted or 
unboosted  Antacids:  ATV requires acidic gastric pH for absorption; acid -
reduci"
ATV,71,".  
• Other polyvalent cations: Administer at least 2 hours before or 
6 hours after.  
Atazanavir (ATV), boosted or 
unboosted  Antacids:  ATV requires acidic gastric pH for absorption; acid -
reduci"
ATV,71,".  
• Other polyvalent cations: Administer at least 2 hours before or 
6 hours after.  
Atazanavir (ATV), boosted or 
unboosted  Antacids:  ATV requires acidic gastric pH for absorption; acid -
reduci"
ATV,71,".  
• Other polyvalent cations: Administer at least 2 hours before or 
6 hours after.  
Atazanavir (ATV), boosted or 
unboosted  Antacids:  ATV requires acidic gastric pH for absorption; acid -
reduci"
CAB,71,"uffered medications:  Administer ATV at least 2 
hours before or 1 to 2 hours after. 
Cabotegravir (CAB)  Antacids containing polyvalent cations (i.e., aluminum or 
magnesium hydroxide, calcium carbon"
CAB,71,"uffered medications:  Administer ATV at least 2 
hours before or 1 to 2 hours after. 
Cabotegravir (CAB)  Antacids containing polyvalent cations (i.e., aluminum or 
magnesium hydroxide, calcium carbon"
CAB,71,"uffered medications:  Administer ATV at least 2 
hours before or 1 to 2 hours after. 
Cabotegravir (CAB)  Antacids containing polyvalent cations (i.e., aluminum or 
magnesium hydroxide, calcium carbon"
CAB,71,"uffered medications:  Administer ATV at least 2 
hours before or 1 to 2 hours after. 
Cabotegravir (CAB)  Antacids containing polyvalent cations (i.e., aluminum or 
magnesium hydroxide, calcium carbon"
CAB,71,"uffered medications:  Administer ATV at least 2 
hours before or 1 to 2 hours after. 
Cabotegravir (CAB)  Antacids containing polyvalent cations (i.e., aluminum or 
magnesium hydroxide, calcium carbon"
RPV,71,"4 hours 
after oral CAB.  
• No effect of antacid use is expected on injectable CAB.  
Rilpivirine (RPV)  Antacids:  
• Antacids increase gastric pH.  
• RPV requires acidic environment for optimal ab"
RPV,71,"4 hours 
after oral CAB.  
• No effect of antacid use is expected on injectable CAB.  
Rilpivirine (RPV)  Antacids:  
• Antacids increase gastric pH.  
• RPV requires acidic environment for optimal ab"
RPV,71,"4 hours 
after oral CAB.  
• No effect of antacid use is expected on injectable CAB.  
Rilpivirine (RPV)  Antacids:  
• Antacids increase gastric pH.  
• RPV requires acidic environment for optimal ab"
DTG,72,"diphenhydramine  
Class or Drug  Mechanism of Action  Clinical Comments  
• NRTIs  
• Dolutegravir (DTG)  
• Bictegravir (BIC)  
• Cabotegravir (CAB)  
• Raltegravir (RAL)  
• Elvitegravir (EVG), boos"
BIC,72,"s or Drug  Mechanism of Action  Clinical Comments  
• NRTIs  
• Dolutegravir (DTG)  
• Bictegravir (BIC)  
• Cabotegravir (CAB)  
• Raltegravir (RAL)  
• Elvitegravir (EVG), boosted  
• Boosted PIs"
CAB,72,"Action  Clinical Comments  
• NRTIs  
• Dolutegravir (DTG)  
• Bictegravir (BIC)  
• Cabotegravir (CAB)  
• Raltegravir (RAL)  
• Elvitegravir (EVG), boosted  
• Boosted PIs  
• Rilpivirine (RPV)  
•"
RAL,72,"ents  
• NRTIs  
• Dolutegravir (DTG)  
• Bictegravir (BIC)  
• Cabotegravir (CAB)  
• Raltegravir (RAL)  
• Elvitegravir (EVG), boosted  
• Boosted PIs  
• Rilpivirine (RPV)  
• Efavirenz (EFV)  
• E"
EVG,72,"tegravir (DTG)  
• Bictegravir (BIC)  
• Cabotegravir (CAB)  
• Raltegravir (RAL)  
• Elvitegravir (EVG), boosted  
• Boosted PIs  
• Rilpivirine (RPV)  
• Efavirenz (EFV)  
• Etravirine (ETR)  
• Dor"
RPV,72,"gravir (CAB)  
• Raltegravir (RAL)  
• Elvitegravir (EVG), boosted  
• Boosted PIs  
• Rilpivirine (RPV)  
• Efavirenz (EFV)  
• Etravirine (ETR)  
• Doravirine (DOR)  No significant interactions repo"
EFV,72,"tegravir (RAL)  
• Elvitegravir (EVG), boosted  
• Boosted PIs  
• Rilpivirine (RPV)  
• Efavirenz (EFV)  
• Etravirine (ETR)  
• Doravirine (DOR)  No significant interactions reported.  No dose adjus"
ETR,72,"vitegravir (EVG), boosted  
• Boosted PIs  
• Rilpivirine (RPV)  
• Efavirenz (EFV)  
• Etravirine (ETR)  
• Doravirine (DOR)  No significant interactions reported.  No dose adjustments are necessary."
DOR,72,"sted  
• Boosted PIs  
• Rilpivirine (RPV)  
• Efavirenz (EFV)  
• Etravirine (ETR)  
• Doravirine (DOR)  No significant interactions reported.  No dose adjustments are necessary.  
Abbreviations:  NR"
DTG,72,"diphenhydramine  
Class or Drug  Mechanism of Action  Clinical Comments  
• NRTIs  
• Dolutegravir (DTG)  
• Bictegravir (BIC)  
• Cabotegravir (CAB)  
• Raltegravir (RAL)  
• Elvitegravir (EVG), boos"
BIC,72,"s or Drug  Mechanism of Action  Clinical Comments  
• NRTIs  
• Dolutegravir (DTG)  
• Bictegravir (BIC)  
• Cabotegravir (CAB)  
• Raltegravir (RAL)  
• Elvitegravir (EVG), boosted  
• Boosted PIs"
CAB,72,"Action  Clinical Comments  
• NRTIs  
• Dolutegravir (DTG)  
• Bictegravir (BIC)  
• Cabotegravir (CAB)  
• Raltegravir (RAL)  
• Elvitegravir (EVG), boosted  
• Boosted PIs  
• Rilpivirine (RPV)  
•"
RAL,72,"ents  
• NRTIs  
• Dolutegravir (DTG)  
• Bictegravir (BIC)  
• Cabotegravir (CAB)  
• Raltegravir (RAL)  
• Elvitegravir (EVG), boosted  
• Boosted PIs  
• Rilpivirine (RPV)  
• Efavirenz (EFV)  
• E"
EFV,72,"tegravir (RAL)  
• Elvitegravir (EVG), boosted  
• Boosted PIs  
• Rilpivirine (RPV)  
• Efavirenz (EFV)  
• Etravirine (ETR)  
• Doravirine (DOR)  No significant interactions reported.  No dose adjus"
ETR,72,"vitegravir (EVG), boosted  
• Boosted PIs  
• Rilpivirine (RPV)  
• Efavirenz (EFV)  
• Etravirine (ETR)  
• Doravirine (DOR)  No significant interactions reported.  No dose adjustments are necessary."
DOR,72,"sted  
• Boosted PIs  
• Rilpivirine (RPV)  
• Efavirenz (EFV)  
• Etravirine (ETR)  
• Doravirine (DOR)  No significant interactions reported.  No dose adjustments are necessary.  
Abbreviations:  NR"
EVG,72,"tegravir (DTG)  
• Bictegravir (BIC)  
• Cabotegravir (CAB)  
• Raltegravir (RAL)  
• Elvitegravir (EVG), boosted  
• Boosted PIs  
• Rilpivirine (RPV)  
• Efavirenz (EFV)  
• Etravirine (ETR)  
• Dor"
RPV,73,"Salmeterol, formoterol, etc.  
Class or Drug  Mechanism of Action  Clinical Comments  
Rilpivirine (RPV)  RPV and drugs from LABA class may both theoretically increase 
QT interval, especially at high"
RPV,73,"Salmeterol, formoterol, etc.  
Class or Drug  Mechanism of Action  Clinical Comments  
Rilpivirine (RPV)  RPV and drugs from LABA class may both theoretically increase 
QT interval, especially at high"
DTG,73,"prednisone [a]  
Class or Drug  Mechanism of Action  Clinical Comments  
• NRTIs  
• Dolutegravir (DTG)  
• Bictegravir (BIC)  
• Cabotegravir (CAB)  
• Raltegravir (RAL)  
• Doravirine (DOR)  
• Fos"
BIC,73,"s or Drug  Mechanism of Action  Clinical Comments  
• NRTIs  
• Dolutegravir (DTG)  
• Bictegravir (BIC)  
• Cabotegravir (CAB)  
• Raltegravir (RAL)  
• Doravirine (DOR)  
• Fostemsavir (FTR) No sign"
CAB,73,"Action  Clinical Comments  
• NRTIs  
• Dolutegravir (DTG)  
• Bictegravir (BIC)  
• Cabotegravir (CAB)  
• Raltegravir (RAL)  
• Doravirine (DOR)  
• Fostemsavir (FTR) No significant interactions re"
RAL,73,"ents  
• NRTIs  
• Dolutegravir (DTG)  
• Bictegravir (BIC)  
• Cabotegravir (CAB)  
• Raltegravir (RAL)  
• Doravirine (DOR)  
• Fostemsavir (FTR) No significant interactions reported.  No dose adjus"
DOR,73,"lutegravir (DTG)  
• Bictegravir (BIC)  
• Cabotegravir (CAB)  
• Raltegravir (RAL)  
• Doravirine (DOR)  
• Fostemsavir (FTR) No significant interactions reported.  No dose adjustments are necessary."
FTR,73,"ictegravir (BIC)  
• Cabotegravir (CAB)  
• Raltegravir (RAL)  
• Doravirine (DOR)  
• Fostemsavir (FTR) No significant interactions reported.  No dose adjustments are necessary.  
Elvitegravir (EVG),"
EVG,73,"vir (FTR) No significant interactions reported.  No dose adjustments are necessary.  
Elvitegravir (EVG), boosted  Risk of Cushing’s syndrome occurs when boosted EVG is coadministered with the followi"
EVG,73,"vir (FTR) No significant interactions reported.  No dose adjustments are necessary.  
Elvitegravir (EVG), boosted  Risk of Cushing’s syndrome occurs when boosted EVG is coadministered with the followi"
RPV,74,"rnative corticosteroid. Consider beclomethasone 
or flunisolide as safe alternatives. 
Rilpivirine (RPV)  Dexamethasone  is a CYP3A inducer, which is primarily 
responsible for metabolism of RPV.  Dex"
RPV,74,"rnative corticosteroid. Consider beclomethasone 
or flunisolide as safe alternatives. 
Rilpivirine (RPV)  Dexamethasone  is a CYP3A inducer, which is primarily 
responsible for metabolism of RPV.  Dex"
EFV,74,"enced HIV care 
provider  (see prescribing information  for Cabenuva
 and 
Edurant ). 
• Efavirenz (EFV)  
• Etravirine (ETR)  Coadministration may reduce corticosteroid concentrations.  Dexamethasone"
ETR,74,"der  (see prescribing information  for Cabenuva
 and 
Edurant ). 
• Efavirenz (EFV)  
• Etravirine (ETR)  Coadministration may reduce corticosteroid concentrations.  Dexamethasone (systemic):  Conside"
LEN,74,"long -term use; if benefits of use outweigh risks, monitor for 
virologic response.  
Lenacapavir (LEN) for HIV 
treatment  • Moderate inhibition of CYP3A4 and P -gP potentially increases 
corticoste"
LEN,74,"long -term use; if benefits of use outweigh risks, monitor for 
virologic response.  
Lenacapavir (LEN) for HIV 
treatment  • Moderate inhibition of CYP3A4 and P -gP potentially increases 
corticoste"
LEN,74,"long -term use; if benefits of use outweigh risks, monitor for 
virologic response.  
Lenacapavir (LEN) for HIV 
treatment  • Moderate inhibition of CYP3A4 and P -gP potentially increases 
corticoste"
LEN,74,"long -term use; if benefits of use outweigh risks, monitor for 
virologic response.  
Lenacapavir (LEN) for HIV 
treatment  • Moderate inhibition of CYP3A4 and P -gP potentially increases 
corticoste"
LEN,74,"long -term use; if benefits of use outweigh risks, monitor for 
virologic response.  
Lenacapavir (LEN) for HIV 
treatment  • Moderate inhibition of CYP3A4 and P -gP potentially increases 
corticoste"
LEN,74,"long -term use; if benefits of use outweigh risks, monitor for 
virologic response.  
Lenacapavir (LEN) for HIV 
treatment  • Moderate inhibition of CYP3A4 and P -gP potentially increases 
corticoste"
LEN,75,"tion  Clinical Comments  
• After stopping use of moderate  CYP3A4 inducer, continue to 
administer LEN PrEP every 6 months as scheduled without 
supplemental subcutaneous dosing.  Supplemental dosing"
LEN,75,"tion  Clinical Comments  
• After stopping use of moderate  CYP3A4 inducer, continue to 
administer LEN PrEP every 6 months as scheduled without 
supplemental subcutaneous dosing.  Supplemental dosing"
LEN,75,"tion  Clinical Comments  
• After stopping use of moderate  CYP3A4 inducer, continue to 
administer LEN PrEP every 6 months as scheduled without 
supplemental subcutaneous dosing.  Supplemental dosing"
LEN,75,"tion  Clinical Comments  
• After stopping use of moderate  CYP3A4 inducer, continue to 
administer LEN PrEP every 6 months as scheduled without 
supplemental subcutaneous dosing.  Supplemental dosing"
DTG,75,"hibitors (MAOIs) 
Class or Drug  Mechanism of Action  Clinical Comments  
• NRTIs  
• Dolutegravir (DTG)  
• Bictegravir (BIC)  
• Cabotegravir (CAB)  
• Raltegravir (RAL)  
• Rilpivirine (RPV)  
• Do"
BIC,75,"s or Drug  Mechanism of Action  Clinical Comments  
• NRTIs  
• Dolutegravir (DTG)  
• Bictegravir (BIC)  
• Cabotegravir (CAB)  
• Raltegravir (RAL)  
• Rilpivirine (RPV)  
• Doravirine (DOR)  No sig"
CAB,75,"Action  Clinical Comments  
• NRTIs  
• Dolutegravir (DTG)  
• Bictegravir (BIC)  
• Cabotegravir (CAB)  
• Raltegravir (RAL)  
• Rilpivirine (RPV)  
• Doravirine (DOR)  No significant interactions r"
RAL,75,"ents  
• NRTIs  
• Dolutegravir (DTG)  
• Bictegravir (BIC)  
• Cabotegravir (CAB)  
• Raltegravir (RAL)  
• Rilpivirine (RPV)  
• Doravirine (DOR)  No significant interactions reported.  No dose adju"
RPV,75,"utegravir (DTG)  
• Bictegravir (BIC)  
• Cabotegravir (CAB)  
• Raltegravir (RAL)  
• Rilpivirine (RPV)  
• Doravirine (DOR)  No significant interactions reported.  No dose adjustments are necessary."
DOR,75,"ictegravir (BIC)  
• Cabotegravir (CAB)  
• Raltegravir (RAL)  
• Rilpivirine (RPV)  
• Doravirine (DOR)  No significant interactions reported.  No dose adjustments are necessary.  
• Elvitegravir (EV"
EVG,75,"(DOR)  No significant interactions reported.  No dose adjustments are necessary.  
• Elvitegravir (EVG), boosted  
• Boosted PIs  Trazodone:  Concomitant use may increase trazodone 
concentrations. T"
EFV,75,"one 
concentrations. Trazodone:  Monitor for antidepressant and/or sedative effects.  
• Efavirenz (EFV)  
• Etravirine (ETR)  • Trazodone:  EFV and ETR may decrease trazodone 
concentrations. 
• Bupr"
ETR,75,"Trazodone:  Monitor for antidepressant and/or sedative effects.  
• Efavirenz (EFV)  
• Etravirine (ETR)  • Trazodone:  EFV and ETR may decrease trazodone 
concentrations. 
• Bupropion:  
‒ EFV may in"
EFV,75,"one 
concentrations. Trazodone:  Monitor for antidepressant and/or sedative effects.  
• Efavirenz (EFV)  
• Etravirine (ETR)  • Trazodone:  EFV and ETR may decrease trazodone 
concentrations. 
• Bupr"
ETR,75,"Trazodone:  Monitor for antidepressant and/or sedative effects.  
• Efavirenz (EFV)  
• Etravirine (ETR)  • Trazodone:  EFV and ETR may decrease trazodone 
concentrations. 
• Bupropion:  
‒ EFV may in"
EFV,75,"one 
concentrations. Trazodone:  Monitor for antidepressant and/or sedative effects.  
• Efavirenz (EFV)  
• Etravirine (ETR)  • Trazodone:  EFV and ETR may decrease trazodone 
concentrations. 
• Bupr"
ETR,75,"Trazodone:  Monitor for antidepressant and/or sedative effects.  
• Efavirenz (EFV)  
• Etravirine (ETR)  • Trazodone:  EFV and ETR may decrease trazodone 
concentrations. 
• Bupropion:  
‒ EFV may in"
DTG,76,"ng information)  
Class or Drug  Mechanism of Action  Clinical Comments  
• NRTIs  
• Dolutegravir (DTG)  
• Bictegravir (BIC)  
• Cabotegravir (CAB)  
• Raltegravir (RAL)  
• Rilpivirine (RPV)  
• Do"
BIC,76,"s or Drug  Mechanism of Action  Clinical Comments  
• NRTIs  
• Dolutegravir (DTG)  
• Bictegravir (BIC)  
• Cabotegravir (CAB)  
• Raltegravir (RAL)  
• Rilpivirine (RPV)  
• Doravirine (DOR)  
• Fos"
CAB,76,"Action  Clinical Comments  
• NRTIs  
• Dolutegravir (DTG)  
• Bictegravir (BIC)  
• Cabotegravir (CAB)  
• Raltegravir (RAL)  
• Rilpivirine (RPV)  
• Doravirine (DOR)  
• Fostemsavir (FTR) No signi"
RAL,76,"ents  
• NRTIs  
• Dolutegravir (DTG)  
• Bictegravir (BIC)  
• Cabotegravir (CAB)  
• Raltegravir (RAL)  
• Rilpivirine (RPV)  
• Doravirine (DOR)  
• Fostemsavir (FTR) No significant interactions re"
RPV,76,"utegravir (DTG)  
• Bictegravir (BIC)  
• Cabotegravir (CAB)  
• Raltegravir (RAL)  
• Rilpivirine (RPV)  
• Doravirine (DOR)  
• Fostemsavir (FTR) No significant interactions reported.  No dose adjus"
DOR,76,"ictegravir (BIC)  
• Cabotegravir (CAB)  
• Raltegravir (RAL)  
• Rilpivirine (RPV)  
• Doravirine (DOR)  
• Fostemsavir (FTR) No significant interactions reported.  No dose adjustments are necessary."
FTR,76,"abotegravir (CAB)  
• Raltegravir (RAL)  
• Rilpivirine (RPV)  
• Doravirine (DOR)  
• Fostemsavir (FTR) No significant interactions reported.  No dose adjustments are necessary.  
Elvitegravir (EVG),"
EVG,76,"vir (FTR) No significant interactions reported.  No dose adjustments are necessary.  
Elvitegravir (EVG), boosted  • Boosting with cobicistat:  May increase benzodiazepine 
concentrations via CYP3A4 i"
COBI,76,"concentrations via CYP3A4 inhibition.  
• Midazolam, triazolam:  Levels likely to be increased by COBI-
boosted EVG  • Alprazolam, clonazepam, diazepam: Consider alternative 
benzodiazepine (e.g., l"
EVG,76,"vir (FTR) No significant interactions reported.  No dose adjustments are necessary.  
Elvitegravir (EVG), boosted  • Boosting with cobicistat:  May increase benzodiazepine 
concentrations via CYP3A4 i"
EFV,76,"dose; monitor closely for adverse effects.  
• Diazepam: Monitor for excess sedation.  
Efavirenz (EFV)  Alprazolam, diazepam:  EFV may reduce alprazolam and 
diazepam concentrations.  • Alprazolam:"
EFV,76,"dose; monitor closely for adverse effects.  
• Diazepam: Monitor for excess sedation.  
Efavirenz (EFV)  Alprazolam, diazepam:  EFV may reduce alprazolam and 
diazepam concentrations.  • Alprazolam:"
EFV,76,"dose; monitor closely for adverse effects.  
• Diazepam: Monitor for excess sedation.  
Efavirenz (EFV)  Alprazolam, diazepam:  EFV may reduce alprazolam and 
diazepam concentrations.  • Alprazolam:"
ETR,76,"am:  Titrate slowly to achieve 
clinical effect; monitor for benzodiazepine efficacy.  
Etravirine (ETR)  Alprazolam, diazepam:  ETR may reduce alprazolam and 
diazepam concentrations.  Alprazolam: Mo"
ETR,76,"am:  Titrate slowly to achieve 
clinical effect; monitor for benzodiazepine efficacy.  
Etravirine (ETR)  Alprazolam, diazepam:  ETR may reduce alprazolam and 
diazepam concentrations.  Alprazolam: Mo"
LEN,76,"am and 
diazepam concentrations.  Alprazolam: Monitor for benzodiazepine withdrawal.  
Lenacapavir (LEN)  Midazolam (oral), triazolam:  Moderate inhibition of CYP3A4 and 
P-gP potentially increases se"
COBI,76,"concentrations via CYP3A4 inhibition.  
• Midazolam, triazolam:  Levels likely to be increased by COBI-
boosted EVG  • Alprazolam, clonazepam, diazepam: Consider alternative 
benzodiazepine (e.g., l"
DTG,77,"eon, suvorexant  
Class or Drug  Mechanism of Action  Clinical Comments  
• NRTIs  
• Dolutegravir (DTG)  
• Bictegravir (BIC)  
• Cabotegravir (CAB)  
• Raltegravir (RAL)  
• Rilpivirine (RPV)  
• Do"
BIC,77,"s or Drug  Mechanism of Action  Clinical Comments  
• NRTIs  
• Dolutegravir (DTG)  
• Bictegravir (BIC)  
• Cabotegravir (CAB)  
• Raltegravir (RAL)  
• Rilpivirine (RPV)  
• Doravirine (DOR)  
• Fos"
CAB,77,"Action  Clinical Comments  
• NRTIs  
• Dolutegravir (DTG)  
• Bictegravir (BIC)  
• Cabotegravir (CAB)  
• Raltegravir (RAL)  
• Rilpivirine (RPV)  
• Doravirine (DOR)  
• Fostemsavir (FTR) No signi"
RAL,77,"ents  
• NRTIs  
• Dolutegravir (DTG)  
• Bictegravir (BIC)  
• Cabotegravir (CAB)  
• Raltegravir (RAL)  
• Rilpivirine (RPV)  
• Doravirine (DOR)  
• Fostemsavir (FTR) No significant interactions re"
RPV,77,"utegravir (DTG)  
• Bictegravir (BIC)  
• Cabotegravir (CAB)  
• Raltegravir (RAL)  
• Rilpivirine (RPV)  
• Doravirine (DOR)  
• Fostemsavir (FTR) No significant interactions reported.  No dose adjus"
DOR,77,"ictegravir (BIC)  
• Cabotegravir (CAB)  
• Raltegravir (RAL)  
• Rilpivirine (RPV)  
• Doravirine (DOR)  
• Fostemsavir (FTR) No significant interactions reported.  No dose adjustments are necessary."
FTR,77,"abotegravir (CAB)  
• Raltegravir (RAL)  
• Rilpivirine (RPV)  
• Doravirine (DOR)  
• Fostemsavir (FTR) No significant interactions reported.  No dose adjustments are necessary.  
Elvitegravir (EVG),"
EVG,77,"vir (FTR) No significant interactions reported.  No dose adjustments are necessary.  
Elvitegravir (EVG), boosted  • Suvorexant is a CYP3A substrate.  
• COBI inhibits CYP3A.  
• Zolpidem, eszopiclone"
COBI,77,"se adjustments are necessary.  
Elvitegravir (EVG), boosted  • Suvorexant is a CYP3A substrate.  
• COBI inhibits CYP3A.  
• Zolpidem, eszopiclone:  These drugs are CYP3A substrates and 
may be increa"
RTV,77,"dem, suvorexant:  Boosted PIs may increase zolpidem and 
suvorexant concentrations.  
• Ramelteon:  RTV-boosted PIs may reduce ramelteon efficacy.  • Zolpidem: Administer lowest effective dose; monito"
EFV,77,"e sleep medication or ARV.  
• Ramelteon: Monitor for efficacy in  cigarette smokers. 
• Efavirenz (EFV)  
• Etravirine (ETR)  Zolpidem:  EFV and ETR may reduce zolpidem concentrations.  • Zolpidem, e"
ETR,77,"ARV.  
• Ramelteon: Monitor for efficacy in  cigarette smokers. 
• Efavirenz (EFV)  
• Etravirine (ETR)  Zolpidem:  EFV and ETR may reduce zolpidem concentrations.  • Zolpidem, eszopiclone: Monitor f"
EFV,77,"e sleep medication or ARV.  
• Ramelteon: Monitor for efficacy in  cigarette smokers. 
• Efavirenz (EFV)  
• Etravirine (ETR)  Zolpidem:  EFV and ETR may reduce zolpidem concentrations.  • Zolpidem, e"
ETR,77,"ARV.  
• Ramelteon: Monitor for efficacy in  cigarette smokers. 
• Efavirenz (EFV)  
• Etravirine (ETR)  Zolpidem:  EFV and ETR may reduce zolpidem concentrations.  • Zolpidem, eszopiclone: Monitor f"
RTV,77,"dem, suvorexant:  Boosted PIs may increase zolpidem and 
suvorexant concentrations.  
• Ramelteon:  RTV-boosted PIs may reduce ramelteon efficacy.  • Zolpidem: Administer lowest effective dose; monito"
DTG,78,"ation, atypical  
Class or Drug  Mechanism of Action  Clinical Comments  
• NRTIs  
• Dolutegravir (DTG)  
• Bictegravir (BIC)  
• Cabotegravir (CAB)  
• Raltegravir (RAL)  
• Doravirine (DOR)  No sig"
BIC,78,"s or Drug  Mechanism of Action  Clinical Comments  
• NRTIs  
• Dolutegravir (DTG)  
• Bictegravir (BIC)  
• Cabotegravir (CAB)  
• Raltegravir (RAL)  
• Doravirine (DOR)  No significant interactions"
CAB,78,"Action  Clinical Comments  
• NRTIs  
• Dolutegravir (DTG)  
• Bictegravir (BIC)  
• Cabotegravir (CAB)  
• Raltegravir (RAL)  
• Doravirine (DOR)  No significant interactions are expected.  No dose"
RAL,78,"ents  
• NRTIs  
• Dolutegravir (DTG)  
• Bictegravir (BIC)  
• Cabotegravir (CAB)  
• Raltegravir (RAL)  
• Doravirine (DOR)  No significant interactions are expected.  No dose adjustments are necess"
DOR,78,"lutegravir (DTG)  
• Bictegravir (BIC)  
• Cabotegravir (CAB)  
• Raltegravir (RAL)  
• Doravirine (DOR)  No significant interactions are expected.  No dose adjustments are necessary.  
Elvitegravir ("
EVG,78,"DOR)  No significant interactions are expected.  No dose adjustments are necessary.  
Elvitegravir (EVG), boosted  Several antipsychotic agents are substrates of CYP3A, and 
inhibitors of this enzyme"
RTV,78,": Boosted PIs may moderately increase haloperidol 
concentrations. 
• Aripiprazole, brexpiprazole:  RTV-boosted PIs may increase 
aripiprazole and brexpiprazole levels.  
• Risperidone: Boosted PIs ma"
RTV,79,"n, second-generation, atypical  
Class or Drug  Mechanism of Action  Clinical Comments  
Ritonavir (RTV)  • Haloperidol: Boosted PIs may moderately increase haloperidol 
concentrations. 
• Aripiprazol"
RTV,79,"n, second-generation, atypical  
Class or Drug  Mechanism of Action  Clinical Comments  
Ritonavir (RTV)  • Haloperidol: Boosted PIs may moderately increase haloperidol 
concentrations. 
• Aripiprazol"
RTV,79,"n, second-generation, atypical  
Class or Drug  Mechanism of Action  Clinical Comments  
Ritonavir (RTV)  • Haloperidol: Boosted PIs may moderately increase haloperidol 
concentrations. 
• Aripiprazol"
ATV,79,"S(c) 2024] . 
• Clozapine:  Monitor carefully for clozapine- related adverse 
effects. 
Atazanavir (ATV), unboosted  Lurasidone:  ATV decreases lurasidone metabolism via CYP3A.  Lurasidone: Decrease l"
ATV,79,"S(c) 2024] . 
• Clozapine:  Monitor carefully for clozapine- related adverse 
effects. 
Atazanavir (ATV), unboosted  Lurasidone:  ATV decreases lurasidone metabolism via CYP3A.  Lurasidone: Decrease l"
RPV,79,"ase lurasidone dose by 50%; monitor for 
adverse effects, including QT prolongation.  
Rilpivirine (RPV)  No significant interactions reported.  No dose adjustments are necessary, but avoid excess dos"
RPV,79,"ase lurasidone dose by 50%; monitor for 
adverse effects, including QT prolongation.  
Rilpivirine (RPV)  No significant interactions reported.  No dose adjustments are necessary, but avoid excess dos"
EFV,79,"hotic or RPV because excess doses of both drugs 
may increase risk of QT prolongation.  
Efavirenz (EFV)  • Quetiapine:  EFV may reduce quetiapine concentrations.  
• Aripiprazole, brexpiprazole:  EFV"
EFV,79,"hotic or RPV because excess doses of both drugs 
may increase risk of QT prolongation.  
Efavirenz (EFV)  • Quetiapine:  EFV may reduce quetiapine concentrations.  
• Aripiprazole, brexpiprazole:  EFV"
EFV,79,"hotic or RPV because excess doses of both drugs 
may increase risk of QT prolongation.  
Efavirenz (EFV)  • Quetiapine:  EFV may reduce quetiapine concentrations.  
• Aripiprazole, brexpiprazole:  EFV"
EFV,79,"hotic or RPV because excess doses of both drugs 
may increase risk of QT prolongation.  
Efavirenz (EFV)  • Quetiapine:  EFV may reduce quetiapine concentrations.  
• Aripiprazole, brexpiprazole:  EFV"
ETR,80,", second-generation, atypical  
Class or Drug  Mechanism of Action  Clinical Comments  
Etravirine (ETR)  • Aripiprazole, brexpiprazole:  ETR may decrease aripiprazole 
and brexpiprazole concentration"
ETR,80,", second-generation, atypical  
Class or Drug  Mechanism of Action  Clinical Comments  
Etravirine (ETR)  • Aripiprazole, brexpiprazole:  ETR may decrease aripiprazole 
and brexpiprazole concentration"
ETR,80,", second-generation, atypical  
Class or Drug  Mechanism of Action  Clinical Comments  
Etravirine (ETR)  • Aripiprazole, brexpiprazole:  ETR may decrease aripiprazole 
and brexpiprazole concentration"
FTR,80,"itrate slowly to 
achieve clinical effect; monitor for efficacy and adverse effects.  
Fostemsavir (FTR) FTR may prolong QT.  Use caution when combining FTR with other medications known 
to prolong QT"
FTR,80,"itrate slowly to 
achieve clinical effect; monitor for efficacy and adverse effects.  
Fostemsavir (FTR) FTR may prolong QT.  Use caution when combining FTR with other medications known 
to prolong QT"
FTR,80,"itrate slowly to 
achieve clinical effect; monitor for efficacy and adverse effects.  
Fostemsavir (FTR) FTR may prolong QT.  Use caution when combining FTR with other medications known 
to prolong QT"
LEN,80,"Use caution when combining FTR with other medications known 
to prolong QT interval. 
Lenacapavir (LEN)  Pimozide:  Moderate inhibition of P -gP potentially increases 
pimozide levels.  Pimozide:  Do"
TDF,80,"onisam ide 
Class or Drug  Mechanism of Action  Clinical Comments  
Tenofovir disoproxil fumarate 
(TDF)  • Zonisamide:  TDF may increase concentration of zonisamide. 
• Topiramate:  No significant in"
TDF,80,"onisam ide 
Class or Drug  Mechanism of Action  Clinical Comments  
Tenofovir disoproxil fumarate 
(TDF)  • Zonisamide:  TDF may increase concentration of zonisamide. 
• Topiramate:  No significant in"
TDF,80,"onisam ide 
Class or Drug  Mechanism of Action  Clinical Comments  
Tenofovir disoproxil fumarate 
(TDF)  • Zonisamide:  TDF may increase concentration of zonisamide. 
• Topiramate:  No significant in"
TDF,80,"onisam ide 
Class or Drug  Mechanism of Action  Clinical Comments  
Tenofovir disoproxil fumarate 
(TDF)  • Zonisamide:  TDF may increase concentration of zonisamide. 
• Topiramate:  No significant in"
TDF,80,"onisam ide 
Class or Drug  Mechanism of Action  Clinical Comments  
Tenofovir disoproxil fumarate 
(TDF)  • Zonisamide:  TDF may increase concentration of zonisamide. 
• Topiramate:  No significant in"
TAF,80,"opiramate may cause kidney stones; TDF is associated with renal toxicity).  
Tenofovir alafenamide (TAF)  Coadministration with strong CYP3A inducers (phenytoin, 
phenobarbital, etc.) may decrease TAF"
TAF,80,"opiramate may cause kidney stones; TDF is associated with renal toxicity).  
Tenofovir alafenamide (TAF)  Coadministration with strong CYP3A inducers (phenytoin, 
phenobarbital, etc.) may decrease TAF"
TAF,80,"opiramate may cause kidney stones; TDF is associated with renal toxicity).  
Tenofovir alafenamide (TAF)  Coadministration with strong CYP3A inducers (phenytoin, 
phenobarbital, etc.) may decrease TAF"
CAB,80,"tions.  
Other NRTIs  No interactions reported.  No dose adjustments are necessary.  
Cabotegravir (CAB)  • Carbamazepine, oxcarbazepine, phenobarbital, phenytoin:  
Coadministration may significantly"
CAB,80,"tions.  
Other NRTIs  No interactions reported.  No dose adjustments are necessary.  
Cabotegravir (CAB)  • Carbamazepine, oxcarbazepine, phenobarbital, phenytoin:  
Coadministration may significantly"
DTG,80,"ted.  
• Gabapentin, topiramate, zonisamide:  No dose adjustments 
are necessary.  
• Dolutegravir (DTG)  
• Bictegravir (BIC)  Coadministration with strong CYP3A inducers (phenytoin, phenobarbital, e"
BIC,80,"opiramate, zonisamide:  No dose adjustments 
are necessary.  
• Dolutegravir (DTG)  
• Bictegravir (BIC)  Coadministration with strong CYP3A inducers (phenytoin, phenobarbital, etc.) may decrease DTG"
DTG,80,"ted.  
• Gabapentin, topiramate, zonisamide:  No dose adjustments 
are necessary.  
• Dolutegravir (DTG)  
• Bictegravir (BIC)  Coadministration with strong CYP3A inducers (phenytoin, phenobarbital, e"
BIC,80,"opiramate, zonisamide:  No dose adjustments 
are necessary.  
• Dolutegravir (DTG)  
• Bictegravir (BIC)  Coadministration with strong CYP3A inducers (phenytoin, phenobarbital, etc.) may decrease DTG"
RAL,80,"bital, etc.) may decrease DTG or BIC concentrations.  No dose adjustments necessary.  
Raltegravir (RAL)  Coadministration with strong UGT1A1 inducers (phenytoin, 
phenobarbital, etc.) may decrease RA"
RAL,80,"bital, etc.) may decrease DTG or BIC concentrations.  No dose adjustments necessary.  
Raltegravir (RAL)  Coadministration with strong UGT1A1 inducers (phenytoin, 
phenobarbital, etc.) may decrease RA"
EVG,81,"tin, topiramate, zonisam ide 
Class or Drug  Mechanism of Action  Clinical Comments  
Elvitegravir (EVG), boosted  Carbamazepine, oxcarbazepine, phenobarbital, and phenytoin:  
Coadministration may si"
RTV,81,"t of use outweighs risk, monitor carefully for efficacy and toxicity.  
• Perform TDM.  
Ritonavir (RTV)  • Phenytoin:  Concurrent use may reduce RTV and phenytoin 
concentrations, resulting in loss o"
RTV,81,"t of use outweighs risk, monitor carefully for efficacy and toxicity.  
• Perform TDM.  
Ritonavir (RTV)  • Phenytoin:  Concurrent use may reduce RTV and phenytoin 
concentrations, resulting in loss o"
RTV,81,"t of use outweighs risk, monitor carefully for efficacy and toxicity.  
• Perform TDM.  
Ritonavir (RTV)  • Phenytoin:  Concurrent use may reduce RTV and phenytoin 
concentrations, resulting in loss o"
RTV,81,"t of use outweighs risk, monitor carefully for efficacy and toxicity.  
• Perform TDM.  
Ritonavir (RTV)  • Phenytoin:  Concurrent use may reduce RTV and phenytoin 
concentrations, resulting in loss o"
COBI,81,"itrate slowly to achieve clinical effect; monitor 
for efficacy.  
• Valproic acid:  Consider using COBI when ARV boosting is 
required.  
Boosted PIs  • Carbamazepine, oxcarbazepine, phenobarbital, p"
RPV,81,"nitor carefully for efficacy and toxicity.  
• Perform TDM if use cannot be avoided.  
Rilpivirine (RPV)  • Carbamazepine, oxcarbazepine, phenobarbital, phenytoin:  
Coadministration may significantly"
RPV,81,"nitor carefully for efficacy and toxicity.  
• Perform TDM if use cannot be avoided.  
Rilpivirine (RPV)  • Carbamazepine, oxcarbazepine, phenobarbital, phenytoin:  
Coadministration may significantly"
RPV,81,"nitor carefully for efficacy and toxicity.  
• Perform TDM if use cannot be avoided.  
Rilpivirine (RPV)  • Carbamazepine, oxcarbazepine, phenobarbital, phenytoin:  
Coadministration may significantly"
EFV,82,"ntin, topiramate, zonisam ide 
Class or Drug  Mechanism of Action  Clinical Comments  
• Efavirenz (EFV)  
• Etravirine (ETR)  • Lamotrigine, zonisamide:  EFV and ETR may reduce lamotrigine 
and zonis"
ETR,82,"isam ide 
Class or Drug  Mechanism of Action  Clinical Comments  
• Efavirenz (EFV)  
• Etravirine (ETR)  • Lamotrigine, zonisamide:  EFV and ETR may reduce lamotrigine 
and zonisamide efficacy.  
• G"
EFV,82,"ntin, topiramate, zonisam ide 
Class or Drug  Mechanism of Action  Clinical Comments  
• Efavirenz (EFV)  
• Etravirine (ETR)  • Lamotrigine, zonisamide:  EFV and ETR may reduce lamotrigine 
and zonis"
ETR,82,"isam ide 
Class or Drug  Mechanism of Action  Clinical Comments  
• Efavirenz (EFV)  
• Etravirine (ETR)  • Lamotrigine, zonisamide:  EFV and ETR may reduce lamotrigine 
and zonisamide efficacy.  
• G"
FTR,82,"monitor for efficacy.  
• Gabapentin, topiramate: No dose adjustments are necessary. 
Fostemsavir (FTR) Carbamazepine, oxcarbazepine, phenobarbital, phenytoin:  
Significantly reduced FTR levels are"
FTR,82,"monitor for efficacy.  
• Gabapentin, topiramate: No dose adjustments are necessary. 
Fostemsavir (FTR) Carbamazepine, oxcarbazepine, phenobarbital, phenytoin:  
Significantly reduced FTR levels are"
FTR,82,"monitor for efficacy.  
• Gabapentin, topiramate: No dose adjustments are necessary. 
Fostemsavir (FTR) Carbamazepine, oxcarbazepine, phenobarbital, phenytoin:  
Significantly reduced FTR levels are"
LEN,82,"levels are expected.  Avoid coadministration due to potential loss of FTR efficacy.  
Lenacapavir (LEN) for HIV 
treatment  Carbamazepine, eslicarbazepine, oxcarbazepine, phenobarbital, 
phenytoin, p"
LEN,82,"levels are expected.  Avoid coadministration due to potential loss of FTR efficacy.  
Lenacapavir (LEN) for HIV 
treatment  Carbamazepine, eslicarbazepine, oxcarbazepine, phenobarbital, 
phenytoin, p"
LEN,82,"levels are expected.  Avoid coadministration due to potential loss of FTR efficacy.  
Lenacapavir (LEN) for HIV 
treatment  Carbamazepine, eslicarbazepine, oxcarbazepine, phenobarbital, 
phenytoin, p"
LEN,82,"levels are expected.  Avoid coadministration due to potential loss of FTR efficacy.  
Lenacapavir (LEN) for HIV 
treatment  Carbamazepine, eslicarbazepine, oxcarbazepine, phenobarbital, 
phenytoin, p"
LEN,82,"levels are expected.  Avoid coadministration due to potential loss of FTR efficacy.  
Lenacapavir (LEN) for HIV 
treatment  Carbamazepine, eslicarbazepine, oxcarbazepine, phenobarbital, 
phenytoin, p"
LEN,82,"levels are expected.  Avoid coadministration due to potential loss of FTR efficacy.  
Lenacapavir (LEN) for HIV 
treatment  Carbamazepine, eslicarbazepine, oxcarbazepine, phenobarbital, 
phenytoin, p"
LEN,82,"levels are expected.  Avoid coadministration due to potential loss of FTR efficacy.  
Lenacapavir (LEN) for HIV 
treatment  Carbamazepine, eslicarbazepine, oxcarbazepine, phenobarbital, 
phenytoin, p"
LEN,82,"levels are expected.  Avoid coadministration due to potential loss of FTR efficacy.  
Lenacapavir (LEN) for HIV 
treatment  Carbamazepine, eslicarbazepine, oxcarbazepine, phenobarbital, 
phenytoin, p"
LEN,82,"levels are expected.  Avoid coadministration due to potential loss of FTR efficacy.  
Lenacapavir (LEN) for HIV 
treatment  Carbamazepine, eslicarbazepine, oxcarbazepine, phenobarbital, 
phenytoin, p"
LEN,82,"levels are expected.  Avoid coadministration due to potential loss of FTR efficacy.  
Lenacapavir (LEN) for HIV 
treatment  Carbamazepine, eslicarbazepine, oxcarbazepine, phenobarbital, 
phenytoin, p"
COBI,82,"g only 
continues until the patient has stopped the inducer.  
Abbreviations:  ARV, antiretroviral; COBI, cobicistat; CYP, cytochrome P450; NNRTI, non -nucleoside reverse transcriptase inhibitor; NRTI"
LEN,83,"ant interactions expected and no dose adjustments required.  
b. For individuals using subcutaneous LEN every 6 months for HIV prevention. No guidance is currently available for (1) individuals using"
LEN,83,"ant interactions expected and no dose adjustments required.  
b. For individuals using subcutaneous LEN every 6 months for HIV prevention. No guidance is currently available for (1) individuals using"
LEN,83,"ant interactions expected and no dose adjustments required.  
b. For individuals using subcutaneous LEN every 6 months for HIV prevention. No guidance is currently available for (1) individuals using"
DTG,83,", acetaminophen  
Class or Drug  Mechanism of Action  Clinical Comments  
• NRTIs  
• Dolutegravir (DTG)  
• Bictegravir (BIC)  
• Cabotegravir (CAB)  
• Raltegravir (RAL)  
• Rilpivirine (RPV)  
• Ef"
BIC,83,"s or Drug  Mechanism of Action  Clinical Comments  
• NRTIs  
• Dolutegravir (DTG)  
• Bictegravir (BIC)  
• Cabotegravir (CAB)  
• Raltegravir (RAL)  
• Rilpivirine (RPV)  
• Efavirenz (EFV)  
• Etra"
CAB,83,"Action  Clinical Comments  
• NRTIs  
• Dolutegravir (DTG)  
• Bictegravir (BIC)  
• Cabotegravir (CAB)  
• Raltegravir (RAL)  
• Rilpivirine (RPV)  
• Efavirenz (EFV)  
• Etravirine (ETR)  
• Doravi"
RAL,83,"ents  
• NRTIs  
• Dolutegravir (DTG)  
• Bictegravir (BIC)  
• Cabotegravir (CAB)  
• Raltegravir (RAL)  
• Rilpivirine (RPV)  
• Efavirenz (EFV)  
• Etravirine (ETR)  
• Doravirine (DOR)  
• Fostems"
RPV,83,"utegravir (DTG)  
• Bictegravir (BIC)  
• Cabotegravir (CAB)  
• Raltegravir (RAL)  
• Rilpivirine (RPV)  
• Efavirenz (EFV)  
• Etravirine (ETR)  
• Doravirine (DOR)  
• Fostemsavir (FTR) No signific"
EFV,83,"Bictegravir (BIC)  
• Cabotegravir (CAB)  
• Raltegravir (RAL)  
• Rilpivirine (RPV)  
• Efavirenz (EFV)  
• Etravirine (ETR)  
• Doravirine (DOR)  
• Fostemsavir (FTR) No significant interactions are"
ETR,83,"Cabotegravir (CAB)  
• Raltegravir (RAL)  
• Rilpivirine (RPV)  
• Efavirenz (EFV)  
• Etravirine (ETR)  
• Doravirine (DOR)  
• Fostemsavir (FTR) No significant interactions are expected.  No dose a"
DOR,83,"• Raltegravir (RAL)  
• Rilpivirine (RPV)  
• Efavirenz (EFV)  
• Etravirine (ETR)  
• Doravirine (DOR)  
• Fostemsavir (FTR) No significant interactions are expected.  No dose adjustments are necess"
FTR,83,"• Rilpivirine (RPV)  
• Efavirenz (EFV)  
• Etravirine (ETR)  
• Doravirine (DOR)  
• Fostemsavir (FTR) No significant interactions are expected.  No dose adjustments are necessary.  
Elvitegravir (E"
EVG,83,"(FTR) No significant interactions are expected.  No dose adjustments are necessary.  
Elvitegravir (EVG), boosted  • Eletriptan: Eletriptan is a CYP3A substrate and concentrations 
may be increased if"
TDF,83,"ucleoside reverse transcriptase inhibitor; PI, protease inhibitor; PrEP, pre -exposure prophylaxis; TDF, tenofovir disoproxil fumarate.  
Note: 
a. Although TDF and NSAIDs (such as ibuprofen, meloxica"
TDF,83,"ucleoside reverse transcriptase inhibitor; PI, protease inhibitor; PrEP, pre -exposure prophylaxis; TDF, tenofovir disoproxil fumarate.  
Note: 
a. Although TDF and NSAIDs (such as ibuprofen, meloxica"
TDF,83,"ucleoside reverse transcriptase inhibitor; PI, protease inhibitor; PrEP, pre -exposure prophylaxis; TDF, tenofovir disoproxil fumarate.  
Note: 
a. Although TDF and NSAIDs (such as ibuprofen, meloxica"
DTG,84,"ing information) 
Class or Drug  Mechanism of Action  Clinical Comments  
• NRTIs  
• Dolutegravir (DTG)  
• Bictegravir (BIC)  
• Cabotegravir (CAB)  
• Raltegravir (RAL)  
• Rilpivirine (RPV)  
• Et"
BIC,84,"s or Drug  Mechanism of Action  Clinical Comments  
• NRTIs  
• Dolutegravir (DTG)  
• Bictegravir (BIC)  
• Cabotegravir (CAB)  
• Raltegravir (RAL)  
• Rilpivirine (RPV)  
• Etravirine (ETR)  
• Dor"
CAB,84,"Action  Clinical Comments  
• NRTIs  
• Dolutegravir (DTG)  
• Bictegravir (BIC)  
• Cabotegravir (CAB)  
• Raltegravir (RAL)  
• Rilpivirine (RPV)  
• Etravirine (ETR)  
• Doravirine (DOR)  
• Foste"
RAL,84,"ents  
• NRTIs  
• Dolutegravir (DTG)  
• Bictegravir (BIC)  
• Cabotegravir (CAB)  
• Raltegravir (RAL)  
• Rilpivirine (RPV)  
• Etravirine (ETR)  
• Doravirine (DOR)  
• Fostemsavir (FTR) No signif"
RPV,84,"utegravir (DTG)  
• Bictegravir (BIC)  
• Cabotegravir (CAB)  
• Raltegravir (RAL)  
• Rilpivirine (RPV)  
• Etravirine (ETR)  
• Doravirine (DOR)  
• Fostemsavir (FTR) No significant interactions rep"
ETR,84,"ictegravir (BIC)  
• Cabotegravir (CAB)  
• Raltegravir (RAL)  
• Rilpivirine (RPV)  
• Etravirine (ETR)  
• Doravirine (DOR)  
• Fostemsavir (FTR) No significant interactions reported.  No dose adjus"
DOR,84,"Cabotegravir (CAB)  
• Raltegravir (RAL)  
• Rilpivirine (RPV)  
• Etravirine (ETR)  
• Doravirine (DOR)  
• Fostemsavir (FTR) No significant interactions reported.  No dose adjustments are required."
FTR,84,"Raltegravir (RAL)  
• Rilpivirine (RPV)  
• Etravirine (ETR)  
• Doravirine (DOR)  
• Fostemsavir (FTR) No significant interactions reported.  No dose adjustments are required.  
Elvitegravir (EVG),"
EVG,84,"avir (FTR) No significant interactions reported.  No dose adjustments are required.  
Elvitegravir (EVG), boosted  • Opioid analgesics:  Complex mechanisms of metabolism and 
formation of both active"
EVG,84,"avir (FTR) No significant interactions reported.  No dose adjustments are required.  
Elvitegravir (EVG), boosted  • Opioid analgesics:  Complex mechanisms of metabolism and 
formation of both active"
COBI,84,"analgesic effect and dose these analgesics accordingly.  
• Tramadol:  When tramadol is given with COBI or RTV, 
monitoring for tramadol -related adverse effects and analgesic 
effect may be required"
RTV,84,"ic effect and dose these analgesics accordingly.  
• Tramadol:  When tramadol is given with COBI or RTV, 
monitoring for tramadol -related adverse effects and analgesic 
effect may be required as clin"
COBI,84,"analgesic effect and dose these analgesics accordingly.  
• Tramadol:  When tramadol is given with COBI or RTV, 
monitoring for tramadol -related adverse effects and analgesic 
effect may be required"
RTV,84,"ic effect and dose these analgesics accordingly.  
• Tramadol:  When tramadol is given with COBI or RTV, 
monitoring for tramadol -related adverse effects and analgesic 
effect may be required as clin"
EFV,84,"ic 
effect may be required as clinically indicated; adjust tramadol 
dosage if needed.  
Efavirenz (EFV)  • Morphine, hydromorphone:  Metabolism could be reduced by 
EFV.  
• Oxycodone  may be metabol"
EFV,84,"ic 
effect may be required as clinically indicated; adjust tramadol 
dosage if needed.  
Efavirenz (EFV)  • Morphine, hydromorphone:  Metabolism could be reduced by 
EFV.  
• Oxycodone  may be metabol"
EFV,84,"ic 
effect may be required as clinically indicated; adjust tramadol 
dosage if needed.  
Efavirenz (EFV)  • Morphine, hydromorphone:  Metabolism could be reduced by 
EFV.  
• Oxycodone  may be metabol"
EFV,84,"ic 
effect may be required as clinically indicated; adjust tramadol 
dosage if needed.  
Efavirenz (EFV)  • Morphine, hydromorphone:  Metabolism could be reduced by 
EFV.  
• Oxycodone  may be metabol"
EFV,84,"ic 
effect may be required as clinically indicated; adjust tramadol 
dosage if needed.  
Efavirenz (EFV)  • Morphine, hydromorphone:  Metabolism could be reduced by 
EFV.  
• Oxycodone  may be metabol"
EFV,84,"ic 
effect may be required as clinically indicated; adjust tramadol 
dosage if needed.  
Efavirenz (EFV)  • Morphine, hydromorphone:  Metabolism could be reduced by 
EFV.  
• Oxycodone  may be metabol"
LEN,84,"V. 
• Tramadol:  When given with tramadol, a priori dose 
adjustments are necessary.  
Lenacapavir (LEN)  Moderate inhibition of CYP3A4 potentially increases opioid levels.  • Monitor for therapeutic"
COBI,84,"analgesic effect and dose these analgesics accordingly.  
• Tramadol:  When tramadol is given with COBI or RTV, 
monitoring for tramadol -related adverse effects and analgesic 
effect may be required"
RTV,84,"ic effect and dose these analgesics accordingly.  
• Tramadol:  When tramadol is given with COBI or RTV, 
monitoring for tramadol -related adverse effects and analgesic 
effect may be required as clin"
DTG,85,"levonorgestrel  
Class or Drug  Mechanism of Action  Clinical Comments  
• NRTIs  
• Dolutegravir (DTG)  
• Bictegravir (BIC)  
• Cabotegravir (CAB)  
• Raltegravir (RAL)  
• Doravirine (DOR)  No sig"
BIC,85,"s or Drug  Mechanism of Action  Clinical Comments  
• NRTIs  
• Dolutegravir (DTG)  
• Bictegravir (BIC)  
• Cabotegravir (CAB)  
• Raltegravir (RAL)  
• Doravirine (DOR)  No significant drug interact"
CAB,85,"Action  Clinical Comments  
• NRTIs  
• Dolutegravir (DTG)  
• Bictegravir (BIC)  
• Cabotegravir (CAB)  
• Raltegravir (RAL)  
• Doravirine (DOR)  No significant drug interactions reported.  No dose"
RAL,85,"ents  
• NRTIs  
• Dolutegravir (DTG)  
• Bictegravir (BIC)  
• Cabotegravir (CAB)  
• Raltegravir (RAL)  
• Doravirine (DOR)  No significant drug interactions reported.  No dose adjustments are neces"
DOR,85,"lutegravir (DTG)  
• Bictegravir (BIC)  
• Cabotegravir (CAB)  
• Raltegravir (RAL)  
• Doravirine (DOR)  No significant drug interactions reported.  No dose adjustments are necessary.  
Elvitegravir"
EVG,85,"OR)  No significant drug interactions reported.  No dose adjustments are necessary.  
Elvitegravir (EVG), boosted  Drospirenone:  Concomitant use may cause hyperkalemia.  • Ethinyl estradiol, norgesti"
ATV,85,"ilable. Consider alternative or 
additional contraceptive methods or alternative ARV.  
Atazanavir (ATV), unboosted  Complex drug interaction potential has been described.  • Ethinyl estradiol: Do not"
ATV,85,"ilable. Consider alternative or 
additional contraceptive methods or alternative ARV.  
Atazanavir (ATV), unboosted  Complex drug interaction potential has been described.  • Ethinyl estradiol: Do not"
DRV,85,"5  mcg (no data available on other progestins).  
• Drospirenone:  Do not coadminister. 
Darunavir (DRV)/ritonavir (RTV) Combination appears to decrease oral norethindrone 
concentrations. Norethindro"
RTV,85,"available on other progestins).  
• Drospirenone:  Do not coadminister. 
Darunavir (DRV)/ritonavir (RTV) Combination appears to decrease oral norethindrone 
concentrations. Norethindrone: Consider alt"
DRV,85,"5  mcg (no data available on other progestins).  
• Drospirenone:  Do not coadminister. 
Darunavir (DRV)/ritonavir (RTV) Combination appears to decrease oral norethindrone 
concentrations. Norethindro"
COBI,85,"alternative or additional contraceptive 
methods or alternative ARV.  
Darunavir (DRV)/cobicistat (COBI) Combination has not been studied, but since COBI does not 
induce glucuronidation, it is expec"
COBI,85,"alternative or additional contraceptive 
methods or alternative ARV.  
Darunavir (DRV)/cobicistat (COBI) Combination has not been studied, but since COBI does not 
induce glucuronidation, it is expec"
EFV,85,"one:  Monitor for hyperkalemia; consider alternative 
contraceptive or alternative ARV. 
Efavirenz (EFV)  • Levonorgestrel/norgestimate, levonorgestrel:  EFV may induce 
CYP3A, the enzyme that is prim"
EFV,85,"one:  Monitor for hyperkalemia; consider alternative 
contraceptive or alternative ARV. 
Efavirenz (EFV)  • Levonorgestrel/norgestimate, levonorgestrel:  EFV may induce 
CYP3A, the enzyme that is prim"
EFV,85,"one:  Monitor for hyperkalemia; consider alternative 
contraceptive or alternative ARV. 
Efavirenz (EFV)  • Levonorgestrel/norgestimate, levonorgestrel:  EFV may induce 
CYP3A, the enzyme that is prim"
ETR,86,"ve methods or alternative 
ARV.  
• Ulipristal: Monitor closely for reduced efficacy.  
Etravirine (ETR)  Information is based on what is known with EFV drug 
interactions.  • Etonogestrel: No data av"
EFV,86,"onitor closely for reduced efficacy.  
Etravirine (ETR)  Information is based on what is known with EFV drug 
interactions.  • Etonogestrel: No data available; consider alternative or 
additional cont"
FTR,86,"ve methods or alternative ARV.  
• Ulipristal: Monitor closely for reduced efficacy.  
Fostemsavir (FTR) • Ethinyl estradiol: Increased ethinyl estradiol levels are 
expected.  
• Norethindrone:  No i"
DTG,86,"n [d] for women  
Class or Drug  Mechanism of Action  Clinical Comments  
• NRTIs  
• Dolutegravir (DTG)  
• Bictegravir (BIC)  
• Cabotegravir (CAB)  
• Raltegravir (RAL)  
• Rilpivirine (RPV)  
• Do"
BIC,86,"s or Drug  Mechanism of Action  Clinical Comments  
• NRTIs  
• Dolutegravir (DTG)  
• Bictegravir (BIC)  
• Cabotegravir (CAB)  
• Raltegravir (RAL)  
• Rilpivirine (RPV)  
• Doravirine (DOR)  No sig"
CAB,86,"Action  Clinical Comments  
• NRTIs  
• Dolutegravir (DTG)  
• Bictegravir (BIC)  
• Cabotegravir (CAB)  
• Raltegravir (RAL)  
• Rilpivirine (RPV)  
• Doravirine (DOR)  No significant interactions r"
RAL,86,"ents  
• NRTIs  
• Dolutegravir (DTG)  
• Bictegravir (BIC)  
• Cabotegravir (CAB)  
• Raltegravir (RAL)  
• Rilpivirine (RPV)  
• Doravirine (DOR)  No significant interactions reported.  No dose adju"
RPV,86,"utegravir (DTG)  
• Bictegravir (BIC)  
• Cabotegravir (CAB)  
• Raltegravir (RAL)  
• Rilpivirine (RPV)  
• Doravirine (DOR)  No significant interactions reported.  No dose adjustments are necessary."
DOR,86,"ictegravir (BIC)  
• Cabotegravir (CAB)  
• Raltegravir (RAL)  
• Rilpivirine (RPV)  
• Doravirine (DOR)  No significant interactions reported.  No dose adjustments are necessary.  
Elvitegravir (EVG)"
EVG,86,"ne (DOR)  No significant interactions reported.  No dose adjustments are necessary.  
Elvitegravir (EVG), boosted  PDE5 inhibitors:  PDE5 inhibitors are substrates of CYP3A. 
Increased PDE5 inhibitor"
ATV,87,"en; flibanserin [d] for women  
Class or Drug  Mechanism of Action  Clinical Comments  
Atazanavir (ATV), unboosted  Avanafil:  Increased avanafil concentration is expected (for other 
oral erectile d"
EFV,87,"hours; monitor for 
adverse effects. 
• Avanafil, flibanserin: Do not coadminister.  
• Efavirenz (EFV)  
• Etravirine (ETR)  • PDE5 inhibitors:  EFV and ETR may reduce effectiveness of 
PDE5 inhibit"
ETR,87,"adverse effects. 
• Avanafil, flibanserin: Do not coadminister.  
• Efavirenz (EFV)  
• Etravirine (ETR)  • PDE5 inhibitors:  EFV and ETR may reduce effectiveness of 
PDE5 inhibitors (sildenafil, vard"
EFV,87,"hours; monitor for 
adverse effects. 
• Avanafil, flibanserin: Do not coadminister.  
• Efavirenz (EFV)  
• Etravirine (ETR)  • PDE5 inhibitors:  EFV and ETR may reduce effectiveness of 
PDE5 inhibit"
ETR,87,"adverse effects. 
• Avanafil, flibanserin: Do not coadminister.  
• Efavirenz (EFV)  
• Etravirine (ETR)  • PDE5 inhibitors:  EFV and ETR may reduce effectiveness of 
PDE5 inhibitors (sildenafil, vard"
EFV,87,"hours; monitor for 
adverse effects. 
• Avanafil, flibanserin: Do not coadminister.  
• Efavirenz (EFV)  
• Etravirine (ETR)  • PDE5 inhibitors:  EFV and ETR may reduce effectiveness of 
PDE5 inhibit"
ETR,87,"adverse effects. 
• Avanafil, flibanserin: Do not coadminister.  
• Efavirenz (EFV)  
• Etravirine (ETR)  • PDE5 inhibitors:  EFV and ETR may reduce effectiveness of 
PDE5 inhibitors (sildenafil, vard"
LEN,87,"medical 
supervision to lowest effective dose.  
• Flibanserin:  Do not coadminister. 
Lenacapavir (LEN)  PDE5 inhibitors:  Moderate inhibition of CYP3A4 and P -gP 
potentially increases PDE5 inhibito"
COBI,87,".  
• Vardenafil:  Administer 2.5 mg every 72 hours; monitor for 
adverse effects. 
Abbreviations:  COBI, cobicistat; CYP, cytochrome P450; NRTI, nucleoside reverse transcriptase inhibitor; PAH, pulmo"
EVG,87,"e inhibitor. 
Notes:  
a. Sildenafil for treatment of PAH: Concurrent administration of all PIs and EVG/COBI is contraindicated . 
b. Tadalafil for treatment of PAH: When coadministered with any PIs o"
COBI,87,".  
• Vardenafil:  Administer 2.5 mg every 72 hours; monitor for 
adverse effects. 
Abbreviations:  COBI, cobicistat; CYP, cytochrome P450; NRTI, nucleoside reverse transcriptase inhibitor; PAH, pulmo"
EVG,87,"e inhibitor. 
Notes:  
a. Sildenafil for treatment of PAH: Concurrent administration of all PIs and EVG/COBI is contraindicated . 
b. Tadalafil for treatment of PAH: When coadministered with any PIs o"
COBI,87,".  
• Vardenafil:  Administer 2.5 mg every 72 hours; monitor for 
adverse effects. 
Abbreviations:  COBI, cobicistat; CYP, cytochrome P450; NRTI, nucleoside reverse transcriptase inhibitor; PAH, pulmo"
BIC,88,"ing information)  
Class or Drug  Mechanism of Action  Clinical Comments  
• NRTIs  
• Bictegravir (BIC)  
• Cabotegravir (CAB)  
• Dolutegravir (DTG)  
• Raltegravir (RAL)  
• Doravirine (DOR)  
• Ri"
CAB,88,"s or Drug  Mechanism of Action  Clinical Comments  
• NRTIs  
• Bictegravir (BIC)  
• Cabotegravir (CAB)  
• Dolutegravir (DTG)  
• Raltegravir (RAL)  
• Doravirine (DOR)  
• Rilpivirine (RPV)  
• Efa"
DTG,88,"Action  Clinical Comments  
• NRTIs  
• Bictegravir (BIC)  
• Cabotegravir (CAB)  
• Dolutegravir (DTG)  
• Raltegravir (RAL)  
• Doravirine (DOR)  
• Rilpivirine (RPV)  
• Efavirenz (EFV)  
• Etravi"
RAL,88,"ents  
• NRTIs  
• Bictegravir (BIC)  
• Cabotegravir (CAB)  
• Dolutegravir (DTG)  
• Raltegravir (RAL)  
• Doravirine (DOR)  
• Rilpivirine (RPV)  
• Efavirenz (EFV)  
• Etravirine (ETR)  
• Fostems"
DOR,88,"ctegravir (BIC)  
• Cabotegravir (CAB)  
• Dolutegravir (DTG)  
• Raltegravir (RAL)  
• Doravirine (DOR)  
• Rilpivirine (RPV)  
• Efavirenz (EFV)  
• Etravirine (ETR)  
• Fostemsavir (FTR) 
• Maravir"
RPV,88,"botegravir (CAB)  
• Dolutegravir (DTG)  
• Raltegravir (RAL)  
• Doravirine (DOR)  
• Rilpivirine (RPV)  
• Efavirenz (EFV)  
• Etravirine (ETR)  
• Fostemsavir (FTR) 
• Maraviroc (MVC)  No significa"
EFV,88,"Dolutegravir (DTG)  
• Raltegravir (RAL)  
• Doravirine (DOR)  
• Rilpivirine (RPV)  
• Efavirenz (EFV)  
• Etravirine (ETR)  
• Fostemsavir (FTR) 
• Maraviroc (MVC)  No significant interactions repo"
ETR,88,"• Raltegravir (RAL)  
• Doravirine (DOR)  
• Rilpivirine (RPV)  
• Efavirenz (EFV)  
• Etravirine (ETR)  
• Fostemsavir (FTR) 
• Maraviroc (MVC)  No significant interactions reported.  No dose adjust"
FTR,88,"• Doravirine (DOR)  
• Rilpivirine (RPV)  
• Efavirenz (EFV)  
• Etravirine (ETR)  
• Fostemsavir (FTR) 
• Maraviroc (MVC)  No significant interactions reported.  No dose adjustments are necessary."
MVC,88,"• Rilpivirine (RPV)  
• Efavirenz (EFV)  
• Etravirine (ETR)  
• Fostemsavir (FTR) 
• Maraviroc (MVC)  No significant interactions reported.  No dose adjustments are necessary.  
PIs Boosted or unb"
COBI,88,"d.  No dose adjustments are necessary.  
PIs Boosted or unboosted atazanavir (i.e., with or without COBI or 
RTV) and darunavir boosted with COBI or RTV inhibit CYP3A4 and 
other transporters. • Alfuz"
RTV,88,"se adjustments are necessary.  
PIs Boosted or unboosted atazanavir (i.e., with or without COBI or 
RTV) and darunavir boosted with COBI or RTV inhibit CYP3A4 and 
other transporters. • Alfuzosin, sil"
COBI,88,"d.  No dose adjustments are necessary.  
PIs Boosted or unboosted atazanavir (i.e., with or without COBI or 
RTV) and darunavir boosted with COBI or RTV inhibit CYP3A4 and 
other transporters. • Alfuz"
RTV,88,"se adjustments are necessary.  
PIs Boosted or unboosted atazanavir (i.e., with or without COBI or 
RTV) and darunavir boosted with COBI or RTV inhibit CYP3A4 and 
other transporters. • Alfuzosin, sil"
EVG,88,"together, monitor for tamsulosin -associated adverse effects, 
such as hypotension.  
Elvitegravir (EVG), boosted  COBI -boosted EVG inhibits CYP3A4 and other transporters and is 
likely to increase l"
COBI,88,"d.  No dose adjustments are necessary.  
PIs Boosted or unboosted atazanavir (i.e., with or without COBI or 
RTV) and darunavir boosted with COBI or RTV inhibit CYP3A4 and 
other transporters. • Alfuz"
EVG,88,"together, monitor for tamsulosin -associated adverse effects, 
such as hypotension.  
Elvitegravir (EVG), boosted  COBI -boosted EVG inhibits CYP3A4 and other transporters and is 
likely to increase l"
COBI,88,"d.  No dose adjustments are necessary.  
PIs Boosted or unboosted atazanavir (i.e., with or without COBI or 
RTV) and darunavir boosted with COBI or RTV inhibit CYP3A4 and 
other transporters. • Alfuz"
RTV,88,"se adjustments are necessary.  
PIs Boosted or unboosted atazanavir (i.e., with or without COBI or 
RTV) and darunavir boosted with COBI or RTV inhibit CYP3A4 and 
other transporters. • Alfuzosin, sil"
DTG,88,"Action  Clinical Comments  
• NRTIs  
• Bictegravir (BIC)  
• Cabotegravir (CAB)  
• Dolutegravir (DTG)  
• Raltegravir (RAL)  
• Doravirine (DOR)  
• Rilpivirine (RPV)  
• Efavirenz (EFV)  
• Etravi"
BIC,88,"ing information)  
Class or Drug  Mechanism of Action  Clinical Comments  
• NRTIs  
• Bictegravir (BIC)  
• Cabotegravir (CAB)  
• Dolutegravir (DTG)  
• Raltegravir (RAL)  
• Doravirine (DOR)  
• Ri"
CAB,88,"s or Drug  Mechanism of Action  Clinical Comments  
• NRTIs  
• Bictegravir (BIC)  
• Cabotegravir (CAB)  
• Dolutegravir (DTG)  
• Raltegravir (RAL)  
• Doravirine (DOR)  
• Rilpivirine (RPV)  
• Efa"
RAL,88,"ents  
• NRTIs  
• Bictegravir (BIC)  
• Cabotegravir (CAB)  
• Dolutegravir (DTG)  
• Raltegravir (RAL)  
• Doravirine (DOR)  
• Rilpivirine (RPV)  
• Efavirenz (EFV)  
• Etravirine (ETR)  
• Fostems"
EVG,88,"together, monitor for tamsulosin -associated adverse effects, 
such as hypotension.  
Elvitegravir (EVG), boosted  COBI -boosted EVG inhibits CYP3A4 and other transporters and is 
likely to increase l"
RPV,88,"botegravir (CAB)  
• Dolutegravir (DTG)  
• Raltegravir (RAL)  
• Doravirine (DOR)  
• Rilpivirine (RPV)  
• Efavirenz (EFV)  
• Etravirine (ETR)  
• Fostemsavir (FTR) 
• Maraviroc (MVC)  No significa"
DOR,88,"ctegravir (BIC)  
• Cabotegravir (CAB)  
• Dolutegravir (DTG)  
• Raltegravir (RAL)  
• Doravirine (DOR)  
• Rilpivirine (RPV)  
• Efavirenz (EFV)  
• Etravirine (ETR)  
• Fostemsavir (FTR) 
• Maravir"
FTR,88,"• Doravirine (DOR)  
• Rilpivirine (RPV)  
• Efavirenz (EFV)  
• Etravirine (ETR)  
• Fostemsavir (FTR) 
• Maraviroc (MVC)  No significant interactions reported.  No dose adjustments are necessary."
EFV,89,"see prescribing information)  
Class or Drug  Mechanism of Action  Clinical Comments  
• Efavirenz (EFV)  
• Etravirine (ETR)  • No significant interactions are expected.  
• EFV (but not ETR) may inc"
ETR,89,"mation)  
Class or Drug  Mechanism of Action  Clinical Comments  
• Efavirenz (EFV)  
• Etravirine (ETR)  • No significant interactions are expected.  
• EFV (but not ETR) may increase bupropion metab"
EFV,89,"see prescribing information)  
Class or Drug  Mechanism of Action  Clinical Comments  
• Efavirenz (EFV)  
• Etravirine (ETR)  • No significant interactions are expected.  
• EFV (but not ETR) may inc"
ETR,89,"mation)  
Class or Drug  Mechanism of Action  Clinical Comments  
• Efavirenz (EFV)  
• Etravirine (ETR)  • No significant interactions are expected.  
• EFV (but not ETR) may increase bupropion metab"
DTG,89,"ormation)  
Class or Drug  Mechanism of Action  Clinical Comments  
• Other NRTIs  
• Dolutegravir (DTG)  
• Bictegravir (BIC)  
• Cabotegravir (CAB)  
• Raltegravir (RAL)  
• Elvitegravir (EVG), boos"
BIC,89,"rug  Mechanism of Action  Clinical Comments  
• Other NRTIs  
• Dolutegravir (DTG)  
• Bictegravir (BIC)  
• Cabotegravir (CAB)  
• Raltegravir (RAL)  
• Elvitegravir (EVG), boosted  
• Other boosted"
CAB,89,"n  Clinical Comments  
• Other NRTIs  
• Dolutegravir (DTG)  
• Bictegravir (BIC)  
• Cabotegravir (CAB)  
• Raltegravir (RAL)  
• Elvitegravir (EVG), boosted  
• Other boosted PIs  
• Rilpivirine (RP"
RAL,89,"• Other NRTIs  
• Dolutegravir (DTG)  
• Bictegravir (BIC)  
• Cabotegravir (CAB)  
• Raltegravir (RAL)  
• Elvitegravir (EVG), boosted  
• Other boosted PIs  
• Rilpivirine (RPV)  
• Efavirenz (EFV)"
EVG,89,"tegravir (DTG)  
• Bictegravir (BIC)  
• Cabotegravir (CAB)  
• Raltegravir (RAL)  
• Elvitegravir (EVG), boosted  
• Other boosted PIs  
• Rilpivirine (RPV)  
• Efavirenz (EFV)  
• Etravirine (ETR)"
RPV,89,"(CAB)  
• Raltegravir (RAL)  
• Elvitegravir (EVG), boosted  
• Other boosted PIs  
• Rilpivirine (RPV)  
• Efavirenz (EFV)  
• Etravirine (ETR)  
• Doravirine (DOR)  
• Fostemsavir (FTR) No signific"
EFV,89,"see prescribing information)  
Class or Drug  Mechanism of Action  Clinical Comments  
• Efavirenz (EFV)  
• Etravirine (ETR)  • No significant interactions are expected.  
• EFV (but not ETR) may inc"
ETR,89,"mation)  
Class or Drug  Mechanism of Action  Clinical Comments  
• Efavirenz (EFV)  
• Etravirine (ETR)  • No significant interactions are expected.  
• EFV (but not ETR) may increase bupropion metab"
DOR,89,"• Other boosted PIs  
• Rilpivirine (RPV)  
• Efavirenz (EFV)  
• Etravirine (ETR)  
• Doravirine (DOR)  
• Fostemsavir (FTR) No significant interactions reported.  No dose adjustments are necessary."
FTR,89,"• Rilpivirine (RPV)  
• Efavirenz (EFV)  
• Etravirine (ETR)  
• Doravirine (DOR)  
• Fostemsavir (FTR) No significant interactions reported.  No dose adjustments are necessary.  
Abacavir (ABC)  Alc"
ABC,89,"emsavir (FTR) No significant interactions reported.  No dose adjustments are necessary.  
Abacavir (ABC)  Alcohol:  ABC is metabolized via alcohol dehydrogenase, and 
competitive metabolism may increa"
ABC,89,"emsavir (FTR) No significant interactions reported.  No dose adjustments are necessary.  
Abacavir (ABC)  Alcohol:  ABC is metabolized via alcohol dehydrogenase, and 
competitive metabolism may increa"
ABC,89,"emsavir (FTR) No significant interactions reported.  No dose adjustments are necessary.  
Abacavir (ABC)  Alcohol:  ABC is metabolized via alcohol dehydrogenase, and 
competitive metabolism may increa"
ABC,89,"emsavir (FTR) No significant interactions reported.  No dose adjustments are necessary.  
Abacavir (ABC)  Alcohol:  ABC is metabolized via alcohol dehydrogenase, and 
competitive metabolism may increa"
ABC,89,"emsavir (FTR) No significant interactions reported.  No dose adjustments are necessary.  
Abacavir (ABC)  Alcohol:  ABC is metabolized via alcohol dehydrogenase, and 
competitive metabolism may increa"
ABC,89,"emsavir (FTR) No significant interactions reported.  No dose adjustments are necessary.  
Abacavir (ABC)  Alcohol:  ABC is metabolized via alcohol dehydrogenase, and 
competitive metabolism may increa"
RTV,89,"d 
adverse effects. 
• ABC does not appear to increase blood alcohol concentrations.  
• Ritonavir (RTV; oral 
solutions) 
• Lopinavir/ritonavir (LPV/RTV; oral suspension or 
capsules)  All contain al"
RTV,89,"d 
adverse effects. 
• ABC does not appear to increase blood alcohol concentrations.  
• Ritonavir (RTV; oral 
solutions) 
• Lopinavir/ritonavir (LPV/RTV; oral suspension or 
capsules)  All contain al"
DTG,90,"ng information)  
Class or Drug  Mechanism of Action  Clinical Comments  
• NRTIs  
• Dolutegravir (DTG)  
• Bictegravir (BIC)  
• Cabotegravir (CAB)  
• Raltegravir (RAL)  
• Elvitegravir (EVG), boos"
BIC,90,"s or Drug  Mechanism of Action  Clinical Comments  
• NRTIs  
• Dolutegravir (DTG)  
• Bictegravir (BIC)  
• Cabotegravir (CAB)  
• Raltegravir (RAL)  
• Elvitegravir (EVG), boosted  
• Doravirine (DO"
CAB,90,"Action  Clinical Comments  
• NRTIs  
• Dolutegravir (DTG)  
• Bictegravir (BIC)  
• Cabotegravir (CAB)  
• Raltegravir (RAL)  
• Elvitegravir (EVG), boosted  
• Doravirine (DOR)  
• Fostemsavir (FTR"
RAL,90,"ents  
• NRTIs  
• Dolutegravir (DTG)  
• Bictegravir (BIC)  
• Cabotegravir (CAB)  
• Raltegravir (RAL)  
• Elvitegravir (EVG), boosted  
• Doravirine (DOR)  
• Fostemsavir (FTR) BUP, methadone:  No"
EVG,90,"tegravir (DTG)  
• Bictegravir (BIC)  
• Cabotegravir (CAB)  
• Raltegravir (RAL)  
• Elvitegravir (EVG), boosted  
• Doravirine (DOR)  
• Fostemsavir (FTR) BUP, methadone:  No significant interaction"
DOR,90,"(BIC)  
• Cabotegravir (CAB)  
• Raltegravir (RAL)  
• Elvitegravir (EVG), boosted  
• Doravirine (DOR)  
• Fostemsavir (FTR) BUP, methadone:  No significant interactions are expected. No dose adjust"
FTR,90,"r (CAB)  
• Raltegravir (RAL)  
• Elvitegravir (EVG), boosted  
• Doravirine (DOR)  
• Fostemsavir (FTR) BUP, methadone:  No significant interactions are expected. No dose adjustments are necessary."
ATV,90,"hadone:  No significant interactions are expected. No dose adjustments are necessary.  
Atazanavir (ATV), unboosted  • BUP, norbuprenorphine:  ATV greatly increases BUP and 
norbuprenorphine concentra"
ATV,90,"hadone:  No significant interactions are expected. No dose adjustments are necessary.  
Atazanavir (ATV), unboosted  • BUP, norbuprenorphine:  ATV greatly increases BUP and 
norbuprenorphine concentra"
ATV,90,"hadone:  No significant interactions are expected. No dose adjustments are necessary.  
Atazanavir (ATV), unboosted  • BUP, norbuprenorphine:  ATV greatly increases BUP and 
norbuprenorphine concentra"
RTV,90,"Methadone:  No significant interactions are expected.  • BUP: Coadministration is not recommended; RTV boosting may 
decrease effect. 
• Methadone: No dose adjustments are required; exercise 
caution"
RTV,90,"Methadone:  No significant interactions are expected.  • BUP: Coadministration is not recommended; RTV boosting may 
decrease effect. 
• Methadone: No dose adjustments are required; exercise 
caution"
RTV,90,"Methadone:  No significant interactions are expected.  • BUP: Coadministration is not recommended; RTV boosting may 
decrease effect. 
• Methadone: No dose adjustments are required; exercise 
caution"
RTV,90,"Methadone:  No significant interactions are expected.  • BUP: Coadministration is not recommended; RTV boosting may 
decrease effect. 
• Methadone: No dose adjustments are required; exercise 
caution"
COBI,90,"d opioid toxicity, including sedation, impaired 
cognition, and respiratory distress.  
Cobicistat (COBI) -boosted PIs  • BUP/NLX: COBI -boosted PIs may increase BUP concentrations 
while decreasing N"
COBI,90,"d opioid toxicity, including sedation, impaired 
cognition, and respiratory distress.  
Cobicistat (COBI) -boosted PIs  • BUP/NLX: COBI -boosted PIs may increase BUP concentrations 
while decreasing N"
COBI,90,"d opioid toxicity, including sedation, impaired 
cognition, and respiratory distress.  
Cobicistat (COBI) -boosted PIs  • BUP/NLX: COBI -boosted PIs may increase BUP concentrations 
while decreasing N"
COBI,90,"d opioid toxicity, including sedation, impaired 
cognition, and respiratory distress.  
Cobicistat (COBI) -boosted PIs  • BUP/NLX: COBI -boosted PIs may increase BUP concentrations 
while decreasing N"
RTV,90,"Methadone:  No significant interactions are expected.  • BUP: Coadministration is not recommended; RTV boosting may 
decrease effect. 
• Methadone: No dose adjustments are required; exercise 
caution"
DRV,90,"eve clinical effect; monitor for 
signs and symptoms of opiate withdrawal.  
RTV-boosted darunavir (DRV), 
taken twice per day  • BUP, BUP/NLX:  Combination has no effect on BUP/NLX 
concentrations."
RTV,90,"Methadone:  No significant interactions are expected.  • BUP: Coadministration is not recommended; RTV boosting may 
decrease effect. 
• Methadone: No dose adjustments are required; exercise 
caution"
DRV,90,"eve clinical effect; monitor for 
signs and symptoms of opiate withdrawal.  
RTV-boosted darunavir (DRV), 
taken twice per day  • BUP, BUP/NLX:  Combination has no effect on BUP/NLX 
concentrations."
RPV,90,"e: Monitor for signs of opiate withdrawal and increase 
methadone dose if necessary.  
Rilpivirine (RPV)  • BUP: No significant interactions are expected.  
• Methadone: RPV mildly reduces methadone c"
RPV,90,"e: Monitor for signs of opiate withdrawal and increase 
methadone dose if necessary.  
Rilpivirine (RPV)  • BUP: No significant interactions are expected.  
• Methadone: RPV mildly reduces methadone c"
RPV,90,"e: Monitor for signs of opiate withdrawal and increase 
methadone dose if necessary.  
Rilpivirine (RPV)  • BUP: No significant interactions are expected.  
• Methadone: RPV mildly reduces methadone c"
RPV,90,"e: Monitor for signs of opiate withdrawal and increase 
methadone dose if necessary.  
Rilpivirine (RPV)  • BUP: No significant interactions are expected.  
• Methadone: RPV mildly reduces methadone c"
EFV,90,"; supratherapeutic 
doses of RPV have been known to cause increase in QT 
prolongation. 
Efavirenz (EFV)  • BUP: When given with BUP (monotherapy), EFV significantly 
reduces BUP concentrations, but n"
EFV,90,"; supratherapeutic 
doses of RPV have been known to cause increase in QT 
prolongation. 
Efavirenz (EFV)  • BUP: When given with BUP (monotherapy), EFV significantly 
reduces BUP concentrations, but n"
EFV,90,"; supratherapeutic 
doses of RPV have been known to cause increase in QT 
prolongation. 
Efavirenz (EFV)  • BUP: When given with BUP (monotherapy), EFV significantly 
reduces BUP concentrations, but n"
ETR,90,"rate to achieve clinical effect; monitor for signs 
and symptoms of opioid withdrawal. 
Etravirine (ETR)  • BUP: No significant interactions are expected.  
• Methadone: ETR may slightly increase meth"
ETR,90,"rate to achieve clinical effect; monitor for signs 
and symptoms of opioid withdrawal. 
Etravirine (ETR)  • BUP: No significant interactions are expected.  
• Methadone: ETR may slightly increase meth"
LEN,91,"see prescribing information)  
Class or Drug  Mechanism of Action  Clinical Comments  
Lenacapavir (LEN)  Methadone, BUP:  Moderate inhibition of CYP3A4 and P -gP 
potentially increases methadone or B"
LEN,91,"see prescribing information)  
Class or Drug  Mechanism of Action  Clinical Comments  
Lenacapavir (LEN)  Methadone, BUP:  Moderate inhibition of CYP3A4 and P -gP 
potentially increases methadone or B"
LEN,91,"see prescribing information)  
Class or Drug  Mechanism of Action  Clinical Comments  
Lenacapavir (LEN)  Methadone, BUP:  Moderate inhibition of CYP3A4 and P -gP 
potentially increases methadone or B"
DTG,91,"ing information) 
Class or Drug  Mechanism of Action  Clinical Comments  
• NRTIs  
• Dolutegravir (DTG)  
• Raltegravir (RAL)  
• Rilpivirine (RPV)  
• Doravirine (DOR)  No significant interactions r"
RAL,91,"s or Drug  Mechanism of Action  Clinical Comments  
• NRTIs  
• Dolutegravir (DTG)  
• Raltegravir (RAL)  
• Rilpivirine (RPV)  
• Doravirine (DOR)  No significant interactions reported.  No dose adju"
RPV,91,"f Action  Clinical Comments  
• NRTIs  
• Dolutegravir (DTG)  
• Raltegravir (RAL)  
• Rilpivirine (RPV)  
• Doravirine (DOR)  No significant interactions reported.  No dose adjustments are necessary."
DOR,91,"mments  
• NRTIs  
• Dolutegravir (DTG)  
• Raltegravir (RAL)  
• Rilpivirine (RPV)  
• Doravirine (DOR)  No significant interactions reported.  No dose adjustments are necessary.  
Bictegravir (BIC)"
BIC,91,"ine (DOR)  No significant interactions reported.  No dose adjustments are necessary.  
Bictegravir (BIC)  Cyclosporine  may increase BIC concentrations to modest degree 
via P -gP inhibition.  Cyclosp"
BIC,91,"ine (DOR)  No significant interactions reported.  No dose adjustments are necessary.  
Bictegravir (BIC)  Cyclosporine  may increase BIC concentrations to modest degree 
via P -gP inhibition.  Cyclosp"
BIC,91,"ine (DOR)  No significant interactions reported.  No dose adjustments are necessary.  
Bictegravir (BIC)  Cyclosporine  may increase BIC concentrations to modest degree 
via P -gP inhibition.  Cyclosp"
EVG,91,"ee 
via P -gP inhibition.  Cyclosporine:  Monitor for BIC -related adverse effects.  
Elvitegravir (EVG), boosted  Everolimus, sirolimus, cyclosporine, tacrolimus:  Metabolism 
decreased by boosted EV"
EVG,91,"ee 
via P -gP inhibition.  Cyclosporine:  Monitor for BIC -related adverse effects.  
Elvitegravir (EVG), boosted  Everolimus, sirolimus, cyclosporine, tacrolimus:  Metabolism 
decreased by boosted EV"
EVG,91,"ee 
via P -gP inhibition.  Cyclosporine:  Monitor for BIC -related adverse effects.  
Elvitegravir (EVG), boosted  Everolimus, sirolimus, cyclosporine, tacrolimus:  Metabolism 
decreased by boosted EV"
EFV,91,"Cyclosporine, tacrolimus:  Dose based on TDM; monitor closely 
for adverse effects.  
• Efavirenz (EFV)  
• Etravirine (ETR)  Cyclosporine, tacrolimus:  EFV or ETR may lower concentrations.  Cyclospo"
ETR,91,"imus:  Dose based on TDM; monitor closely 
for adverse effects.  
• Efavirenz (EFV)  
• Etravirine (ETR)  Cyclosporine, tacrolimus:  EFV or ETR may lower concentrations.  Cyclosporine, tacrolimus:  
•"
EFV,91,"Cyclosporine, tacrolimus:  Dose based on TDM; monitor closely 
for adverse effects.  
• Efavirenz (EFV)  
• Etravirine (ETR)  Cyclosporine, tacrolimus:  EFV or ETR may lower concentrations.  Cyclospo"
ETR,91,"imus:  Dose based on TDM; monitor closely 
for adverse effects.  
• Efavirenz (EFV)  
• Etravirine (ETR)  Cyclosporine, tacrolimus:  EFV or ETR may lower concentrations.  Cyclosporine, tacrolimus:  
•"
TDF,91,"s; NRTI, nucleoside reverse transcriptase inhibitor; P -gP, P-glycoprotein; PI, protease inhibitor; TDF, tenofovir 
disoproxil fumarate; TDM, therapeutic drug monitoring.  
Note: 
a. Cyclosporine can"
TDF,91,"s; NRTI, nucleoside reverse transcriptase inhibitor; P -gP, P-glycoprotein; PI, protease inhibitor; TDF, tenofovir 
disoproxil fumarate; TDM, therapeutic drug monitoring.  
Note: 
a. Cyclosporine can"
FTC,92,"mbutol [b], rifaximin [b] 
Class or Drug  Mechanism of Action  Clinical Comments  
• Emtricitabine (FTC) 
• Lamivudine (3TC)  
• Tenofovir disoproxil 
fumarate (TDF)  No clinically significant interac"
TDF,92,"Clinical Comments  
• Emtricitabine (FTC) 
• Lamivudine (3TC)  
• Tenofovir disoproxil 
fumarate (TDF)  No clinically significant interactions are expected.  No dose adjustments are necessary.  
Aba"
ABC,92,"o clinically significant interactions are expected.  No dose adjustments are necessary.  
Abacavir (ABC)  • Rifabutin, rifapentine:  No clinically significant interactions are 
expected.  
• Rifampin"
ABC,92,"o clinically significant interactions are expected.  No dose adjustments are necessary.  
Abacavir (ABC)  • Rifabutin, rifapentine:  No clinically significant interactions are 
expected.  
• Rifampin"
ABC,92,"o clinically significant interactions are expected.  No dose adjustments are necessary.  
Abacavir (ABC)  • Rifabutin, rifapentine:  No clinically significant interactions are 
expected.  
• Rifampin"
TAF,92,"ampin:  No dose adjustments are recommended for 
concomitant use with ABC.  
Tenofovir alafenamide (TAF)  • Rifabutin:  CYP3A and P -gP induction is expected to decrease 
TAF levels.  
• Rifampin, rif"
TAF,92,"ampin:  No dose adjustments are recommended for 
concomitant use with ABC.  
Tenofovir alafenamide (TAF)  • Rifabutin:  CYP3A and P -gP induction is expected to decrease 
TAF levels.  
• Rifampin, rif"
TAF,92,"ampin:  No dose adjustments are recommended for 
concomitant use with ABC.  
Tenofovir alafenamide (TAF)  • Rifabutin:  CYP3A and P -gP induction is expected to decrease 
TAF levels.  
• Rifampin, rif"
TAF,92,"ampin:  No dose adjustments are recommended for 
concomitant use with ABC.  
Tenofovir alafenamide (TAF)  • Rifabutin:  CYP3A and P -gP induction is expected to decrease 
TAF levels.  
• Rifampin, rif"
TDF,92,"Clinical Comments  
• Emtricitabine (FTC) 
• Lamivudine (3TC)  
• Tenofovir disoproxil 
fumarate (TDF)  No clinically significant interactions are expected.  No dose adjustments are necessary.  
Aba"
TAF,92,"ampin:  No dose adjustments are recommended for 
concomitant use with ABC.  
Tenofovir alafenamide (TAF)  • Rifabutin:  CYP3A and P -gP induction is expected to decrease 
TAF levels.  
• Rifampin, rif"
DOR,92,"ster with TAF unless 
benefit outweighs risk; monitor closely for virologic response.  
Doravirine (DOR)  • Rifabutin:  CYP3A induction is expected to decrease DOR levels.  
• Rifampin, rifapentine:"
DOR,92,"ster with TAF unless 
benefit outweighs risk; monitor closely for virologic response.  
Doravirine (DOR)  • Rifabutin:  CYP3A induction is expected to decrease DOR levels.  
• Rifampin, rifapentine:"
DOR,92,"ster with TAF unless 
benefit outweighs risk; monitor closely for virologic response.  
Doravirine (DOR)  • Rifabutin:  CYP3A induction is expected to decrease DOR levels.  
• Rifampin, rifapentine:"
DOR,92,"ster with TAF unless 
benefit outweighs risk; monitor closely for virologic response.  
Doravirine (DOR)  • Rifabutin:  CYP3A induction is expected to decrease DOR levels.  
• Rifampin, rifapentine:"
DOR,92,"ster with TAF unless 
benefit outweighs risk; monitor closely for virologic response.  
Doravirine (DOR)  • Rifabutin:  CYP3A induction is expected to decrease DOR levels.  
• Rifampin, rifapentine:"
EFV,92,"icated.  
‒ After stopping rifampin or rifapentine, wait 4 weeks before 
starting DOR.  
Efavirenz (EFV)  • Rifabutin:  EFV induction of CYP3A reduces rifabutin 
bioavailability, but coadministration"
EFV,92,"icated.  
‒ After stopping rifampin or rifapentine, wait 4 weeks before 
starting DOR.  
Efavirenz (EFV)  • Rifabutin:  EFV induction of CYP3A reduces rifabutin 
bioavailability, but coadministration"
EFV,92,"icated.  
‒ After stopping rifampin or rifapentine, wait 4 weeks before 
starting DOR.  
Efavirenz (EFV)  • Rifabutin:  EFV induction of CYP3A reduces rifabutin 
bioavailability, but coadministration"
EFV,92,"icated.  
‒ After stopping rifampin or rifapentine, wait 4 weeks before 
starting DOR.  
Efavirenz (EFV)  • Rifabutin:  EFV induction of CYP3A reduces rifabutin 
bioavailability, but coadministration"
EFV,92,"icated.  
‒ After stopping rifampin or rifapentine, wait 4 weeks before 
starting DOR.  
Efavirenz (EFV)  • Rifabutin:  EFV induction of CYP3A reduces rifabutin 
bioavailability, but coadministration"
EFV,92,"icated.  
‒ After stopping rifampin or rifapentine, wait 4 weeks before 
starting DOR.  
Efavirenz (EFV)  • Rifabutin:  EFV induction of CYP3A reduces rifabutin 
bioavailability, but coadministration"
ETR,92,"‒ Do not use EFV 400 mg daily.  
• Rifapentine:  No dose adjustments are necessary. 
Etravirine (ETR)  • Rifabutin:  When used concomitantly, increased rifabutin levels 
are expected and decreased"
ETR,92,"‒ Do not use EFV 400 mg daily.  
• Rifapentine:  No dose adjustments are necessary. 
Etravirine (ETR)  • Rifabutin:  When used concomitantly, increased rifabutin levels 
are expected and decreased"
ETR,92,"‒ Do not use EFV 400 mg daily.  
• Rifapentine:  No dose adjustments are necessary. 
Etravirine (ETR)  • Rifabutin:  When used concomitantly, increased rifabutin levels 
are expected and decreased"
ETR,92,"‒ Do not use EFV 400 mg daily.  
• Rifapentine:  No dose adjustments are necessary. 
Etravirine (ETR)  • Rifabutin:  When used concomitantly, increased rifabutin levels 
are expected and decreased"
ETR,92,"‒ Do not use EFV 400 mg daily.  
• Rifapentine:  No dose adjustments are necessary. 
Etravirine (ETR)  • Rifabutin:  When used concomitantly, increased rifabutin levels 
are expected and decreased"
ETR,92,"‒ Do not use EFV 400 mg daily.  
• Rifapentine:  No dose adjustments are necessary. 
Etravirine (ETR)  • Rifabutin:  When used concomitantly, increased rifabutin levels 
are expected and decreased"
RPV,93,"ethambutol [b], rifaximin [b] 
Class or Drug  Mechanism of Action  Clinical Comments  
Rilpivirine (RPV)  Rifabutin, rifampin, rifapentine:  Coadministration may 
significantly reduce RPV concentratio"
RPV,93,"ethambutol [b], rifaximin [b] 
Class or Drug  Mechanism of Action  Clinical Comments  
Rilpivirine (RPV)  Rifabutin, rifampin, rifapentine:  Coadministration may 
significantly reduce RPV concentratio"
RPV,93,"ethambutol [b], rifaximin [b] 
Class or Drug  Mechanism of Action  Clinical Comments  
Rilpivirine (RPV)  Rifabutin, rifampin, rifapentine:  Coadministration may 
significantly reduce RPV concentratio"
RPV,93,"ethambutol [b], rifaximin [b] 
Class or Drug  Mechanism of Action  Clinical Comments  
Rilpivirine (RPV)  Rifabutin, rifampin, rifapentine:  Coadministration may 
significantly reduce RPV concentratio"
RPV,93,"ethambutol [b], rifaximin [b] 
Class or Drug  Mechanism of Action  Clinical Comments  
Rilpivirine (RPV)  Rifabutin, rifampin, rifapentine:  Coadministration may 
significantly reduce RPV concentratio"
RPV,93,"ethambutol [b], rifaximin [b] 
Class or Drug  Mechanism of Action  Clinical Comments  
Rilpivirine (RPV)  Rifabutin, rifampin, rifapentine:  Coadministration may 
significantly reduce RPV concentratio"
RTV,93,"d.  
• Rifampin, rifapentine: CYP3A induction reduces bioavailability 
of all PIs. • Rifabutin:  
‒ RTV-boosted PIs: When used concomitantly, reduce 
rifabutin to 150  mg 3 times per week.  
‒ COBI- b"
COBI,93,"n:  
‒ RTV-boosted PIs: When used concomitantly, reduce 
rifabutin to 150  mg 3 times per week.  
‒ COBI- boosted PIs: Do not coadminister. 
• Rifampin, rifapentine:  Concomitant use of PIs and rifamp"
BIC,93,"ifapentine:  Concomitant use of PIs and rifampin or 
rifapentine is contraindicated.  
Bictegravir (BIC)  • Rifabutin:  CYP3A and P -gP induction decreases BIC levels.  
• Rifampin, rifapentine: CYP3A"
BIC,93,"ifapentine:  Concomitant use of PIs and rifampin or 
rifapentine is contraindicated.  
Bictegravir (BIC)  • Rifabutin:  CYP3A and P -gP induction decreases BIC levels.  
• Rifampin, rifapentine: CYP3A"
CAB,93,"[c]. 
• Rifabutin, rifapentine:  Concomitant use is not recommended 
[FDA(a) 2025] . 
Cabotegravir (CAB)  Rifabutin, rifampin, rifapentine:  Coadministration may 
significantly reduce CAB concentratio"
CAB,93,"[c]. 
• Rifabutin, rifapentine:  Concomitant use is not recommended 
[FDA(a) 2025] . 
Cabotegravir (CAB)  Rifabutin, rifampin, rifapentine:  Coadministration may 
significantly reduce CAB concentratio"
CAB,93,"[c]. 
• Rifabutin, rifapentine:  Concomitant use is not recommended 
[FDA(a) 2025] . 
Cabotegravir (CAB)  Rifabutin, rifampin, rifapentine:  Coadministration may 
significantly reduce CAB concentratio"
CAB,93,"[c]. 
• Rifabutin, rifapentine:  Concomitant use is not recommended 
[FDA(a) 2025] . 
Cabotegravir (CAB)  Rifabutin, rifampin, rifapentine:  Coadministration may 
significantly reduce CAB concentratio"
CAB,93,"[c]. 
• Rifabutin, rifapentine:  Concomitant use is not recommended 
[FDA(a) 2025] . 
Cabotegravir (CAB)  Rifabutin, rifampin, rifapentine:  Coadministration may 
significantly reduce CAB concentratio"
DTG,93,"ifapentine: Concomitant use is 
contraindicated with injectable  CAB [FDA(b) 2025] . 
Dolutegravir (DTG)  • Rifabutin:  No clinically significant interactions expected.  
• Rifampin:  CYP3A induction"
DTG,93,"ifapentine: Concomitant use is 
contraindicated with injectable  CAB [FDA(b) 2025] . 
Dolutegravir (DTG)  • Rifabutin:  No clinically significant interactions expected.  
• Rifampin:  CYP3A induction"
DTG,93,"ifapentine: Concomitant use is 
contraindicated with injectable  CAB [FDA(b) 2025] . 
Dolutegravir (DTG)  • Rifabutin:  No clinically significant interactions expected.  
• Rifampin:  CYP3A induction"
DTG,93,"ifapentine: Concomitant use is 
contraindicated with injectable  CAB [FDA(b) 2025] . 
Dolutegravir (DTG)  • Rifabutin:  No clinically significant interactions expected.  
• Rifampin:  CYP3A induction"
DTG,93,"ifapentine: Concomitant use is 
contraindicated with injectable  CAB [FDA(b) 2025] . 
Dolutegravir (DTG)  • Rifabutin:  No clinically significant interactions expected.  
• Rifampin:  CYP3A induction"
EVG,93,"ster with DTG 50  mg twice daily.  
• Rifapentine, once daily:  Do not coadminister. 
Elvitegravir (EVG), boosted  • Rifabutin:  CYP3A induction is expected to decrease EVG levels.  
• Rifampin, rifap"
EVG,93,"ster with DTG 50  mg twice daily.  
• Rifapentine, once daily:  Do not coadminister. 
Elvitegravir (EVG), boosted  • Rifabutin:  CYP3A induction is expected to decrease EVG levels.  
• Rifampin, rifap"
EVG,93,"ster with DTG 50  mg twice daily.  
• Rifapentine, once daily:  Do not coadminister. 
Elvitegravir (EVG), boosted  • Rifabutin:  CYP3A induction is expected to decrease EVG levels.  
• Rifampin, rifap"
EVG,93,"ster with DTG 50  mg twice daily.  
• Rifapentine, once daily:  Do not coadminister. 
Elvitegravir (EVG), boosted  • Rifabutin:  CYP3A induction is expected to decrease EVG levels.  
• Rifampin, rifap"
EVG,93,"ster with DTG 50  mg twice daily.  
• Rifapentine, once daily:  Do not coadminister. 
Elvitegravir (EVG), boosted  • Rifabutin:  CYP3A induction is expected to decrease EVG levels.  
• Rifampin, rifap"
RAL,94,"ethambutol [b], rifaximin [b] 
Class or Drug  Mechanism of Action  Clinical Comments  
Raltegravir (RAL)  • Rifabutin:  No clinically significant interactions are expected.  
• Rifampin:  CYP3A induct"
RAL,94,"ethambutol [b], rifaximin [b] 
Class or Drug  Mechanism of Action  Clinical Comments  
Raltegravir (RAL)  • Rifabutin:  No clinically significant interactions are expected.  
• Rifampin:  CYP3A induct"
RAL,94,"ethambutol [b], rifaximin [b] 
Class or Drug  Mechanism of Action  Clinical Comments  
Raltegravir (RAL)  • Rifabutin:  No clinically significant interactions are expected.  
• Rifampin:  CYP3A induct"
RAL,94,"ethambutol [b], rifaximin [b] 
Class or Drug  Mechanism of Action  Clinical Comments  
Raltegravir (RAL)  • Rifabutin:  No clinically significant interactions are expected.  
• Rifampin:  CYP3A induct"
RAL,94,"ethambutol [b], rifaximin [b] 
Class or Drug  Mechanism of Action  Clinical Comments  
Raltegravir (RAL)  • Rifabutin:  No clinically significant interactions are expected.  
• Rifampin:  CYP3A induct"
RAL,94,"ethambutol [b], rifaximin [b] 
Class or Drug  Mechanism of Action  Clinical Comments  
Raltegravir (RAL)  • Rifabutin:  No clinically significant interactions are expected.  
• Rifampin:  CYP3A induct"
RAL,94,"ethambutol [b], rifaximin [b] 
Class or Drug  Mechanism of Action  Clinical Comments  
Raltegravir (RAL)  • Rifabutin:  No clinically significant interactions are expected.  
• Rifampin:  CYP3A induct"
FTR,94,"adjustments are necessary.  
‒ Do not coadminister RAL with once -daily rifapentine.  
Fostemsavir (FTR) • Rifabutin:  Interaction is not expected.  
• Rifampin, rifapentine: CYP3A4 induction reduces"
FTR,94,"adjustments are necessary.  
‒ Do not coadminister RAL with once -daily rifapentine.  
Fostemsavir (FTR) • Rifabutin:  Interaction is not expected.  
• Rifampin, rifapentine: CYP3A4 induction reduces"
LEN,94,"No dose adjustments are necessary.  
• Rifampin, rifapentine:  Do not coadminister.  
Lenacapavir (LEN) for HIV 
treatment  Rifabutin, rifampin, rifapentine:  CYP3A4 and P -gP induction 
associated w"
LEN,94,"No dose adjustments are necessary.  
• Rifampin, rifapentine:  Do not coadminister.  
Lenacapavir (LEN) for HIV 
treatment  Rifabutin, rifampin, rifapentine:  CYP3A4 and P -gP induction 
associated w"
LEN,94,"No dose adjustments are necessary.  
• Rifampin, rifapentine:  Do not coadminister.  
Lenacapavir (LEN) for HIV 
treatment  Rifabutin, rifampin, rifapentine:  CYP3A4 and P -gP induction 
associated w"
LEN,94,"No dose adjustments are necessary.  
• Rifampin, rifapentine:  Do not coadminister.  
Lenacapavir (LEN) for HIV 
treatment  Rifabutin, rifampin, rifapentine:  CYP3A4 and P -gP induction 
associated w"
LEN,94,"No dose adjustments are necessary.  
• Rifampin, rifapentine:  Do not coadminister.  
Lenacapavir (LEN) for HIV 
treatment  Rifabutin, rifampin, rifapentine:  CYP3A4 and P -gP induction 
associated w"
LEN,94,"No dose adjustments are necessary.  
• Rifampin, rifapentine:  Do not coadminister.  
Lenacapavir (LEN) for HIV 
treatment  Rifabutin, rifampin, rifapentine:  CYP3A4 and P -gP induction 
associated w"
LEN,94,"No dose adjustments are necessary.  
• Rifampin, rifapentine:  Do not coadminister.  
Lenacapavir (LEN) for HIV 
treatment  Rifabutin, rifampin, rifapentine:  CYP3A4 and P -gP induction 
associated w"
COBI,94,"patient has stopped the 
inducer.  
Abbreviations:  ARV, antiretroviral; AUC, area under the curve; COBI, cobicistat; CYP, cytochrome P450; INSTI, integrase strand transfer inhibitor; P -gP, P -glycop"
RTV,94,"P450; INSTI, integrase strand transfer inhibitor; P -gP, P -glycoprotein; PI, protease 
inhibitor; RTV, ritonavir; TFV -DP, tenofovir -diphosphate; TB, tuberculosis; UGT, uridine diphosphate glucuron"
EFV,94,"has suggested that rifapentine combined with isoniazid may be safe and effective for patients using EFV (dose adjusted), RAL, or DTG, but additional studies are required 
before recommendations can be"
RAL,94,"ethambutol [b], rifaximin [b] 
Class or Drug  Mechanism of Action  Clinical Comments  
Raltegravir (RAL)  • Rifabutin:  No clinically significant interactions are expected.  
• Rifampin:  CYP3A induct"
DTG,94,"e combined with isoniazid may be safe and effective for patients using EFV (dose adjusted), RAL, or DTG, but additional studies are required 
before recommendations can be made about the use of this m"
BIC,94,"with hepatic encephalopathy or some forms of infectious diar rhea. 
c. The INSIGHT study evaluated BIC/TAF/FTC given twice daily with rifampin for managing TB and showed viral suppression rates simil"
TAF,94,"h hepatic encephalopathy or some forms of infectious diar rhea. 
c. The INSIGHT study evaluated BIC/TAF/FTC given twice daily with rifampin for managing TB and showed viral suppression rates similar t"
FTC,94,"patic encephalopathy or some forms of infectious diar rhea. 
c. The INSIGHT study evaluated BIC/TAF/FTC given twice daily with rifampin for managing TB and showed viral suppression rates similar to DT"
DTG,94,"e combined with isoniazid may be safe and effective for patients using EFV (dose adjusted), RAL, or DTG, but additional studies are required 
before recommendations can be made about the use of this m"
TDF,94,"h rifampin for managing TB and showed viral suppression rates similar to DTG given twice daily with TDF/3TC, with trough BIC C
min and AUC significantly reduced [Naidoo, et al. 2024]. Intracellular TF"
BIC,94,"with hepatic encephalopathy or some forms of infectious diar rhea. 
c. The INSIGHT study evaluated BIC/TAF/FTC given twice daily with rifampin for managing TB and showed viral suppression rates simil"
TDF,94,"h rifampin for managing TB and showed viral suppression rates similar to DTG given twice daily with TDF/3TC, with trough BIC C
min and AUC significantly reduced [Naidoo, et al. 2024]. Intracellular TF"
TAF,94,"h hepatic encephalopathy or some forms of infectious diar rhea. 
c. The INSIGHT study evaluated BIC/TAF/FTC given twice daily with rifampin for managing TB and showed viral suppression rates similar t"
BIC,94,"with hepatic encephalopathy or some forms of infectious diar rhea. 
c. The INSIGHT study evaluated BIC/TAF/FTC given twice daily with rifampin for managing TB and showed viral suppression rates simil"
TAF,94,"h hepatic encephalopathy or some forms of infectious diar rhea. 
c. The INSIGHT study evaluated BIC/TAF/FTC given twice daily with rifampin for managing TB and showed viral suppression rates similar t"
FTC,94,"patic encephalopathy or some forms of infectious diar rhea. 
c. The INSIGHT study evaluated BIC/TAF/FTC given twice daily with rifampin for managing TB and showed viral suppression rates similar to DT"
LEN,95,"e -daily INSTI 
alternatives are available for managing TB . 
d. For individuals using subcutaneous LEN every 6 months for HIV prevention. No guidance is currently available for (1) individuals using"
LEN,95,"e -daily INSTI 
alternatives are available for managing TB . 
d. For individuals using subcutaneous LEN every 6 months for HIV prevention. No guidance is currently available for (1) individuals using"
LEN,95,"e -daily INSTI 
alternatives are available for managing TB . 
d. For individuals using subcutaneous LEN every 6 months for HIV prevention. No guidance is currently available for (1) individuals using"
RTV,95,"emergency use authorizations [FDA(c) 2025; FDA(b) 2024] ) 
→ Molnupiravir, nirmatrelvir/ritonavir (RTV), monoclonal antibodies  
Class or Drug  Mechanism of Action  Clinical Comments  
• All NRTIs"
DOR,95,"al antibodies  
Class or Drug  Mechanism of Action  Clinical Comments  
• All NRTIs  
• Doravirine (DOR)  
• Etravirine (ETR)  
• Rilpivirine (RPV)  
• Cabotegravir (CAB)  
• Dolutegravir (DTG)  
• Ra"
ETR,95,"or Drug  Mechanism of Action  Clinical Comments  
• All NRTIs  
• Doravirine (DOR)  
• Etravirine (ETR)  
• Rilpivirine (RPV)  
• Cabotegravir (CAB)  
• Dolutegravir (DTG)  
• Raltegravir (RAL)  No c"
RPV,95,"Action  Clinical Comments  
• All NRTIs  
• Doravirine (DOR)  
• Etravirine (ETR)  
• Rilpivirine (RPV)  
• Cabotegravir (CAB)  
• Dolutegravir (DTG)  
• Raltegravir (RAL)  No clinically significant"
CAB,95,"nts  
• All NRTIs  
• Doravirine (DOR)  
• Etravirine (ETR)  
• Rilpivirine (RPV)  
• Cabotegravir (CAB)  
• Dolutegravir (DTG)  
• Raltegravir (RAL)  No clinically significant interactions expected."
DTG,95,"oravirine (DOR)  
• Etravirine (ETR)  
• Rilpivirine (RPV)  
• Cabotegravir (CAB)  
• Dolutegravir (DTG)  
• Raltegravir (RAL)  No clinically significant interactions expected.  No dose adjustments ar"
RAL,95,"ravirine (ETR)  
• Rilpivirine (RPV)  
• Cabotegravir (CAB)  
• Dolutegravir (DTG)  
• Raltegravir (RAL)  No clinically significant interactions expected.  No dose adjustments are necessary.  
• Efavi"
EFV,95,"No clinically significant interactions expected.  No dose adjustments are necessary.  
• Efavirenz (EFV)  
• Nevirapine (NVP)  
• Bictegravir (BIC)  
• Fostemsavir (FTR) 
• Maraviroc (MRV)  • Molnupir"
BIC,95,"cted.  No dose adjustments are necessary.  
• Efavirenz (EFV)  
• Nevirapine (NVP)  
• Bictegravir (BIC)  
• Fostemsavir (FTR) 
• Maraviroc (MRV)  • Molnupiravir and monoclonal antibodies  do not affe"
FTR,95,"ents are necessary.  
• Efavirenz (EFV)  
• Nevirapine (NVP)  
• Bictegravir (BIC)  
• Fostemsavir (FTR) 
• Maraviroc (MRV)  • Molnupiravir and monoclonal antibodies  do not affect 
CYP450, P -gP, or"
RTV,95,"emergency use authorizations [FDA(c) 2025; FDA(b) 2024] ) 
→ Molnupiravir, nirmatrelvir/ritonavir (RTV), monoclonal antibodies  
Class or Drug  Mechanism of Action  Clinical Comments  
• All NRTIs"
RTV,95,"emergency use authorizations [FDA(c) 2025; FDA(b) 2024] ) 
→ Molnupiravir, nirmatrelvir/ritonavir (RTV), monoclonal antibodies  
Class or Drug  Mechanism of Action  Clinical Comments  
• All NRTIs"
RTV,95,"emergency use authorizations [FDA(c) 2025; FDA(b) 2024] ) 
→ Molnupiravir, nirmatrelvir/ritonavir (RTV), monoclonal antibodies  
Class or Drug  Mechanism of Action  Clinical Comments  
• All NRTIs"
RTV,95,"emergency use authorizations [FDA(c) 2025; FDA(b) 2024] ) 
→ Molnupiravir, nirmatrelvir/ritonavir (RTV), monoclonal antibodies  
Class or Drug  Mechanism of Action  Clinical Comments  
• All NRTIs"
RTV,95,"emergency use authorizations [FDA(c) 2025; FDA(b) 2024] ) 
→ Molnupiravir, nirmatrelvir/ritonavir (RTV), monoclonal antibodies  
Class or Drug  Mechanism of Action  Clinical Comments  
• All NRTIs"
COBI,95,"monoclonal antibodies: Drug interactions are 
unlikely.  
• Nirmatrelvir/RTV: Patients on RTV - or COBI -containing 
regimens should continue treatment for COVID- 19 and HIV as 
indicated without adj"
EVG,95,"s 
indicated without adjustment. Monitor for increased PI -related 
adverse effects. 
Elvitegravir (EVG), boosted  • Molnupiravir and monoclonal antibodies  do not affect 
CYP450, P -gP, or other drug"
RTV,95,"emergency use authorizations [FDA(c) 2025; FDA(b) 2024] ) 
→ Molnupiravir, nirmatrelvir/ritonavir (RTV), monoclonal antibodies  
Class or Drug  Mechanism of Action  Clinical Comments  
• All NRTIs"
RTV,95,"emergency use authorizations [FDA(c) 2025; FDA(b) 2024] ) 
→ Molnupiravir, nirmatrelvir/ritonavir (RTV), monoclonal antibodies  
Class or Drug  Mechanism of Action  Clinical Comments  
• All NRTIs"
RTV,95,"emergency use authorizations [FDA(c) 2025; FDA(b) 2024] ) 
→ Molnupiravir, nirmatrelvir/ritonavir (RTV), monoclonal antibodies  
Class or Drug  Mechanism of Action  Clinical Comments  
• All NRTIs"
COBI,95,"monoclonal antibodies: Drug interactions are 
unlikely.  
• Nirmatrelvir/RTV: Patients on RTV - or COBI -containing 
regimens should continue treatment for COVID- 19 and HIV as 
indicated without adj"
EVG,95,"s 
indicated without adjustment. Monitor for increased PI -related 
adverse effects. 
Elvitegravir (EVG), boosted  • Molnupiravir and monoclonal antibodies  do not affect 
CYP450, P -gP, or other drug"
COBI,95,"monoclonal antibodies: Drug interactions are 
unlikely.  
• Nirmatrelvir/RTV: Patients on RTV - or COBI -containing 
regimens should continue treatment for COVID- 19 and HIV as 
indicated without adj"
BIC,96,", cidofovir, brincidofovir  
Class or Drug  Mechanism of Action  Clinical Comments  
• Bictegravir (BIC)  
• Cabotegravir (CAB), IM or 
oral 
• Dolutegravir (DTG)  
• Raltegravir (RAL)  No clinically"
CAB,96,"vir  
Class or Drug  Mechanism of Action  Clinical Comments  
• Bictegravir (BIC)  
• Cabotegravir (CAB), IM or 
oral 
• Dolutegravir (DTG)  
• Raltegravir (RAL)  No clinically significant interaction"
DTG,96,"ction  Clinical Comments  
• Bictegravir (BIC)  
• Cabotegravir (CAB), IM or 
oral 
• Dolutegravir (DTG)  
• Raltegravir (RAL)  No clinically significant interactions expected.  No dose adjustments ar"
RAL,96,"ts  
• Bictegravir (BIC)  
• Cabotegravir (CAB), IM or 
oral 
• Dolutegravir (DTG)  
• Raltegravir (RAL)  No clinically significant interactions expected.  No dose adjustments are necessary.  
All NRT"
TAF,96,"on by OAT1 and OAT3.  • Cidofovir: Avoid coadministration with nephrotoxic agents. 
Consider use of TAF in place of TDF and monitor for renal -
related adverse effects. 
• Brincidofovir, tecovirimat,"
TDF,96,"AT3.  • Cidofovir: Avoid coadministration with nephrotoxic agents. 
Consider use of TAF in place of TDF and monitor for renal -
related adverse effects. 
• Brincidofovir, tecovirimat,  VIGIV:  Drug in"
EVG,96,"n either drug is 
necessary.  
• Cidofovir, VIGIV:  Drug interactions are unlikely.  
Elvitegravir (EVG), boosted  • Brincidofovir  is a substrate for OATP1B1 and OATP1B3.  
• Tecovirimat is weak indu"
EVG,96,"n either drug is 
necessary.  
• Cidofovir, VIGIV:  Drug interactions are unlikely.  
Elvitegravir (EVG), boosted  • Brincidofovir  is a substrate for OATP1B1 and OATP1B3.  
• Tecovirimat is weak indu"
COBI,96,"er of CYP3A and weak inhibitor of 
CYP2C8 and CYP2C19.  • Brincidofovir:  Coadministration with EVG/COBI will likely 
increase brincidofovir levels. Consider avoiding concurrent 
EVG/COBI if possible."
EVG,96,"n either drug is 
necessary.  
• Cidofovir, VIGIV:  Drug interactions are unlikely.  
Elvitegravir (EVG), boosted  • Brincidofovir  is a substrate for OATP1B1 and OATP1B3.  
• Tecovirimat is weak indu"
COBI,96,"er of CYP3A and weak inhibitor of 
CYP2C8 and CYP2C19.  • Brincidofovir:  Coadministration with EVG/COBI will likely 
increase brincidofovir levels. Consider avoiding concurrent 
EVG/COBI if possible."
EVG,96,"n either drug is 
necessary.  
• Cidofovir, VIGIV:  Drug interactions are unlikely.  
Elvitegravir (EVG), boosted  • Brincidofovir  is a substrate for OATP1B1 and OATP1B3.  
• Tecovirimat is weak indu"
COBI,96,"er of CYP3A and weak inhibitor of 
CYP2C8 and CYP2C19.  • Brincidofovir:  Coadministration with EVG/COBI will likely 
increase brincidofovir levels. Consider avoiding concurrent 
EVG/COBI if possible."
EVG,96,"n either drug is 
necessary.  
• Cidofovir, VIGIV:  Drug interactions are unlikely.  
Elvitegravir (EVG), boosted  • Brincidofovir  is a substrate for OATP1B1 and OATP1B3.  
• Tecovirimat is weak indu"
COBI,96,"er of CYP3A and weak inhibitor of 
CYP2C8 and CYP2C19.  • Brincidofovir:  Coadministration with EVG/COBI will likely 
increase brincidofovir levels. Consider avoiding concurrent 
EVG/COBI if possible."
EVG,96,"n either drug is 
necessary.  
• Cidofovir, VIGIV:  Drug interactions are unlikely.  
Elvitegravir (EVG), boosted  • Brincidofovir  is a substrate for OATP1B1 and OATP1B3.  
• Tecovirimat is weak indu"
COBI,96,"er of CYP3A and weak inhibitor of 
CYP2C8 and CYP2C19.  • Brincidofovir:  Coadministration with EVG/COBI will likely 
increase brincidofovir levels. Consider avoiding concurrent 
EVG/COBI if possible."
FTR,97,"V), cidofovir, brincidofovir  
Class or Drug  Mechanism of Action  Clinical Comments  
Fostemsavir (FTR) • Brincidofovir  is a substrate for OATP1B1 and OATP1B3.  
• Tecovirimat is a weak inducer of C"
FTR,97,"V), cidofovir, brincidofovir  
Class or Drug  Mechanism of Action  Clinical Comments  
Fostemsavir (FTR) • Brincidofovir  is a substrate for OATP1B1 and OATP1B3.  
• Tecovirimat is a weak inducer of C"
FTR,97,"V), cidofovir, brincidofovir  
Class or Drug  Mechanism of Action  Clinical Comments  
Fostemsavir (FTR) • Brincidofovir  is a substrate for OATP1B1 and OATP1B3.  
• Tecovirimat is a weak inducer of C"
FTR,97,"V), cidofovir, brincidofovir  
Class or Drug  Mechanism of Action  Clinical Comments  
Fostemsavir (FTR) • Brincidofovir  is a substrate for OATP1B1 and OATP1B3.  
• Tecovirimat is a weak inducer of C"
MVC,97,"ot 
likely to be clinically relevant. No dose adjustment in either 
drug is necessary.  
Maraviroc (MVC)  Tecovirimat  is a weak inducer of CYP3A and a weak inhibitor of 
CYP2C8 and CYP2C19.  Tecoviri"
MVC,97,"ot 
likely to be clinically relevant. No dose adjustment in either 
drug is necessary.  
Maraviroc (MVC)  Tecovirimat  is a weak inducer of CYP3A and a weak inhibitor of 
CYP2C8 and CYP2C19.  Tecoviri"
COBI,97,":  ARV, antiretroviral; AUC, area under the curve; CDC, Centers for Disease Control and Prevention; COBI, cobicistat; CYP, cytochrome P450; GI, gastrointestinal; IM, 
intramuscular; LFT, liver functio"
RPV,97,"the 
following dosing change recommendations, although they are not based on any clinical data: 
‒ RPV:  Increase dose to 50  mg daily for the duration of tecovirimat treatment and for 2 weeks after"
MVC,97,"ot 
likely to be clinically relevant. No dose adjustment in either 
drug is necessary.  
Maraviroc (MVC)  Tecovirimat  is a weak inducer of CYP3A and a weak inhibitor of 
CYP2C8 and CYP2C19.  Tecoviri"
MVC,97,"ot 
likely to be clinically relevant. No dose adjustment in either 
drug is necessary.  
Maraviroc (MVC)  Tecovirimat  is a weak inducer of CYP3A and a weak inhibitor of 
CYP2C8 and CYP2C19.  Tecoviri"
DOR,97,"hibitor, MVC should be dosed at 150 mg twice 
daily for the duration of concurrent tecovirimat.  
‒ DOR: Increase dose to 100  mg twice daily for the duration of tecovirimat treatment and for 2 weeks"
FTR,97,"V), cidofovir, brincidofovir  
Class or Drug  Mechanism of Action  Clinical Comments  
Fostemsavir (FTR) • Brincidofovir  is a substrate for OATP1B1 and OATP1B3.  
• Tecovirimat is a weak inducer of C"
MVC,97,"ot 
likely to be clinically relevant. No dose adjustment in either 
drug is necessary.  
Maraviroc (MVC)  Tecovirimat  is a weak inducer of CYP3A and a weak inhibitor of 
CYP2C8 and CYP2C19.  Tecoviri"
LEN,97,"g  Mechanism of Action  Clinical Comments  
• Fostemsavir (FTR) 
• Maraviroc (MVC)  
• Lenacapavir (LEN)  No clinically significant interactions expected.  No dose adjustments are necessary."
COBI,98,"spironolactone, testosterone  
Class or Drug  Mechanism of Action  Clinical Comments  
Cobicistat (COBI)  • Estradiol: COBI -boosted PIs and EVG/COBI may increase 
estradiol levels via CYP3A inhibiti"
COBI,98,"spironolactone, testosterone  
Class or Drug  Mechanism of Action  Clinical Comments  
Cobicistat (COBI)  • Estradiol: COBI -boosted PIs and EVG/COBI may increase 
estradiol levels via CYP3A inhibiti"
EVG,98,"rug  Mechanism of Action  Clinical Comments  
Cobicistat (COBI)  • Estradiol: COBI -boosted PIs and EVG/COBI may increase 
estradiol levels via CYP3A inhibition.  
• Finasteride, dutasteride:  COBI -b"
COBI,98,"spironolactone, testosterone  
Class or Drug  Mechanism of Action  Clinical Comments  
Cobicistat (COBI)  • Estradiol: COBI -boosted PIs and EVG/COBI may increase 
estradiol levels via CYP3A inhibiti"
COBI,98,"spironolactone, testosterone  
Class or Drug  Mechanism of Action  Clinical Comments  
Cobicistat (COBI)  • Estradiol: COBI -boosted PIs and EVG/COBI may increase 
estradiol levels via CYP3A inhibiti"
EVG,98,"rug  Mechanism of Action  Clinical Comments  
Cobicistat (COBI)  • Estradiol: COBI -boosted PIs and EVG/COBI may increase 
estradiol levels via CYP3A inhibition.  
• Finasteride, dutasteride:  COBI -b"
COBI,98,"spironolactone, testosterone  
Class or Drug  Mechanism of Action  Clinical Comments  
Cobicistat (COBI)  • Estradiol: COBI -boosted PIs and EVG/COBI may increase 
estradiol levels via CYP3A inhibiti"
COBI,98,"spironolactone, testosterone  
Class or Drug  Mechanism of Action  Clinical Comments  
Cobicistat (COBI)  • Estradiol: COBI -boosted PIs and EVG/COBI may increase 
estradiol levels via CYP3A inhibiti"
EVG,98,"rug  Mechanism of Action  Clinical Comments  
Cobicistat (COBI)  • Estradiol: COBI -boosted PIs and EVG/COBI may increase 
estradiol levels via CYP3A inhibition.  
• Finasteride, dutasteride:  COBI -b"
COBI,98,"spironolactone, testosterone  
Class or Drug  Mechanism of Action  Clinical Comments  
Cobicistat (COBI)  • Estradiol: COBI -boosted PIs and EVG/COBI may increase 
estradiol levels via CYP3A inhibiti"
COBI,98,"spironolactone, testosterone  
Class or Drug  Mechanism of Action  Clinical Comments  
Cobicistat (COBI)  • Estradiol: COBI -boosted PIs and EVG/COBI may increase 
estradiol levels via CYP3A inhibiti"
EVG,98,"rug  Mechanism of Action  Clinical Comments  
Cobicistat (COBI)  • Estradiol: COBI -boosted PIs and EVG/COBI may increase 
estradiol levels via CYP3A inhibition.  
• Finasteride, dutasteride:  COBI -b"
COBI,98,"spironolactone, testosterone  
Class or Drug  Mechanism of Action  Clinical Comments  
Cobicistat (COBI)  • Estradiol: COBI -boosted PIs and EVG/COBI may increase 
estradiol levels via CYP3A inhibiti"
COBI,98,"spironolactone, testosterone  
Class or Drug  Mechanism of Action  Clinical Comments  
Cobicistat (COBI)  • Estradiol: COBI -boosted PIs and EVG/COBI may increase 
estradiol levels via CYP3A inhibiti"
DOR,98,"pironolactone, bicalutamide, leuprolide, goserelin:  Drug 
interactions are unlikely.  
Doravirine (DOR)  Estradiol , dutasteride, finasteride, progestins ( oral 
medroxyprogesterone, micronized proge"
EFV,98,"progesterone, micronized progesterone ), testosterone:  
No interactions expected.  N/A 
Efavirenz (EFV)  • Estradiol: EFV may reduce estradiol levels via CYP3A induction.  
• Finasteride, dutasteride"
EFV,98,"progesterone, micronized progesterone ), testosterone:  
No interactions expected.  N/A 
Efavirenz (EFV)  • Estradiol: EFV may reduce estradiol levels via CYP3A induction.  
• Finasteride, dutasteride"
EFV,98,"progesterone, micronized progesterone ), testosterone:  
No interactions expected.  N/A 
Efavirenz (EFV)  • Estradiol: EFV may reduce estradiol levels via CYP3A induction.  
• Finasteride, dutasteride"
EFV,98,"progesterone, micronized progesterone ), testosterone:  
No interactions expected.  N/A 
Efavirenz (EFV)  • Estradiol: EFV may reduce estradiol levels via CYP3A induction.  
• Finasteride, dutasteride"
EFV,98,"progesterone, micronized progesterone ), testosterone:  
No interactions expected.  N/A 
Efavirenz (EFV)  • Estradiol: EFV may reduce estradiol levels via CYP3A induction.  
• Finasteride, dutasteride"
ETR,98,"pironolactone, bicalutamide, leuprolide, goserelin:  Drug 
interactions are unlikely.  
Etravirine (ETR)  • Estradiol: ETR may reduce estradiol levels via CYP3A induction.  
• Finasteride, dutasteride"
ETR,98,"pironolactone, bicalutamide, leuprolide, goserelin:  Drug 
interactions are unlikely.  
Etravirine (ETR)  • Estradiol: ETR may reduce estradiol levels via CYP3A induction.  
• Finasteride, dutasteride"
ETR,98,"pironolactone, bicalutamide, leuprolide, goserelin:  Drug 
interactions are unlikely.  
Etravirine (ETR)  • Estradiol: ETR may reduce estradiol levels via CYP3A induction.  
• Finasteride, dutasteride"
ETR,98,"pironolactone, bicalutamide, leuprolide, goserelin:  Drug 
interactions are unlikely.  
Etravirine (ETR)  • Estradiol: ETR may reduce estradiol levels via CYP3A induction.  
• Finasteride, dutasteride"
ETR,98,"pironolactone, bicalutamide, leuprolide, goserelin:  Drug 
interactions are unlikely.  
Etravirine (ETR)  • Estradiol: ETR may reduce estradiol levels via CYP3A induction.  
• Finasteride, dutasteride"
RPV,99,"ronolactone, bicalutamide, leuprolide, goserelin: Drug 
interactions are unlikely.  
• Rilpivirine (RPV)  
• INSTIs, non- boosted  
• NRTIs, non- boosted  Estradiol, dutasteride, finasteride, progesti"
RTV,99,"xyprogesterone, micronized progesterone), testosterone: 
No interactions expected.  N/A 
Ritonavir (RTV)  • Estradiol: RTV may reduce estradiol levels via CYP1A2 
induction; RTV may increase estradiol"
RTV,99,"xyprogesterone, micronized progesterone), testosterone: 
No interactions expected.  N/A 
Ritonavir (RTV)  • Estradiol: RTV may reduce estradiol levels via CYP1A2 
induction; RTV may increase estradiol"
RTV,99,"xyprogesterone, micronized progesterone), testosterone: 
No interactions expected.  N/A 
Ritonavir (RTV)  • Estradiol: RTV may reduce estradiol levels via CYP1A2 
induction; RTV may increase estradiol"
RTV,99,"xyprogesterone, micronized progesterone), testosterone: 
No interactions expected.  N/A 
Ritonavir (RTV)  • Estradiol: RTV may reduce estradiol levels via CYP1A2 
induction; RTV may increase estradiol"
RTV,99,"xyprogesterone, micronized progesterone), testosterone: 
No interactions expected.  N/A 
Ritonavir (RTV)  • Estradiol: RTV may reduce estradiol levels via CYP1A2 
induction; RTV may increase estradiol"
RTV,99,"xyprogesterone, micronized progesterone), testosterone: 
No interactions expected.  N/A 
Ritonavir (RTV)  • Estradiol: RTV may reduce estradiol levels via CYP1A2 
induction; RTV may increase estradiol"
RTV,99,"xyprogesterone, micronized progesterone), testosterone: 
No interactions expected.  N/A 
Ritonavir (RTV)  • Estradiol: RTV may reduce estradiol levels via CYP1A2 
induction; RTV may increase estradiol"
BIC,100,"bing information) 
Class or Drug  Mechanism of Action  Clinical Comments  
• NRTIs  
• Bictegravir (BIC)  
• Cabotegravir (CAB)  
• Dolutegravir (DTG)  
• Raltegravir (RAL)  
• Fostemsavir (FTR) 
• Ma"
CAB,100,"s or Drug  Mechanism of Action  Clinical Comments  
• NRTIs  
• Bictegravir (BIC)  
• Cabotegravir (CAB)  
• Dolutegravir (DTG)  
• Raltegravir (RAL)  
• Fostemsavir (FTR) 
• Maraviroc (MVC)  No clini"
DTG,100,"Action  Clinical Comments  
• NRTIs  
• Bictegravir (BIC)  
• Cabotegravir (CAB)  
• Dolutegravir (DTG)  
• Raltegravir (RAL)  
• Fostemsavir (FTR) 
• Maraviroc (MVC)  No clinically significant inter"
RAL,100,"ents  
• NRTIs  
• Bictegravir (BIC)  
• Cabotegravir (CAB)  
• Dolutegravir (DTG)  
• Raltegravir (RAL)  
• Fostemsavir (FTR) 
• Maraviroc (MVC)  No clinically significant interactions expected.  No"
FTR,100,"tegravir (BIC)  
• Cabotegravir (CAB)  
• Dolutegravir (DTG)  
• Raltegravir (RAL)  
• Fostemsavir (FTR) 
• Maraviroc (MVC)  No clinically significant interactions expected.  No dose adjustments are n"
MVC,100,"Cabotegravir (CAB)  
• Dolutegravir (DTG)  
• Raltegravir (RAL)  
• Fostemsavir (FTR) 
• Maraviroc (MVC)  No clinically significant interactions expected.  No dose adjustments are necessary.  
Boosted"
RTV,100,"phetamine, dextroamphetamine:  
CYP2D6 inhibition may increase drug concentrations with 
concurrent RTV use. 
• Modafinil:  CYP3A4 induction may reduce PI levels. 
• Lithium: No significant interactio"
RTV,100,"phetamine, dextroamphetamine:  
CYP2D6 inhibition may increase drug concentrations with 
concurrent RTV use. 
• Modafinil:  CYP3A4 induction may reduce PI levels. 
• Lithium: No significant interactio"
COBI,100,"concurrently 
with RTV and other serotonergic medications; interaction may be less significant with COBI. Consider using lower initial dose  
and monitor for serotonin syndrome.  
• Modafinil:  Avoid"
EVG,100,"ss of 
virologic response.  
• Lithium:  No dose adjustments are necessary.  
Boosted Elvitegravir (EVG) • Methylphenidate, amphetamine, dextroamphetamine:  
CYP2D6 inhibition may increase drug concen"
RTV,100,"phetamine, dextroamphetamine:  
CYP2D6 inhibition may increase drug concentrations with 
concurrent RTV use. 
• Modafinil:  CYP3A4 induction may reduce PI levels. 
• Lithium: No significant interactio"
COBI,100,"concurrently 
with RTV and other serotonergic medications; interaction may be less significant with COBI. Consider using lower initial dose  
and monitor for serotonin syndrome.  
• Modafinil:  Avoid"
EVG,100,"ss of 
virologic response.  
• Lithium:  No dose adjustments are necessary.  
Boosted Elvitegravir (EVG) • Methylphenidate, amphetamine, dextroamphetamine:  
CYP2D6 inhibition may increase drug concen"
COBI,100,"concurrently 
with RTV and other serotonergic medications; interaction may be less significant with COBI. Consider using lower initial dose  
and monitor for serotonin syndrome.  
• Modafinil:  Avoid"
RTV,100,"phetamine, dextroamphetamine:  
CYP2D6 inhibition may increase drug concentrations with 
concurrent RTV use. 
• Modafinil:  CYP3A4 induction may reduce PI levels. 
• Lithium: No significant interactio"
COBI,100,"concurrently 
with RTV and other serotonergic medications; interaction may be less significant with COBI. Consider using lower initial dose  
and monitor for serotonin syndrome.  
• Modafinil:  Avoid"
DOR,100,"ntial loss of 
virologic response.  
• Lithium:  No dose adjustments are necessary.  
• Doravirine (DOR)  
• Rilpivirine (RPV)  
• Efavirenz (EFV)  
• Etravirine (ETR)  • Modafinil:  CYP3A4 induction"
RPV,100,"ic response.  
• Lithium:  No dose adjustments are necessary.  
• Doravirine (DOR)  
• Rilpivirine (RPV)  
• Efavirenz (EFV)  
• Etravirine (ETR)  • Modafinil:  CYP3A4 induction may reduce NNRTI level"
EFV,100,"hium:  No dose adjustments are necessary.  
• Doravirine (DOR)  
• Rilpivirine (RPV)  
• Efavirenz (EFV)  
• Etravirine (ETR)  • Modafinil:  CYP3A4 induction may reduce NNRTI levels.  
• Lithium:  No"
ETR,100,"ments are necessary.  
• Doravirine (DOR)  
• Rilpivirine (RPV)  
• Efavirenz (EFV)  
• Etravirine (ETR)  • Modafinil:  CYP3A4 induction may reduce NNRTI levels.  
• Lithium:  No significant interacti"
COBI,100,"concurrently 
with RTV and other serotonergic medications; interaction may be less significant with COBI. Consider using lower initial dose  
and monitor for serotonin syndrome.  
• Modafinil:  Avoid"
RTV,100,"phetamine, dextroamphetamine:  
CYP2D6 inhibition may increase drug concentrations with 
concurrent RTV use. 
• Modafinil:  CYP3A4 induction may reduce PI levels. 
• Lithium: No significant interactio"
BIC,102,".gov/24375014  
Custodio J, West S, Yu A, et al. Lack of clinically relevant effect of bictegravir (BIC, B) on metformin (MET) pharmacokineti cs 
(PK) and pharmacodynamics (PD). Open Forum Infect Dis"
BIC,105,"med.ncbi.nlm.nih.gov/23876341  
Naidoo A, Naidoo K, Letsoalo MP, et al. Efficacy, safety, and PK of BIC/FTC/TAF in adults with HIV and tuberculosis on 
rifampicin at week 24. Abstract 211. CROI; 2024"
FTC,105,"ncbi.nlm.nih.gov/23876341  
Naidoo A, Naidoo K, Letsoalo MP, et al. Efficacy, safety, and PK of BIC/FTC/TAF in adults with HIV and tuberculosis on 
rifampicin at week 24. Abstract 211. CROI; 2024 Mar"
TAF,105,".nlm.nih.gov/23876341  
Naidoo A, Naidoo K, Letsoalo MP, et al. Efficacy, safety, and PK of BIC/FTC/TAF in adults with HIV and tuberculosis on 
rifampicin at week 24. Abstract 211. CROI; 2024 Mar 3- 6"
TAF,105,".nlm.nih.gov/23876341  
Naidoo A, Naidoo K, Letsoalo MP, et al. Efficacy, safety, and PK of BIC/FTC/TAF in adults with HIV and tuberculosis on 
rifampicin at week 24. Abstract 211. CROI; 2024 Mar 3- 6"
BIC,105,"med.ncbi.nlm.nih.gov/23876341  
Naidoo A, Naidoo K, Letsoalo MP, et al. Efficacy, safety, and PK of BIC/FTC/TAF in adults with HIV and tuberculosis on 
rifampicin at week 24. Abstract 211. CROI; 2024"
FTC,105,"ncbi.nlm.nih.gov/23876341  
Naidoo A, Naidoo K, Letsoalo MP, et al. Efficacy, safety, and PK of BIC/FTC/TAF in adults with HIV and tuberculosis on 
rifampicin at week 24. Abstract 211. CROI; 2024 Mar"
TAF,105,".nlm.nih.gov/23876341  
Naidoo A, Naidoo K, Letsoalo MP, et al. Efficacy, safety, and PK of BIC/FTC/TAF in adults with HIV and tuberculosis on 
rifampicin at week 24. Abstract 211. CROI; 2024 Mar 3- 6"
